Id,Fecha,Estación,Tipo_Combustible,Litros_Vendidos,Precio_Unitario,Total_Venta,Tipo_Vehículo,Monto_Pagado,Método_Pago,Placa_Vehículo,Hora_Venta,Cliente_Frecuente
1,01-01-24,TEISA 1,Súper,15.31,3.1,47.46,Bus,47.46,Tarjeta,KLM-4321,17.0:13,No
2,01-01-24,TEISA 1,Diésel,72.14,1.8,129.85,Bus,129.86,Tarjeta,Unidad 303,18.0:26,Sí
3,01-01-24,TEISA 1,Súper,32.93,3.1,102.08,Bus,102.08,Efectivo,Unidad 202,19.0:47,Sí
4,01-01-24,TEISA 2,Diésel,40.91,1.8,73.64,SUV,73.63,Transferencia,XYZ-5678,18.0:57,No
5,01-01-24,TEISA 1,Diésel,16.1,1.8,28.98,Camioneta,28.98,Efectivo,KLM-4321,5.0:21,Sí
6,01-01-24,TEISA 1,Diésel,36.28,1.8,65.3,SUV,65.3,Transferencia,KLM-4321,14.0:41,No
7,01-01-24,TEISA 1,Súper,42.87,3.1,132.9,Bus,132.89,Tarjeta,Unidad 404,0.0:22,Sí
8,01-01-24,TEISA 1,Extra,78.33,2.4,187.99,Bus,187.99,Tarjeta,Unidad 101,5.0000000,Sí
9,01-02-24,TEISA 1,Súper,16.34,3.1,50.65,Camioneta,50.65,Efectivo,KLM-4321,6.0:46,Sí
10,01-02-24,TEISA 1,Súper,61.08,3.1,189.35,Bus,189.36,Tarjeta,Unidad 202,17.0:42,Sí
11,01-02-24,TEISA 1,Extra,23.06,2.4,55.34,SUV,55.35,Efectivo,TUV-8765,18.0000000,Sí
12,01-02-24,TEISA 1,Diésel,22.17,1.8,39.91,Camioneta,39.9,Efectivo,ABC-1234,20.0000000,No
13,01-02-24,TEISA 1,Súper,58.21,3.1,180.45,Bus,180.46,Efectivo,Unidad 101,5.0:19,Sí
14,01-02-24,TEISA 1,Súper,20.27,3.1,62.84,Motocicleta,62.84,Tarjeta,KLM-4321,13.0:29,Sí
15,01-02-24,TEISA 2,Extra,5.36,2.4,12.86,Camioneta,12.87,Efectivo,KLM-4321,19.0:47,Sí
16,01-03-24,TEISA 1,Diésel,39.54,1.8,71.17,Bus,71.17,Transferencia,KLM-4321,19.000007,Sí
17,01-03-24,TEISA 2,Extra,7.49,2.4,17.98,Camioneta,17.97,Efectivo,XYZ-5678,21.0:39,Sí
18,01-03-24,TEISA 1,Extra,74.52,2.4,178.85,Bus,178.84,Tarjeta,Unidad 202,6.000003,Sí
19,01-03-24,TEISA 1,Extra,53.45,2.4,128.28,Bus,128.29,Efectivo,Unidad 404,7.000006,Sí
20,01-03-24,TEISA 2,Extra,46.11,2.4,110.66,Bus,110.66,Efectivo,Unidad 303,8.0:53,Sí
21,01-03-24,TEISA 1,Diésel,64.35,1.8,115.83,Bus,115.83,Transferencia,Unidad 101,7.0:38,Sí
22,01-03-24,TEISA 1,Diésel,99.67,1.8,179.41,Bus,179.4,Tarjeta,Unidad 202,5.0:49,Sí
23,01-03-24,TEISA 1,Súper,50.33,3.1,156.02,Bus,156.03,Tarjeta,Unidad 202,16.000005,Sí
24,01-04-24,TEISA 1,Extra,7.68,2.4,18.43,Motocicleta,18.44,Efectivo,KLM-4321,16.0:13,No
25,01-04-24,TEISA 1,Extra,51.8,2.4,124.32,Bus,124.31,Transferencia,Unidad 303,18.000005,Sí
26,01-04-24,TEISA 1,Extra,61.11,2.4,146.66,Bus,146.67,Tarjeta,Unidad 101,14.000006,Sí
27,01-04-24,TEISA 1,Diésel,42.49,1.8,76.48,Camioneta,76.48,Efectivo,TUV-8765,9.0:49,Sí
28,01-04-24,TEISA 2,Diésel,20.36,1.8,36.65,Sedán,36.64,Efectivo,TUV-8765,0.0:22,Sí
29,01-05-24,TEISA 1,Extra,6.35,2.4,15.24,Camioneta,15.24,Efectivo,ABC-1234,17.0:25,No
30,01-05-24,TEISA 1,Súper,5.76,3.1,17.86,SUV,17.86,Efectivo,TUV-8765,0.0:22,Sí
31,01-05-24,TEISA 1,Diésel,41.68,1.8,75.02,Sedán,75.03,Tarjeta,TUV-8765,17.0:26,Sí
32,01-05-24,TEISA 1,Extra,25.62,2.4,61.49,Bus,61.5,Efectivo,ABC-1234,15.0:21,No
33,01-05-24,TEISA 1,Diésel,15.36,1.8,27.65,Bus,27.65,Efectivo,TUV-8765,8.0:17,No
34,01-06-24,TEISA 1,Diésel,61.53,1.8,110.75,Bus,110.75,Tarjeta,Unidad 101,17.0:28,Sí
35,01-06-24,TEISA 1,Extra,43.07,2.4,103.37,Bus,103.36,Tarjeta,Unidad 303,14.0:32,Sí
36,01-06-24,TEISA 1,Diésel,7.09,1.8,12.76,Bus,12.77,Transferencia,XYZ-5678,19.0:37,Sí
37,01-06-24,TEISA 2,Diésel,65.32,1.8,117.58,Bus,117.57,Tarjeta,Unidad 404,18.0:15,Sí
38,01-06-24,TEISA 1,Súper,19.3,3.1,59.83,SUV,59.82,Tarjeta,XYZ-5678,6.0:49,Sí
39,01-07-24,TEISA 1,Diésel,58.21,1.8,104.78,Bus,104.78,Transferencia,Unidad 303,5.0:17,Sí
40,01-07-24,TEISA 1,Súper,36.88,3.1,114.33,Bus,114.33,Transferencia,Unidad 101,9.0000000,Sí
41,01-07-24,TEISA 1,Diésel,38.13,1.8,68.63,Camioneta,68.63,Efectivo,TUV-8765,16.0000000,No
42,01-07-24,TEISA 1,Súper,18.06,3.1,55.99,Motocicleta,56.0,Tarjeta,XYZ-5678,12.0:12,Sí
43,01-08-24,TEISA 1,Súper,9.55,3.1,29.61,Motocicleta,29.62,Transferencia,KLM-4321,19.0000000,Sí
44,01-08-24,TEISA 1,Extra,14.76,2.4,35.42,Bus,35.42,Tarjeta,ABC-1234,16.0:32,No
45,01-08-24,TEISA 1,Súper,15.78,3.1,48.92,SUV,48.93,Tarjeta,XYZ-5678,16.0:26,Sí
46,01-08-24,TEISA 1,Súper,33.72,3.1,104.53,Bus,104.53,Tarjeta,Unidad 101,12.0:51,Sí
47,01-08-24,TEISA 2,Diésel,6.91,1.8,12.44,Motocicleta,12.43,Tarjeta,ABC-1234,18.0:57,No
48,01-09-24,TEISA 1,Extra,30.66,2.4,73.58,Motocicleta,73.59,Efectivo,XYZ-5678,20.0:56,No
49,01-09-24,TEISA 1,Diésel,8.11,1.8,14.6,Sedán,14.6,Tarjeta,XYZ-5678,17.0:42,Sí
50,01-09-24,TEISA 1,Súper,48.89,3.1,151.56,Bus,151.55,Transferencia,Unidad 303,12.0:21,Sí
51,01-09-24,TEISA 1,Súper,4.18,3.1,12.96,Camioneta,12.95,Tarjeta,XYZ-5678,13.0:34,No
52,01-09-24,TEISA 2,Extra,79.22,2.4,190.13,Bus,190.13,Efectivo,Unidad 303,12.0:23,Sí
53,01-10-24,TEISA 1,Diésel,96.99,1.8,174.58,Bus,174.58,Transferencia,Unidad 101,18.000009,Sí
54,01-10-24,TEISA 1,Extra,42.67,2.4,102.41,Bus,102.4,Tarjeta,Unidad 202,17.0:55,Sí
55,01-10-24,TEISA 1,Extra,22.54,2.4,54.1,Motocicleta,54.09,Transferencia,KLM-4321,20.0:57,Sí
56,01-10-24,TEISA 1,Diésel,37.09,1.8,66.76,SUV,66.77,Transferencia,TUV-8765,21.000006,Sí
57,01-10-24,TEISA 1,Súper,8.3,3.1,25.73,Sedán,25.72,Efectivo,KLM-4321,16.0:11,Sí
58,01-11-24,TEISA 1,Súper,7.24,3.1,22.44,SUV,22.43,Transferencia,ABC-1234,19.0:37,No
59,01-11-24,TEISA 1,Diésel,33.81,1.8,60.86,SUV,60.85,Efectivo,KLM-4321,6.0:17,No
60,01-11-24,TEISA 1,Diésel,13.84,1.8,24.91,SUV,24.91,Efectivo,KLM-4321,15.0:32,Sí
61,01-11-24,TEISA 1,Súper,10.19,3.1,31.59,Camioneta,31.59,Tarjeta,KLM-4321,19.0:51,Sí
62,01-11-24,TEISA 1,Súper,50.59,3.1,156.83,Bus,156.83,Transferencia,Unidad 202,18.0000000,Sí
63,01-11-24,TEISA 1,Extra,82.49,2.4,197.98,Bus,197.97,Efectivo,Unidad 101,5.0:39,Sí
64,01-12-24,TEISA 1,Diésel,13.21,1.8,23.78,Sedán,23.77,Tarjeta,ABC-1234,9.0:44,Sí
65,01-12-24,TEISA 1,Extra,73.16,2.4,175.58,Bus,175.58,Transferencia,Unidad 101,12.0:27,Sí
66,01-12-24,TEISA 1,Súper,9.56,3.1,29.64,SUV,29.64,Transferencia,KLM-4321,10.0:35,No
67,01-12-24,TEISA 1,Súper,13.83,3.1,42.87,Bus,42.87,Tarjeta,TUV-8765,0.0:22,No
68,01-13-24,TEISA 1,Extra,10.34,2.4,24.82,Camioneta,24.81,Tarjeta,KLM-4321,8.0:45,No
69,01-13-24,TEISA 1,Extra,21.61,2.4,51.86,Motocicleta,51.86,Transferencia,TUV-8765,21.000008,Sí
70,01-13-24,TEISA 2,Diésel,11.67,1.8,21.01,Sedán,21.01,Transferencia,XYZ-5678,19.0:41,Sí
71,01-13-24,TEISA 1,Súper,50.02,3.1,155.06,Bus,155.07,Tarjeta,Unidad 101,9.0:19,Sí
72,01-13-24,TEISA 1,Diésel,89.53,1.8,161.15,Bus,161.16,Tarjeta,Unidad 202,8.0:42,Sí
73,01-14-24,TEISA 1,Diésel,13.86,1.8,24.95,Camioneta,24.95,Efectivo,KLM-4321,11.0:42,Sí
74,01-14-24,TEISA 1,Diésel,83.67,1.8,150.61,Bus,150.6,Efectivo,Unidad 202,20.0:24,Sí
75,01-14-24,TEISA 1,Extra,77.75,2.4,186.6,Bus,186.6,Tarjeta,Unidad 101,10.0:37,Sí
76,01-14-24,TEISA 1,Súper,18.83,3.1,58.37,Motocicleta,58.37,Transferencia,KLM-4321,8.0:16,No
77,01-14-24,TEISA 1,Diésel,35.6,1.8,64.08,Bus,64.08,Transferencia,XYZ-5678,14.0:41,No
78,01-14-24,TEISA 1,Diésel,42.56,1.8,76.61,Motocicleta,76.6,Transferencia,XYZ-5678,8.0000000,No
79,01-14-24,TEISA 2,Diésel,18.54,1.8,33.37,Sedán,33.38,Efectivo,ABC-1234,0.0:22,No
80,01-14-24,TEISA 1,Extra,29.46,2.4,70.7,Camioneta,70.71,Tarjeta,KLM-4321,11.0:35,No
81,01-15-24,TEISA 1,Súper,58.45,3.1,181.2,Bus,181.21,Tarjeta,Unidad 202,7.0:29,Sí
82,01-15-24,TEISA 1,Extra,10.59,2.4,25.42,Sedán,25.42,Tarjeta,XYZ-5678,17.0:14,Sí
83,01-15-24,TEISA 1,Diésel,83.73,1.8,150.71,Bus,150.71,Tarjeta,Unidad 101,13.0:53,Sí
84,01-15-24,TEISA 2,Súper,9.79,3.1,30.35,Bus,30.34,Transferencia,KLM-4321,17.0:19,No
85,01-15-24,TEISA 1,Diésel,97.47,1.8,175.45,Bus,175.45,Transferencia,Unidad 202,8.000005,Sí
86,01-15-24,TEISA 1,Diésel,98.95,1.8,178.11,Bus,178.11,Efectivo,Unidad 101,14.0:33,Sí
87,01-16-24,TEISA 1,Diésel,43.86,1.8,78.95,SUV,78.95,Efectivo,ABC-1234,12.000004,Sí
88,01-16-24,TEISA 1,Súper,5.39,3.1,16.71,Sedán,16.7,Transferencia,TUV-8765,8.0:54,Sí
89,01-16-24,TEISA 1,Diésel,12.92,1.8,23.26,Motocicleta,23.25,Transferencia,TUV-8765,6.0:21,No
90,01-16-24,TEISA 1,Súper,18.08,3.1,56.05,Sedán,56.06,Transferencia,TUV-8765,5.0:19,No
91,01-16-24,TEISA 2,Extra,78.35,2.4,188.04,Bus,188.05,Transferencia,Unidad 303,18.0:47,Sí
92,01-17-24,TEISA 1,Diésel,22.41,1.8,40.34,Bus,40.33,Efectivo,XYZ-5678,21.0:38,Sí
93,01-17-24,TEISA 1,Diésel,29.23,1.8,52.61,Camioneta,52.61,Tarjeta,KLM-4321,21.0:28,Sí
94,01-17-24,TEISA 1,Súper,37.23,3.1,115.41,Bus,115.42,Tarjeta,Unidad 303,20.0:17,Sí
95,01-17-24,TEISA 1,Súper,11.93,3.1,36.98,Camioneta,36.97,Transferencia,XYZ-5678,14.000005,No
96,01-17-24,TEISA 2,Súper,3.8,3.1,11.78,Sedán,11.78,Efectivo,ABC-1234,20.0:39,Sí
97,01-18-24,TEISA 1,Diésel,38.04,1.8,68.47,Bus,68.47,Tarjeta,KLM-4321,17.000009,No
98,01-18-24,TEISA 1,Diésel,28.01,1.8,50.42,Bus,50.42,Tarjeta,XYZ-5678,20.000007,No
99,01-18-24,TEISA 1,Súper,39.6,3.1,122.76,Bus,122.76,Transferencia,Unidad 404,12.0:28,Sí
100,01-18-24,TEISA 2,Extra,83.19,2.4,199.66,Bus,199.65,Transferencia,Unidad 303,6.0000000,Sí
101,01-19-24,TEISA 1,Súper,19.14,3.1,59.33,Sedán,59.32,Tarjeta,TUV-8765,14.0:36,Sí
102,01-19-24,TEISA 1,Súper,20.29,3.1,62.9,Bus,62.91,Tarjeta,TUV-8765,10.0:13,Sí
103,01-19-24,TEISA 2,Súper,5.51,3.1,17.08,Bus,17.09,Tarjeta,XYZ-5678,13.0:12,No
104,01-19-24,TEISA 2,Extra,14.27,2.4,34.25,Bus,34.24,Transferencia,ABC-1234,11.000004,Sí
105,01-19-24,TEISA 1,Súper,11.81,3.1,36.61,Sedán,36.6,Transferencia,XYZ-5678,8.0000000,Sí
106,01-19-24,TEISA 1,Extra,18.45,2.4,44.28,Camioneta,44.29,Transferencia,TUV-8765,10.000009,No
107,01-20-24,TEISA 1,Extra,19.12,2.4,45.89,Bus,45.88,Transferencia,ABC-1234,16.0:18,Sí
108,01-20-24,TEISA 2,Súper,61.88,3.1,191.83,Bus,191.84,Efectivo,Unidad 303,16.0:26,Sí
109,01-20-24,TEISA 1,Extra,25.41,2.4,60.98,Camioneta,60.98,Transferencia,ABC-1234,19.000002,No
110,01-20-24,TEISA 2,Diésel,20.68,1.8,37.22,Camioneta,37.23,Transferencia,XYZ-5678,19.0:56,No
111,01-20-24,TEISA 1,Diésel,22.41,1.8,40.34,Camioneta,40.33,Tarjeta,XYZ-5678,12.000004,Sí
112,01-20-24,TEISA 1,Diésel,10.46,1.8,18.83,Sedán,18.82,Transferencia,TUV-8765,12.0:26,Sí
113,01-21-24,TEISA 1,Súper,15.16,3.1,47.0,Motocicleta,47.01,Efectivo,ABC-1234,13.0:21,Sí
114,01-21-24,TEISA 1,Diésel,43.36,1.8,78.05,SUV,78.04,Transferencia,XYZ-5678,7.0:42,Sí
115,01-21-24,TEISA 1,Diésel,13.36,1.8,24.05,Bus,24.04,Transferencia,KLM-4321,10.0:15,No
116,01-21-24,TEISA 1,Diésel,102.03,1.8,183.65,Bus,183.65,Efectivo,Unidad 202,6.0:15,Sí
117,01-21-24,TEISA 2,Extra,25.73,2.4,61.75,SUV,61.74,Tarjeta,KLM-4321,9.0:15,No
118,01-21-24,TEISA 1,Diésel,10.73,1.8,19.31,Sedán,19.31,Transferencia,KLM-4321,8.0:47,Sí
119,01-22-24,TEISA 2,Súper,17.81,3.1,55.21,Bus,55.2,Transferencia,ABC-1234,19.0:18,Sí
120,01-22-24,TEISA 1,Diésel,23.57,1.8,42.43,SUV,42.43,Transferencia,KLM-4321,12.0:41,No
121,01-22-24,TEISA 1,Súper,25.66,3.1,79.55,Motocicleta,79.54,Tarjeta,KLM-4321,11.000006,No
122,01-22-24,TEISA 1,Súper,13.88,3.1,43.03,SUV,43.03,Transferencia,KLM-4321,6.0:29,No
123,01-22-24,TEISA 1,Extra,27.42,2.4,65.81,Sedán,65.81,Transferencia,KLM-4321,19.0:49,No
124,01-22-24,TEISA 1,Diésel,11.68,1.8,21.02,SUV,21.02,Transferencia,ABC-1234,18.0:35,No
125,01-23-24,TEISA 1,Súper,24.82,3.1,76.94,Camioneta,76.93,Efectivo,TUV-8765,8.0:58,Sí
126,01-23-24,TEISA 1,Diésel,84.76,1.8,152.57,Bus,152.57,Transferencia,Unidad 202,12.0:48,Sí
127,01-23-24,TEISA 1,Diésel,15.73,1.8,28.31,SUV,28.32,Efectivo,XYZ-5678,9.0:43,No
128,01-23-24,TEISA 2,Extra,15.09,2.4,36.22,Sedán,36.22,Tarjeta,TUV-8765,11.0:31,No
129,01-23-24,TEISA 1,Extra,68.03,2.4,163.27,Bus,163.27,Transferencia,Unidad 101,6.0000000,Sí
130,01-23-24,TEISA 1,Diésel,7.19,1.8,12.94,Sedán,12.95,Transferencia,ABC-1234,18.0:46,Sí
131,01-23-24,TEISA 1,Diésel,43.33,1.8,77.99,Bus,77.99,Tarjeta,TUV-8765,5.0:51,No
132,01-23-24,TEISA 1,Extra,25.25,2.4,60.6,SUV,60.61,Transferencia,ABC-1234,6.0:36,Sí
133,01-24-24,TEISA 1,Extra,23.21,2.4,55.7,Sedán,55.71,Transferencia,KLM-4321,15.000001,Sí
134,01-24-24,TEISA 1,Diésel,99.46,1.8,179.03,Bus,179.02,Efectivo,Unidad 101,15.0:34,Sí
135,01-24-24,TEISA 1,Diésel,20.93,1.8,37.67,Bus,37.68,Tarjeta,ABC-1234,18.000009,Sí
136,01-24-24,TEISA 1,Diésel,82.74,1.8,148.93,Bus,148.93,Tarjeta,Unidad 101,6.0:26,Sí
137,01-25-24,TEISA 1,Diésel,89.87,1.8,161.77,Bus,161.77,Transferencia,Unidad 101,19.0:27,Sí
138,01-25-24,TEISA 1,Diésel,22.78,1.8,41.0,Motocicleta,41.0,Transferencia,KLM-4321,19.0:43,Sí
139,01-25-24,TEISA 1,Súper,19.85,3.1,61.54,Bus,61.53,Tarjeta,XYZ-5678,12.0:26,Sí
140,01-25-24,TEISA 1,Diésel,98.19,1.8,176.74,Bus,176.75,Transferencia,Unidad 404,8.0:41,Sí
141,01-26-24,TEISA 1,Diésel,16.98,1.8,30.56,Sedán,30.56,Efectivo,ABC-1234,8.0:11,No
142,01-26-24,TEISA 1,Súper,48.84,3.1,151.4,Bus,151.39,Efectivo,Unidad 303,12.0:38,Sí
143,01-26-24,TEISA 2,Diésel,8.9,1.8,16.02,Motocicleta,16.02,Transferencia,XYZ-5678,8.0000000,Sí
144,01-26-24,TEISA 1,Diésel,33.2,1.8,59.76,SUV,59.76,Efectivo,XYZ-5678,7.000002,No
145,01-26-24,TEISA 1,Extra,12.39,2.4,29.74,Motocicleta,29.73,Transferencia,ABC-1234,13.0:42,No
146,01-26-24,TEISA 1,Diésel,85.17,1.8,153.31,Bus,153.3,Tarjeta,Unidad 202,5.0:25,Sí
147,01-27-24,TEISA 1,Diésel,104.2,1.8,187.56,Bus,187.56,Efectivo,Unidad 101,11.0:26,Sí
148,01-27-24,TEISA 1,Diésel,67.34,1.8,121.21,Bus,121.21,Efectivo,Unidad 202,15.0:54,Sí
149,01-27-24,TEISA 1,Extra,76.02,2.4,182.45,Bus,182.45,Transferencia,Unidad 404,18.0:29,Sí
150,01-27-24,TEISA 1,Súper,15.21,3.1,47.15,Bus,47.14,Efectivo,KLM-4321,21.000005,No
151,01-27-24,TEISA 2,Súper,10.7,3.1,33.17,Motocicleta,33.16,Efectivo,KLM-4321,14.0:54,Sí
152,01-27-24,TEISA 1,Diésel,9.16,1.8,16.49,Camioneta,16.49,Tarjeta,XYZ-5678,18.000007,Sí
153,01-27-24,TEISA 1,Diésel,85.09,1.8,153.16,Bus,153.17,Efectivo,Unidad 202,13.0:16,Sí
154,01-28-24,TEISA 1,Súper,6.6,3.1,20.46,SUV,20.47,Tarjeta,TUV-8765,11.0000000,Sí
155,01-28-24,TEISA 1,Diésel,11.95,1.8,21.51,Camioneta,21.51,Transferencia,ABC-1234,20.0:11,Sí
156,01-28-24,TEISA 2,Diésel,41.18,1.8,74.12,Bus,74.13,Efectivo,XYZ-5678,0.0:22,Sí
157,01-28-24,TEISA 1,Extra,32.63,2.4,78.31,SUV,78.32,Tarjeta,TUV-8765,8.0:13,No
158,01-28-24,TEISA 2,Extra,7.06,2.4,16.94,Motocicleta,16.94,Efectivo,KLM-4321,5.0:58,Sí
159,01-29-24,TEISA 1,Súper,19.37,3.1,60.05,Bus,60.06,Tarjeta,TUV-8765,7.0:34,Sí
160,01-29-24,TEISA 1,Súper,23.25,3.1,72.08,Sedán,72.08,Efectivo,TUV-8765,17.0:19,Sí
161,01-29-24,TEISA 1,Súper,44.92,3.1,139.25,Bus,139.25,Tarjeta,Unidad 303,12.0:37,Sí
162,01-29-24,TEISA 1,Súper,33.77,3.1,104.69,Bus,104.69,Efectivo,Unidad 404,6.0:35,Sí
163,01-30-24,TEISA 1,Extra,25.71,2.4,61.7,Sedán,61.71,Transferencia,TUV-8765,13.0:18,No
164,01-30-24,TEISA 1,Súper,42.19,3.1,130.79,Bus,130.78,Tarjeta,Unidad 202,9.0:32,Sí
165,01-30-24,TEISA 1,Extra,9.7,2.4,23.28,Bus,23.27,Transferencia,TUV-8765,15.0:11,No
166,01-30-24,TEISA 1,Extra,12.35,2.4,29.64,Camioneta,29.63,Transferencia,KLM-4321,6.000006,No
167,01-30-24,TEISA 1,Extra,18.3,2.4,43.92,Sedán,43.92,Transferencia,ABC-1234,19.0:46,No
168,01-30-24,TEISA 2,Extra,30.25,2.4,72.6,Bus,72.59,Tarjeta,ABC-1234,6.0:23,Sí
169,01-30-24,TEISA 1,Súper,34.56,3.1,107.14,Bus,107.15,Tarjeta,Unidad 101,11.0:49,Sí
170,01-30-24,TEISA 1,Súper,22.32,3.1,69.19,Bus,69.18,Transferencia,XYZ-5678,6.0000000,No
171,01-31-24,TEISA 1,Diésel,82.48,1.8,148.46,Bus,148.46,Efectivo,Unidad 404,9.0:27,Sí
172,01-31-24,TEISA 1,Súper,46.41,3.1,143.87,Bus,143.88,Efectivo,Unidad 101,9.000007,Sí
173,01-31-24,TEISA 1,Diésel,35.24,1.8,63.43,Motocicleta,63.44,Efectivo,KLM-4321,18.0:53,No
174,01-31-24,TEISA 1,Súper,18.97,3.1,58.81,Motocicleta,58.82,Efectivo,ABC-1234,15.0000000,Sí
175,01-31-24,TEISA 1,Diésel,20.87,1.8,37.57,SUV,37.57,Efectivo,ABC-1234,14.0:14,Sí
176,01-31-24,TEISA 1,Súper,11.1,3.1,34.41,Bus,34.41,Tarjeta,ABC-1234,5.0000000,No
177,01-31-24,TEISA 1,Extra,14.13,2.4,33.91,Camioneta,33.92,Tarjeta,ABC-1234,7.0:12,Sí
178,02-01-24,TEISA 1,Diésel,8.68,1.8,15.62,Camioneta,15.62,Tarjeta,TUV-8765,10.0:33,No
179,02-01-24,TEISA 1,Súper,21.69,3.1,67.24,SUV,67.23,Tarjeta,KLM-4321,14.0:53,Sí
180,02-01-24,TEISA 1,Súper,24.16,3.1,74.9,Motocicleta,74.91,Transferencia,XYZ-5678,21.0:36,No
181,02-01-24,TEISA 1,Diésel,81.57,1.8,146.83,Bus,146.82,Tarjeta,Unidad 202,10.0:27,Sí
182,02-01-24,TEISA 1,Extra,50.89,2.4,122.14,Bus,122.13,Transferencia,Unidad 303,18.000001,Sí
183,02-01-24,TEISA 1,Diésel,14.79,1.8,26.62,SUV,26.63,Tarjeta,ABC-1234,18.0:44,No
184,02-01-24,TEISA 1,Diésel,33.26,1.8,59.87,Camioneta,59.86,Transferencia,KLM-4321,20.0:26,No
185,02-02-24,TEISA 1,Extra,6.52,2.4,15.65,SUV,15.65,Transferencia,XYZ-5678,6.0000000,No
186,02-02-24,TEISA 1,Súper,42.41,3.1,131.47,Bus,131.48,Efectivo,Unidad 303,8.0:18,Sí
187,02-02-24,TEISA 2,Súper,25.65,3.1,79.52,Motocicleta,79.52,Tarjeta,TUV-8765,17.0:34,No
188,02-02-24,TEISA 1,Extra,11.35,2.4,27.24,Motocicleta,27.23,Tarjeta,TUV-8765,17.0:42,No
189,02-02-24,TEISA 2,Súper,5.16,3.1,16.0,Bus,15.99,Transferencia,XYZ-5678,16.0:17,No
190,02-02-24,TEISA 1,Súper,24.19,3.1,74.99,Motocicleta,75.0,Efectivo,TUV-8765,21.0:38,No
191,02-03-24,TEISA 1,Extra,21.13,2.4,50.71,Bus,50.72,Efectivo,ABC-1234,9.0:25,No
192,02-03-24,TEISA 1,Súper,8.95,3.1,27.74,Motocicleta,27.76,Efectivo,TUV-8765,16.0000000,Sí
193,02-03-24,TEISA 1,Diésel,109.78,1.8,197.6,Bus,197.61,Transferencia,Unidad 404,9.0:46,Sí
194,02-03-24,TEISA 2,Súper,9.59,3.1,29.73,SUV,29.72,Transferencia,ABC-1234,20.0:15,No
195,02-03-24,TEISA 2,Súper,23.81,3.1,73.81,SUV,73.8,Transferencia,XYZ-5678,9.000009,Sí
196,02-03-24,TEISA 1,Súper,6.35,3.1,19.68,Sedán,19.68,Efectivo,KLM-4321,18.0:47,No
197,02-04-24,TEISA 1,Súper,22.61,3.1,70.09,Motocicleta,70.1,Efectivo,KLM-4321,16.0:24,Sí
198,02-04-24,TEISA 1,Diésel,97.53,1.8,175.55,Bus,175.56,Efectivo,Unidad 303,21.0:38,Sí
199,02-04-24,TEISA 1,Extra,82.21,2.4,197.3,Bus,197.3,Transferencia,Unidad 303,6.0:23,Sí
200,02-04-24,TEISA 1,Extra,32.03,2.4,76.87,Camioneta,76.88,Efectivo,TUV-8765,9.0:53,Sí
201,02-05-24,TEISA 1,Súper,52.99,3.1,164.27,Bus,164.27,Efectivo,Unidad 202,18.0:25,Sí
202,02-05-24,TEISA 1,Diésel,24.14,1.8,43.45,Bus,43.46,Efectivo,KLM-4321,17.0:44,Sí
203,02-05-24,TEISA 1,Diésel,13.57,1.8,24.43,Camioneta,24.42,Efectivo,ABC-1234,16.000002,Sí
204,02-05-24,TEISA 1,Súper,5.53,3.1,17.14,Sedán,17.14,Efectivo,TUV-8765,6.0:35,Sí
205,02-05-24,TEISA 1,Súper,24.94,3.1,77.31,SUV,77.3,Transferencia,KLM-4321,5.0:17,Sí
206,02-05-24,TEISA 1,Diésel,89.07,1.8,160.33,Bus,160.33,Transferencia,Unidad 303,15.0:37,Sí
207,02-05-24,TEISA 1,Extra,6.59,2.4,15.82,Camioneta,15.81,Transferencia,ABC-1234,7.0:58,Sí
208,02-06-24,TEISA 1,Extra,66.76,2.4,160.22,Bus,160.22,Transferencia,Unidad 101,13.0:59,Sí
209,02-06-24,TEISA 1,Extra,30.09,2.4,72.22,Sedán,72.22,Efectivo,ABC-1234,5.0000000,Sí
210,02-06-24,TEISA 1,Súper,21.16,3.1,65.6,Bus,65.59,Transferencia,TUV-8765,12.0:37,No
211,02-06-24,TEISA 1,Diésel,14.56,1.8,26.21,Motocicleta,26.21,Tarjeta,XYZ-5678,20.000006,No
212,02-07-24,TEISA 1,Extra,15.84,2.4,38.02,Sedán,38.01,Tarjeta,ABC-1234,15.0:24,No
213,02-07-24,TEISA 1,Diésel,6.59,1.8,11.86,Bus,11.87,Efectivo,TUV-8765,17.0:27,No
214,02-07-24,TEISA 1,Súper,22.3,3.1,69.13,Sedán,69.14,Efectivo,ABC-1234,21.0:39,No
215,02-07-24,TEISA 1,Extra,64.38,2.4,154.51,Bus,154.5,Transferencia,Unidad 303,10.0:21,Sí
216,02-07-24,TEISA 1,Extra,19.93,2.4,47.83,Motocicleta,47.83,Transferencia,TUV-8765,5.0:26,Sí
217,02-07-24,TEISA 1,Súper,23.29,3.1,72.2,Sedán,72.19,Tarjeta,TUV-8765,19.000007,No
218,02-07-24,TEISA 1,Súper,24.6,3.1,76.26,Camioneta,76.26,Tarjeta,TUV-8765,8.000006,Sí
219,02-08-24,TEISA 1,Extra,56.42,2.4,135.41,Bus,135.4,Transferencia,Unidad 101,5.0:17,Sí
220,02-08-24,TEISA 1,Extra,13.35,2.4,32.04,Camioneta,32.05,Tarjeta,ABC-1234,0.0:22,Sí
221,02-08-24,TEISA 1,Súper,18.0,3.1,55.8,SUV,55.8,Transferencia,XYZ-5678,15.0000000,Sí
222,02-08-24,TEISA 1,Extra,26.33,2.4,63.19,Sedán,63.2,Tarjeta,TUV-8765,12.000006,No
223,02-08-24,TEISA 1,Extra,15.59,2.4,37.42,SUV,37.42,Transferencia,XYZ-5678,18.0:14,No
224,02-08-24,TEISA 1,Súper,6.71,3.1,20.8,Motocicleta,20.81,Efectivo,ABC-1234,9.0:16,Sí
225,02-09-24,TEISA 1,Súper,19.52,3.1,60.51,Motocicleta,60.5,Efectivo,XYZ-5678,20.0:28,Sí
226,02-09-24,TEISA 2,Diésel,30.76,1.8,55.37,Bus,55.37,Tarjeta,XYZ-5678,17.0:49,Sí
227,02-09-24,TEISA 1,Súper,15.01,3.1,46.53,Sedán,46.53,Tarjeta,KLM-4321,14.0:34,Sí
228,02-09-24,TEISA 1,Súper,16.78,3.1,52.02,Bus,52.02,Efectivo,ABC-1234,17.0:11,Sí
229,02-09-24,TEISA 1,Súper,60.11,3.1,186.34,Bus,186.33,Tarjeta,Unidad 101,5.000009,Sí
230,02-09-24,TEISA 1,Diésel,55.59,1.8,100.06,Bus,100.07,Tarjeta,Unidad 101,18.0000000,Sí
231,02-09-24,TEISA 2,Extra,30.11,2.4,72.26,Motocicleta,72.26,Efectivo,XYZ-5678,11.0:54,No
232,02-10-24,TEISA 1,Súper,19.65,3.1,60.91,Motocicleta,60.9,Transferencia,KLM-4321,13.0:39,Sí
233,02-10-24,TEISA 1,Súper,54.14,3.1,167.83,Bus,167.83,Efectivo,Unidad 303,8.0:58,Sí
234,02-10-24,TEISA 1,Diésel,35.44,1.8,63.79,SUV,63.8,Transferencia,XYZ-5678,16.0:39,No
235,02-10-24,TEISA 2,Extra,21.38,2.4,51.31,Motocicleta,51.31,Transferencia,XYZ-5678,13.000002,Sí
236,02-10-24,TEISA 1,Extra,30.99,2.4,74.38,Camioneta,74.37,Transferencia,KLM-4321,12.0:47,No
237,02-10-24,TEISA 1,Diésel,6.48,1.8,11.66,Sedán,11.67,Tarjeta,ABC-1234,12.0:27,No
238,02-11-24,TEISA 1,Diésel,92.22,1.8,166.0,Bus,166.0,Efectivo,Unidad 202,18.0:48,Sí
239,02-11-24,TEISA 1,Súper,34.55,3.1,107.1,Bus,107.1,Transferencia,Unidad 404,15.0:18,Sí
240,02-11-24,TEISA 1,Extra,76.81,2.4,184.34,Bus,184.34,Tarjeta,Unidad 202,9.0:41,Sí
241,02-11-24,TEISA 1,Súper,24.28,3.1,75.27,SUV,75.28,Tarjeta,KLM-4321,7.0:52,Sí
242,02-11-24,TEISA 1,Súper,10.99,3.1,34.07,Camioneta,34.07,Transferencia,XYZ-5678,21.0:41,No
243,02-11-24,TEISA 1,Diésel,67.02,1.8,120.64,Bus,120.64,Tarjeta,Unidad 303,15.0000000,Sí
244,02-11-24,TEISA 1,Diésel,81.3,1.8,146.34,Bus,146.34,Tarjeta,Unidad 404,17.000009,Sí
245,02-12-24,TEISA 2,Súper,54.97,3.1,170.41,Bus,170.41,Transferencia,Unidad 101,18.0:59,Sí
246,02-12-24,TEISA 1,Extra,25.14,2.4,60.34,SUV,60.33,Tarjeta,TUV-8765,15.000009,Sí
247,02-12-24,TEISA 1,Diésel,66.06,1.8,118.91,Bus,118.9,Efectivo,Unidad 303,13.0:12,Sí
248,02-12-24,TEISA 1,Extra,69.81,2.4,167.54,Bus,167.54,Efectivo,Unidad 202,21.0:43,Sí
249,02-12-24,TEISA 1,Súper,9.44,3.1,29.26,Camioneta,29.26,Efectivo,KLM-4321,17.0:54,Sí
250,02-12-24,TEISA 1,Súper,6.49,3.1,20.12,Bus,20.13,Tarjeta,TUV-8765,17.0:15,No
251,02-12-24,TEISA 1,Diésel,15.12,1.8,27.22,Camioneta,27.21,Tarjeta,ABC-1234,18.0:28,Sí
252,02-13-24,TEISA 2,Súper,17.36,3.1,53.82,Camioneta,53.81,Tarjeta,KLM-4321,19.0:36,Sí
253,02-13-24,TEISA 1,Súper,37.26,3.1,115.51,Bus,115.5,Tarjeta,Unidad 101,7.0:27,Sí
254,02-13-24,TEISA 1,Súper,21.53,3.1,66.74,Bus,66.74,Tarjeta,KLM-4321,0.0:22,Sí
255,02-13-24,TEISA 2,Súper,5.7,3.1,17.67,Camioneta,17.68,Transferencia,XYZ-5678,20.000002,Sí
256,02-13-24,TEISA 1,Extra,25.15,2.4,60.36,Bus,60.35,Efectivo,ABC-1234,17.000005,No
257,02-13-24,TEISA 1,Súper,10.61,3.1,32.89,Camioneta,32.89,Efectivo,ABC-1234,9.000006,No
258,02-13-24,TEISA 2,Súper,18.75,3.1,58.12,Camioneta,58.11,Tarjeta,KLM-4321,19.0:44,Sí
259,02-14-24,TEISA 1,Diésel,96.58,1.8,173.84,Bus,173.85,Efectivo,Unidad 303,6.0:12,Sí
260,02-14-24,TEISA 1,Súper,40.1,3.1,124.31,Bus,124.31,Transferencia,Unidad 303,6.0:49,Sí
261,02-14-24,TEISA 1,Diésel,23.08,1.8,41.54,Camioneta,41.55,Tarjeta,TUV-8765,13.0:12,No
262,02-14-24,TEISA 1,Diésel,68.37,1.8,123.07,Bus,123.07,Transferencia,Unidad 303,19.0:31,Sí
263,02-15-24,TEISA 2,Diésel,15.13,1.8,27.23,Sedán,27.24,Efectivo,TUV-8765,9.0:51,No
264,02-15-24,TEISA 1,Súper,21.53,3.1,66.74,Sedán,66.75,Transferencia,ABC-1234,14.0:39,Sí
265,02-15-24,TEISA 2,Extra,29.29,2.4,70.3,Sedán,70.29,Efectivo,TUV-8765,16.0:55,No
266,02-15-24,TEISA 1,Diésel,20.99,1.8,37.78,Sedán,37.79,Tarjeta,ABC-1234,20.000001,Sí
267,02-15-24,TEISA 1,Súper,38.93,3.1,120.68,Bus,120.68,Tarjeta,Unidad 303,19.0:29,Sí
268,02-16-24,TEISA 1,Extra,18.17,2.4,43.61,Motocicleta,43.61,Tarjeta,XYZ-5678,20.0000000,No
269,02-16-24,TEISA 1,Súper,14.95,3.1,46.34,Sedán,46.34,Transferencia,TUV-8765,11.000002,No
270,02-16-24,TEISA 1,Súper,41.99,3.1,130.17,Bus,130.17,Transferencia,Unidad 404,14.000007,Sí
271,02-16-24,TEISA 2,Diésel,43.71,1.8,78.68,Sedán,78.67,Efectivo,TUV-8765,8.0:58,Sí
272,02-16-24,TEISA 1,Extra,52.53,2.4,126.07,Bus,126.08,Efectivo,Unidad 404,12.0:14,Sí
273,02-16-24,TEISA 2,Extra,69.32,2.4,166.37,Bus,166.37,Tarjeta,Unidad 303,9.0:29,Sí
274,02-16-24,TEISA 1,Extra,52.64,2.4,126.34,Bus,126.33,Efectivo,Unidad 303,16.0:53,Sí
275,02-16-24,TEISA 1,Súper,7.6,3.1,23.56,Motocicleta,23.56,Tarjeta,KLM-4321,21.0:49,Sí
276,02-17-24,TEISA 1,Extra,20.79,2.4,49.9,Camioneta,49.89,Tarjeta,TUV-8765,6.0:17,No
277,02-17-24,TEISA 1,Diésel,87.6,1.8,157.68,Bus,157.68,Efectivo,Unidad 101,6.0:38,Sí
278,02-17-24,TEISA 2,Extra,17.46,2.4,41.9,Bus,41.9,Transferencia,TUV-8765,8.0:32,Sí
279,02-17-24,TEISA 1,Súper,15.71,3.1,48.7,Camioneta,48.69,Tarjeta,XYZ-5678,6.000002,No
280,02-17-24,TEISA 1,Súper,56.47,3.1,175.06,Bus,175.06,Efectivo,Unidad 202,18.0:54,Sí
281,02-17-24,TEISA 1,Extra,22.33,2.4,53.59,Sedán,53.6,Efectivo,XYZ-5678,17.0:38,No
282,02-18-24,TEISA 1,Diésel,69.61,1.8,125.3,Bus,125.29,Efectivo,Unidad 202,5.0:36,Sí
283,02-18-24,TEISA 1,Súper,21.15,3.1,65.56,SUV,65.55,Transferencia,ABC-1234,16.0:29,No
284,02-18-24,TEISA 1,Súper,34.25,3.1,106.17,Bus,106.17,Efectivo,Unidad 101,21.0:54,Sí
285,02-18-24,TEISA 1,Diésel,36.32,1.8,65.38,SUV,65.38,Efectivo,TUV-8765,15.0:54,No
286,02-18-24,TEISA 1,Diésel,24.15,1.8,43.47,Bus,43.47,Efectivo,TUV-8765,13.0:36,No
287,02-19-24,TEISA 1,Súper,45.77,3.1,141.89,Bus,141.88,Transferencia,Unidad 202,8.0:36,Sí
288,02-19-24,TEISA 1,Extra,16.67,2.4,40.01,Motocicleta,40.01,Transferencia,KLM-4321,7.0:27,Sí
289,02-19-24,TEISA 2,Diésel,20.11,1.8,36.2,SUV,36.19,Tarjeta,ABC-1234,6.0000000,Sí
290,02-19-24,TEISA 1,Diésel,28.05,1.8,50.49,Camioneta,50.49,Transferencia,ABC-1234,14.0:58,No
291,02-19-24,TEISA 1,Extra,13.49,2.4,32.38,Bus,32.38,Efectivo,KLM-4321,12.0:54,No
292,02-20-24,TEISA 1,Extra,5.72,2.4,13.73,Motocicleta,13.72,Transferencia,TUV-8765,9.0000000,No
293,02-20-24,TEISA 1,Diésel,99.09,1.8,178.36,Bus,178.36,Tarjeta,Unidad 404,8.000006,Sí
294,02-20-24,TEISA 1,Diésel,42.64,1.8,76.75,SUV,76.76,Efectivo,KLM-4321,13.0:29,No
295,02-20-24,TEISA 1,Diésel,75.79,1.8,136.42,Bus,136.43,Tarjeta,Unidad 202,14.0:26,Sí
296,02-20-24,TEISA 1,Extra,54.15,2.4,129.96,Bus,129.95,Efectivo,Unidad 404,18.0000000,Sí
297,02-21-24,TEISA 2,Extra,13.93,2.4,33.43,Motocicleta,33.42,Tarjeta,TUV-8765,18.0:11,No
298,02-21-24,TEISA 1,Súper,15.54,3.1,48.17,Bus,48.18,Efectivo,ABC-1234,10.0:24,Sí
299,02-21-24,TEISA 1,Extra,16.02,2.4,38.45,Sedán,38.44,Efectivo,KLM-4321,6.0:54,No
300,02-21-24,TEISA 1,Diésel,24.67,1.8,44.41,SUV,44.4,Transferencia,TUV-8765,16.0:18,Sí
301,02-21-24,TEISA 1,Extra,4.26,2.4,10.22,Camioneta,10.22,Tarjeta,ABC-1234,11.000005,Sí
302,02-21-24,TEISA 1,Súper,35.2,3.1,109.12,Bus,109.11,Efectivo,Unidad 303,14.0:46,Sí
303,02-21-24,TEISA 1,Extra,28.79,2.4,69.1,SUV,69.1,Transferencia,TUV-8765,16.0:54,Sí
304,02-21-24,TEISA 1,Extra,60.9,2.4,146.16,Bus,146.17,Efectivo,Unidad 303,7.0:17,Sí
305,02-22-24,TEISA 1,Diésel,38.16,1.8,68.69,Camioneta,68.68,Efectivo,XYZ-5678,7.0:51,Sí
306,02-22-24,TEISA 2,Extra,25.61,2.4,61.46,Bus,61.47,Tarjeta,KLM-4321,9.0:32,No
307,02-22-24,TEISA 1,Extra,32.52,2.4,78.05,SUV,78.04,Efectivo,XYZ-5678,20.0:45,Sí
308,02-22-24,TEISA 1,Súper,17.74,3.1,54.99,SUV,54.99,Efectivo,TUV-8765,14.000002,Sí
309,02-22-24,TEISA 1,Extra,60.28,2.4,144.67,Bus,144.67,Transferencia,Unidad 101,17.0:36,Sí
310,02-22-24,TEISA 2,Diésel,77.52,1.8,139.54,Bus,139.54,Transferencia,Unidad 404,13.0:29,Sí
311,02-22-24,TEISA 1,Diésel,43.6,1.8,78.48,Motocicleta,78.48,Efectivo,XYZ-5678,15.0:47,Sí
312,02-23-24,TEISA 1,Extra,17.99,2.4,43.18,Motocicleta,43.17,Efectivo,XYZ-5678,11.0:11,No
313,02-23-24,TEISA 1,Extra,52.98,2.4,127.15,Bus,127.14,Tarjeta,Unidad 303,8.0:18,Sí
314,02-23-24,TEISA 1,Extra,20.72,2.4,49.73,Bus,49.73,Transferencia,XYZ-5678,0.0:22,Sí
315,02-23-24,TEISA 1,Súper,18.03,3.1,55.89,Camioneta,55.88,Tarjeta,ABC-1234,16.0:19,No
316,02-23-24,TEISA 1,Súper,7.66,3.1,23.75,Bus,23.74,Efectivo,ABC-1234,18.000001,Sí
317,02-23-24,TEISA 1,Súper,49.82,3.1,154.44,Bus,154.43,Transferencia,Unidad 101,5.000003,Sí
318,02-24-24,TEISA 1,Súper,15.1,3.1,46.81,Motocicleta,46.81,Tarjeta,XYZ-5678,21.0:12,No
319,02-24-24,TEISA 2,Diésel,25.19,1.8,45.34,Motocicleta,45.34,Transferencia,TUV-8765,21.0:31,No
320,02-24-24,TEISA 1,Diésel,91.21,1.8,164.18,Bus,164.18,Tarjeta,Unidad 404,18.0:54,Sí
321,02-24-24,TEISA 1,Extra,25.27,2.4,60.65,Motocicleta,60.64,Tarjeta,ABC-1234,21.000008,Sí
322,02-24-24,TEISA 1,Diésel,31.15,1.8,56.07,SUV,56.07,Tarjeta,KLM-4321,10.0:11,Sí
323,02-24-24,TEISA 1,Diésel,20.77,1.8,37.39,Motocicleta,37.39,Transferencia,XYZ-5678,21.000004,Sí
324,02-25-24,TEISA 1,Súper,64.35,3.1,199.48,Bus,199.49,Tarjeta,Unidad 404,9.0:17,Sí
325,02-25-24,TEISA 1,Súper,24.36,3.1,75.52,Sedán,75.51,Efectivo,TUV-8765,13.0:31,No
326,02-25-24,TEISA 1,Súper,54.27,3.1,168.24,Bus,168.24,Tarjeta,Unidad 303,15.000002,Sí
327,02-25-24,TEISA 1,Extra,25.84,2.4,62.02,Sedán,62.02,Efectivo,XYZ-5678,14.0:11,No
328,02-25-24,TEISA 2,Extra,30.79,2.4,73.9,Bus,73.9,Efectivo,XYZ-5678,17.0:52,Sí
329,02-26-24,TEISA 1,Súper,18.05,3.1,55.96,Camioneta,55.97,Tarjeta,XYZ-5678,7.0:42,Sí
330,02-26-24,TEISA 1,Súper,60.43,3.1,187.33,Bus,187.32,Efectivo,Unidad 404,18.0:49,Sí
331,02-26-24,TEISA 1,Extra,30.12,2.4,72.29,Motocicleta,72.3,Transferencia,ABC-1234,7.0:29,No
332,02-26-24,TEISA 2,Súper,8.78,3.1,27.22,SUV,27.23,Transferencia,KLM-4321,6.000001,No
333,02-26-24,TEISA 2,Súper,6.93,3.1,21.48,SUV,21.47,Efectivo,TUV-8765,15.0:41,Sí
334,02-26-24,TEISA 1,Súper,12.79,3.1,39.65,SUV,39.66,Transferencia,XYZ-5678,13.0:34,No
335,02-26-24,TEISA 2,Diésel,74.94,1.8,134.89,Bus,134.9,Efectivo,Unidad 101,8.0:55,Sí
336,02-27-24,TEISA 1,Súper,58.43,3.1,181.13,Bus,181.12,Efectivo,Unidad 303,12.0:53,Sí
337,02-27-24,TEISA 1,Diésel,37.26,1.8,67.07,Bus,67.06,Tarjeta,XYZ-5678,7.000008,Sí
338,02-27-24,TEISA 2,Súper,59.64,3.1,184.88,Bus,184.88,Efectivo,Unidad 101,13.0000000,Sí
339,02-27-24,TEISA 1,Extra,30.35,2.4,72.84,Motocicleta,72.85,Tarjeta,ABC-1234,0.0:22,Sí
340,02-27-24,TEISA 1,Súper,53.22,3.1,164.98,Bus,164.98,Efectivo,Unidad 404,6.000004,Sí
341,02-28-24,TEISA 1,Extra,14.9,2.4,35.76,Bus,35.76,Efectivo,KLM-4321,0.0:22,No
342,02-28-24,TEISA 1,Súper,39.96,3.1,123.88,Bus,123.88,Transferencia,Unidad 404,19.0:58,Sí
343,02-28-24,TEISA 1,Súper,14.48,3.1,44.89,SUV,44.88,Efectivo,TUV-8765,6.000003,No
344,02-28-24,TEISA 1,Súper,6.78,3.1,21.02,SUV,21.01,Efectivo,ABC-1234,19.0:41,No
345,02-28-24,TEISA 1,Extra,29.93,2.4,71.83,Motocicleta,71.84,Tarjeta,ABC-1234,16.0:55,Sí
346,02-28-24,TEISA 1,Diésel,20.38,1.8,36.68,Motocicleta,36.68,Tarjeta,TUV-8765,8.000007,No
347,02-28-24,TEISA 1,Diésel,39.15,1.8,70.47,Sedán,70.47,Transferencia,KLM-4321,21.0:11,Sí
348,02-29-24,TEISA 2,Súper,6.59,3.1,20.43,Motocicleta,20.44,Efectivo,TUV-8765,9.0:33,No
349,02-29-24,TEISA 1,Súper,3.62,3.1,11.22,Sedán,11.23,Transferencia,TUV-8765,12.0:58,No
350,02-29-24,TEISA 1,Extra,16.17,2.4,38.81,Bus,38.81,Efectivo,TUV-8765,12.0:28,Sí
351,02-29-24,TEISA 2,Diésel,97.36,1.8,175.25,Bus,175.24,Tarjeta,Unidad 404,18.0:12,Sí
352,02-29-24,TEISA 1,Súper,58.2,3.1,180.42,Bus,180.41,Tarjeta,Unidad 101,16.0:36,Sí
353,02-29-24,TEISA 1,Extra,22.96,2.4,55.1,Motocicleta,55.1,Transferencia,KLM-4321,19.0:16,Sí
354,02-29-24,TEISA 2,Súper,17.63,3.1,54.65,Camioneta,54.65,Efectivo,XYZ-5678,14.0:16,No
355,02-29-24,TEISA 1,Súper,52.85,3.1,163.84,Bus,163.85,Tarjeta,Unidad 202,19.0:29,Sí
356,03-01-24,TEISA 1,Diésel,96.54,1.8,173.77,Bus,173.78,Transferencia,Unidad 101,16.0:19,Sí
357,03-01-24,TEISA 1,Súper,22.23,3.1,68.91,Camioneta,68.9,Tarjeta,XYZ-5678,15.000009,Sí
358,03-01-24,TEISA 1,Diésel,25.26,1.8,45.47,Camioneta,45.47,Tarjeta,KLM-4321,21.0:48,Sí
359,03-01-24,TEISA 1,Súper,37.86,3.1,117.37,Bus,117.37,Tarjeta,Unidad 202,8.0:25,Sí
360,03-01-24,TEISA 2,Extra,9.54,2.4,22.9,Bus,22.9,Efectivo,TUV-8765,11.0000000,No
361,03-01-24,TEISA 1,Diésel,35.57,1.8,64.03,Sedán,64.02,Efectivo,ABC-1234,20.0000000,Sí
362,03-01-24,TEISA 1,Súper,64.03,3.1,198.49,Bus,198.5,Tarjeta,Unidad 303,17.0:24,Sí
363,03-02-24,TEISA 1,Extra,27.92,2.4,67.01,Bus,67.0,Transferencia,KLM-4321,18.000009,Sí
364,03-02-24,TEISA 1,Extra,29.18,2.4,70.03,Bus,70.04,Transferencia,KLM-4321,5.000008,Sí
365,03-02-24,TEISA 1,Extra,50.8,2.4,121.92,Bus,121.92,Transferencia,Unidad 404,13.000001,Sí
366,03-02-24,TEISA 1,Súper,25.2,3.1,78.12,Camioneta,78.13,Tarjeta,XYZ-5678,13.0:27,No
367,03-02-24,TEISA 1,Diésel,96.3,1.8,173.34,Bus,173.34,Transferencia,Unidad 202,16.0:15,Sí
368,03-03-24,TEISA 1,Extra,26.07,2.4,62.57,Motocicleta,62.56,Efectivo,TUV-8765,8.0:35,No
369,03-03-24,TEISA 1,Extra,57.62,2.4,138.29,Bus,138.28,Efectivo,Unidad 303,15.000006,Sí
370,03-03-24,TEISA 1,Extra,54.82,2.4,131.57,Bus,131.56,Tarjeta,Unidad 202,16.0:17,Sí
371,03-03-24,TEISA 1,Extra,69.74,2.4,167.38,Bus,167.38,Efectivo,Unidad 101,19.0:14,Sí
372,03-03-24,TEISA 1,Diésel,27.63,1.8,49.73,Sedán,49.74,Transferencia,KLM-4321,19.0000000,No
373,03-03-24,TEISA 1,Extra,14.2,2.4,34.08,Camioneta,34.08,Tarjeta,KLM-4321,19.0:44,Sí
374,03-04-24,TEISA 1,Diésel,16.6,1.8,29.88,Bus,29.88,Efectivo,KLM-4321,7.0:43,No
375,03-04-24,TEISA 1,Diésel,32.56,1.8,58.61,Sedán,58.6,Tarjeta,ABC-1234,14.0:14,Sí
376,03-04-24,TEISA 2,Extra,19.54,2.4,46.9,Bus,46.9,Efectivo,TUV-8765,12.0:35,Sí
377,03-04-24,TEISA 1,Diésel,23.17,1.8,41.71,Motocicleta,41.71,Tarjeta,KLM-4321,16.0:38,No
378,03-04-24,TEISA 2,Súper,13.65,3.1,42.32,Sedán,42.32,Transferencia,ABC-1234,20.000008,No
379,03-05-24,TEISA 1,Extra,9.63,2.4,23.11,Camioneta,23.12,Tarjeta,TUV-8765,7.0:41,Sí
380,03-05-24,TEISA 1,Extra,5.74,2.4,13.78,SUV,13.78,Transferencia,KLM-4321,10.0:46,Sí
381,03-05-24,TEISA 1,Súper,18.07,3.1,56.02,Bus,56.02,Transferencia,ABC-1234,18.0000000,No
382,03-05-24,TEISA 1,Extra,8.28,2.4,19.87,Motocicleta,19.88,Tarjeta,KLM-4321,13.0:27,No
383,03-05-24,TEISA 1,Extra,9.44,2.4,22.66,SUV,22.66,Tarjeta,ABC-1234,17.000005,No
384,03-05-24,TEISA 1,Diésel,19.18,1.8,34.52,Camioneta,34.53,Efectivo,KLM-4321,15.0:32,Sí
385,03-05-24,TEISA 1,Extra,8.65,2.4,20.76,Motocicleta,20.75,Efectivo,KLM-4321,10.0:58,No
386,03-05-24,TEISA 1,Extra,12.57,2.4,30.17,Camioneta,30.17,Tarjeta,TUV-8765,15.0:58,Sí
387,03-06-24,TEISA 1,Diésel,42.0,1.8,75.6,SUV,75.6,Transferencia,TUV-8765,9.0:49,No
388,03-06-24,TEISA 1,Extra,73.69,2.4,176.86,Bus,176.86,Transferencia,Unidad 404,18.0:53,Sí
389,03-06-24,TEISA 1,Extra,21.22,2.4,50.93,Sedán,50.92,Efectivo,TUV-8765,20.0:15,Sí
390,03-06-24,TEISA 2,Extra,15.14,2.4,36.34,Motocicleta,36.33,Efectivo,XYZ-5678,17.0:34,No
391,03-06-24,TEISA 1,Súper,24.19,3.1,74.99,Sedán,75.0,Transferencia,KLM-4321,6.0:13,No
392,03-06-24,TEISA 1,Extra,30.43,2.4,73.03,SUV,73.02,Transferencia,TUV-8765,9.0:47,No
393,03-06-24,TEISA 1,Diésel,41.42,1.8,74.56,Sedán,74.55,Efectivo,XYZ-5678,10.0:44,No
394,03-07-24,TEISA 1,Diésel,64.53,1.8,116.15,Bus,116.16,Transferencia,Unidad 202,9.0:15,Sí
395,03-07-24,TEISA 1,Súper,23.71,3.1,73.5,SUV,73.51,Tarjeta,XYZ-5678,13.0:19,No
396,03-07-24,TEISA 1,Súper,15.24,3.1,47.24,Motocicleta,47.24,Efectivo,TUV-8765,19.000008,No
397,03-07-24,TEISA 1,Diésel,68.17,1.8,122.71,Bus,122.7,Efectivo,Unidad 202,21.0:44,Sí
398,03-07-24,TEISA 1,Diésel,23.47,1.8,42.25,Motocicleta,42.24,Transferencia,ABC-1234,13.000005,Sí
399,03-07-24,TEISA 1,Diésel,90.64,1.8,163.15,Bus,163.16,Transferencia,Unidad 303,5.0:39,Sí
400,03-08-24,TEISA 2,Súper,25.46,3.1,78.93,Motocicleta,78.94,Efectivo,XYZ-5678,14.0:46,Sí
401,03-08-24,TEISA 1,Súper,39.85,3.1,123.54,Bus,123.53,Tarjeta,Unidad 101,11.0:33,Sí
402,03-08-24,TEISA 1,Diésel,25.92,1.8,46.66,Bus,46.65,Tarjeta,XYZ-5678,15.0:37,No
403,03-08-24,TEISA 1,Extra,51.85,2.4,124.44,Bus,124.44,Tarjeta,Unidad 202,5.0:48,Sí
404,03-08-24,TEISA 1,Diésel,75.28,1.8,135.5,Bus,135.5,Efectivo,Unidad 202,14.0:43,Sí
405,03-09-24,TEISA 1,Súper,17.02,3.1,52.76,SUV,52.76,Transferencia,TUV-8765,15.0:33,No
406,03-09-24,TEISA 1,Diésel,80.78,1.8,145.4,Bus,145.4,Transferencia,Unidad 303,6.0:54,Sí
407,03-09-24,TEISA 1,Súper,42.26,3.1,131.01,Bus,131.01,Transferencia,Unidad 404,16.0:44,Sí
408,03-09-24,TEISA 2,Extra,43.27,2.4,103.85,Bus,103.84,Efectivo,Unidad 303,10.0:13,Sí
409,03-09-24,TEISA 1,Diésel,16.8,1.8,30.24,Bus,30.24,Efectivo,ABC-1234,21.0:15,No
410,03-09-24,TEISA 1,Diésel,43.71,1.8,78.68,Sedán,78.67,Transferencia,TUV-8765,21.000006,No
411,03-09-24,TEISA 1,Extra,29.52,2.4,70.85,SUV,70.85,Efectivo,TUV-8765,16.0:45,No
412,03-10-24,TEISA 1,Extra,14.5,2.4,34.8,Bus,34.79,Tarjeta,ABC-1234,5.0000000,Sí
413,03-10-24,TEISA 2,Diésel,65.84,1.8,118.51,Bus,118.52,Tarjeta,Unidad 101,16.0:58,Sí
414,03-10-24,TEISA 1,Extra,16.47,2.4,39.53,Motocicleta,39.53,Transferencia,ABC-1234,13.0:54,No
415,03-10-24,TEISA 1,Diésel,38.74,1.8,69.73,Motocicleta,69.74,Efectivo,KLM-4321,11.0:56,No
416,03-10-24,TEISA 1,Súper,24.16,3.1,74.9,Bus,74.9,Efectivo,XYZ-5678,12.0:47,Sí
417,03-10-24,TEISA 1,Diésel,98.2,1.8,176.76,Bus,176.76,Efectivo,Unidad 303,13.0:47,Sí
418,03-10-24,TEISA 1,Extra,15.79,2.4,37.9,Motocicleta,37.9,Tarjeta,KLM-4321,6.0:18,No
419,03-11-24,TEISA 1,Diésel,85.13,1.8,153.23,Bus,153.23,Transferencia,Unidad 404,5.0:45,Sí
420,03-11-24,TEISA 1,Extra,31.13,2.4,74.71,SUV,74.71,Efectivo,KLM-4321,19.0:43,Sí
421,03-11-24,TEISA 2,Extra,22.49,2.4,53.98,Bus,53.98,Transferencia,ABC-1234,20.0:55,No
422,03-11-24,TEISA 1,Diésel,29.59,1.8,53.26,Bus,53.26,Transferencia,KLM-4321,9.0:16,Sí
423,03-11-24,TEISA 1,Diésel,9.1,1.8,16.38,Bus,16.38,Transferencia,KLM-4321,17.000005,Sí
424,03-11-24,TEISA 1,Extra,16.26,2.4,39.02,Camioneta,39.02,Transferencia,XYZ-5678,18.0:25,No
425,03-11-24,TEISA 1,Extra,6.67,2.4,16.01,Camioneta,16.0,Transferencia,ABC-1234,19.0:57,Sí
426,03-12-24,TEISA 1,Diésel,63.56,1.8,114.41,Bus,114.41,Transferencia,Unidad 404,16.0:21,Sí
427,03-12-24,TEISA 2,Extra,22.35,2.4,53.64,Camioneta,53.64,Efectivo,KLM-4321,16.0000000,Sí
428,03-12-24,TEISA 1,Extra,18.49,2.4,44.38,Sedán,44.38,Efectivo,KLM-4321,16.000007,Sí
429,03-12-24,TEISA 1,Diésel,99.3,1.8,178.74,Bus,178.74,Transferencia,Unidad 101,7.0:31,Sí
430,03-12-24,TEISA 1,Diésel,20.74,1.8,37.33,SUV,37.34,Efectivo,KLM-4321,13.0:44,Sí
431,03-13-24,TEISA 2,Súper,57.36,3.1,177.82,Bus,177.81,Transferencia,Unidad 202,14.0:42,Sí
432,03-13-24,TEISA 1,Súper,12.76,3.1,39.56,Motocicleta,39.56,Transferencia,KLM-4321,9.0:18,No
433,03-13-24,TEISA 1,Extra,79.45,2.4,190.68,Bus,190.67,Efectivo,Unidad 404,10.0:15,Sí
434,03-13-24,TEISA 1,Súper,12.0,3.1,37.2,SUV,37.21,Tarjeta,XYZ-5678,18.0000000,Sí
435,03-13-24,TEISA 1,Diésel,15.26,1.8,27.47,Camioneta,27.47,Tarjeta,TUV-8765,18.0:36,No
436,03-14-24,TEISA 1,Extra,27.58,2.4,66.19,SUV,66.18,Transferencia,ABC-1234,12.0:46,Sí
437,03-14-24,TEISA 1,Diésel,19.89,1.8,35.8,Camioneta,35.8,Tarjeta,TUV-8765,19.0:39,Sí
438,03-14-24,TEISA 1,Súper,19.66,3.1,60.95,Motocicleta,60.96,Efectivo,KLM-4321,17.0:32,Sí
439,03-14-24,TEISA 1,Extra,9.93,2.4,23.83,Sedán,23.82,Transferencia,ABC-1234,19.0000000,No
440,03-14-24,TEISA 1,Súper,4.08,3.1,12.65,Sedán,12.66,Transferencia,XYZ-5678,15.0000000,No
441,03-15-24,TEISA 1,Extra,22.58,2.4,54.19,Sedán,54.19,Transferencia,TUV-8765,21.0:57,Sí
442,03-15-24,TEISA 2,Súper,21.76,3.1,67.46,Bus,67.45,Efectivo,ABC-1234,9.0:54,No
443,03-15-24,TEISA 1,Diésel,32.38,1.8,58.28,SUV,58.29,Efectivo,KLM-4321,6.0000000,No
444,03-15-24,TEISA 1,Extra,58.31,2.4,139.94,Bus,139.94,Transferencia,Unidad 101,11.0:47,Sí
445,03-15-24,TEISA 1,Súper,43.61,3.1,135.19,Bus,135.18,Efectivo,Unidad 404,14.0:47,Sí
446,03-15-24,TEISA 1,Extra,11.02,2.4,26.45,SUV,26.44,Tarjeta,KLM-4321,5.000003,No
447,03-16-24,TEISA 1,Súper,11.84,3.1,36.7,SUV,36.69,Efectivo,KLM-4321,17.000009,Sí
448,03-16-24,TEISA 1,Súper,20.16,3.1,62.5,Camioneta,62.51,Tarjeta,KLM-4321,9.0:54,Sí
449,03-16-24,TEISA 1,Súper,8.56,3.1,26.54,SUV,26.54,Efectivo,ABC-1234,7.0000000,No
450,03-16-24,TEISA 1,Diésel,76.6,1.8,137.88,Bus,137.88,Transferencia,Unidad 101,10.0:36,Sí
451,03-17-24,TEISA 1,Súper,40.22,3.1,124.68,Bus,124.69,Transferencia,Unidad 101,6.0:41,Sí
452,03-17-24,TEISA 1,Extra,59.78,2.4,143.47,Bus,143.46,Tarjeta,Unidad 202,11.0:57,Sí
453,03-17-24,TEISA 1,Extra,82.05,2.4,196.92,Bus,196.93,Transferencia,Unidad 202,12.000004,Sí
454,03-17-24,TEISA 1,Súper,49.82,3.1,154.44,Bus,154.44,Efectivo,Unidad 202,0.0:22,Sí
455,03-17-24,TEISA 1,Extra,27.67,2.4,66.41,Sedán,66.4,Transferencia,TUV-8765,19.000007,No
456,03-17-24,TEISA 1,Extra,15.9,2.4,38.16,Bus,38.17,Efectivo,TUV-8765,17.0000000,Sí
457,03-17-24,TEISA 1,Extra,29.0,2.4,69.6,Bus,69.61,Transferencia,TUV-8765,7.0:32,Sí
458,03-18-24,TEISA 1,Extra,19.86,2.4,47.66,SUV,47.67,Efectivo,KLM-4321,20.0:29,No
459,03-18-24,TEISA 1,Extra,76.75,2.4,184.2,Bus,184.2,Efectivo,Unidad 202,15.000003,Sí
460,03-18-24,TEISA 1,Súper,52.9,3.1,163.99,Bus,164.0,Tarjeta,Unidad 101,17.0:59,Sí
461,03-18-24,TEISA 1,Súper,12.29,3.1,38.1,SUV,38.11,Transferencia,TUV-8765,9.0:35,Sí
462,03-18-24,TEISA 1,Diésel,83.2,1.8,149.76,Bus,149.76,Tarjeta,Unidad 404,0.0:22,Sí
463,03-18-24,TEISA 1,Súper,24.85,3.1,77.04,Sedán,77.05,Tarjeta,KLM-4321,5.0000000,No
464,03-18-24,TEISA 1,Extra,32.68,2.4,78.43,SUV,78.44,Transferencia,TUV-8765,15.0:56,Sí
465,03-19-24,TEISA 1,Súper,18.62,3.1,57.72,Camioneta,57.72,Efectivo,TUV-8765,15.0:57,Sí
466,03-19-24,TEISA 1,Diésel,30.24,1.8,54.43,Bus,54.44,Tarjeta,KLM-4321,9.0:49,Sí
467,03-19-24,TEISA 1,Extra,82.28,2.4,197.47,Bus,197.47,Tarjeta,Unidad 404,17.0:42,Sí
468,03-19-24,TEISA 1,Súper,32.98,3.1,102.24,Bus,102.24,Transferencia,Unidad 101,21.0000000,Sí
469,03-19-24,TEISA 2,Extra,58.88,2.4,141.31,Bus,141.32,Efectivo,Unidad 101,10.0000000,Sí
470,03-19-24,TEISA 2,Extra,13.38,2.4,32.11,Camioneta,32.12,Tarjeta,XYZ-5678,7.0:51,No
471,03-20-24,TEISA 1,Súper,6.21,3.1,19.25,Sedán,19.24,Tarjeta,TUV-8765,20.000006,Sí
472,03-20-24,TEISA 1,Extra,20.95,2.4,50.28,SUV,50.27,Tarjeta,TUV-8765,14.0:46,Sí
473,03-20-24,TEISA 1,Extra,69.55,2.4,166.92,Bus,166.91,Efectivo,Unidad 202,20.0:51,Sí
474,03-20-24,TEISA 1,Súper,46.02,3.1,142.66,Bus,142.66,Efectivo,Unidad 202,9.0:29,Sí
475,03-20-24,TEISA 2,Súper,21.62,3.1,67.02,Camioneta,67.03,Tarjeta,XYZ-5678,5.0:21,Sí
476,03-21-24,TEISA 1,Extra,22.1,2.4,53.04,Motocicleta,53.03,Transferencia,XYZ-5678,16.0:33,Sí
477,03-21-24,TEISA 1,Súper,17.1,3.1,53.01,SUV,53.02,Transferencia,TUV-8765,21.0:25,Sí
478,03-21-24,TEISA 1,Extra,27.73,2.4,66.55,Motocicleta,66.56,Tarjeta,TUV-8765,21.000006,No
479,03-21-24,TEISA 2,Súper,49.32,3.1,152.89,Bus,152.89,Transferencia,Unidad 101,19.0:25,Sí
480,03-22-24,TEISA 1,Súper,8.79,3.1,27.25,Motocicleta,27.24,Efectivo,XYZ-5678,8.000009,Sí
481,03-22-24,TEISA 2,Súper,17.75,3.1,55.02,Sedán,55.01,Tarjeta,KLM-4321,17.0:37,No
482,03-22-24,TEISA 1,Diésel,24.08,1.8,43.34,Motocicleta,43.34,Efectivo,KLM-4321,18.0:48,Sí
483,03-22-24,TEISA 1,Súper,17.8,3.1,55.18,Motocicleta,55.18,Efectivo,KLM-4321,6.000001,No
484,03-23-24,TEISA 1,Extra,44.47,2.4,106.73,Bus,106.73,Tarjeta,Unidad 404,20.0:41,Sí
485,03-23-24,TEISA 1,Súper,39.22,3.1,121.58,Bus,121.57,Efectivo,Unidad 202,11.0:14,Sí
486,03-23-24,TEISA 2,Súper,14.03,3.1,43.49,Bus,43.49,Tarjeta,KLM-4321,21.0:47,Sí
487,03-23-24,TEISA 2,Súper,34.08,3.1,105.65,Bus,105.65,Transferencia,Unidad 404,18.0:57,Sí
488,03-23-24,TEISA 1,Diésel,31.27,1.8,56.29,Camioneta,56.28,Efectivo,ABC-1234,11.0:47,No
489,03-23-24,TEISA 1,Extra,60.43,2.4,145.03,Bus,145.02,Tarjeta,Unidad 303,16.0:56,Sí
490,03-24-24,TEISA 1,Extra,22.51,2.4,54.02,Motocicleta,54.02,Efectivo,TUV-8765,13.0:47,Sí
491,03-24-24,TEISA 1,Súper,36.17,3.1,112.13,Bus,112.13,Transferencia,Unidad 202,17.0:25,Sí
492,03-24-24,TEISA 1,Súper,22.48,3.1,69.69,Motocicleta,69.68,Tarjeta,KLM-4321,6.0:39,Sí
493,03-24-24,TEISA 1,Súper,40.94,3.1,126.91,Bus,126.91,Transferencia,Unidad 101,20.0:42,Sí
494,03-25-24,TEISA 2,Súper,46.76,3.1,144.96,Bus,144.96,Tarjeta,Unidad 404,13.000001,Sí
495,03-25-24,TEISA 2,Súper,18.34,3.1,56.85,SUV,56.86,Tarjeta,KLM-4321,18.0:58,Sí
496,03-25-24,TEISA 1,Súper,45.21,3.1,140.15,Bus,140.16,Tarjeta,Unidad 202,8.0:31,Sí
497,03-25-24,TEISA 2,Extra,80.68,2.4,193.63,Bus,193.64,Transferencia,Unidad 202,5.000007,Sí
498,03-25-24,TEISA 1,Diésel,90.77,1.8,163.39,Bus,163.38,Transferencia,Unidad 303,11.0:59,Sí
499,03-25-24,TEISA 1,Súper,9.5,3.1,29.45,SUV,29.45,Tarjeta,ABC-1234,14.0:28,No
500,03-25-24,TEISA 1,Súper,39.0,3.1,120.9,Bus,120.89,Transferencia,Unidad 404,11.000001,Sí
501,03-26-24,TEISA 1,Extra,14.06,2.4,33.74,Sedán,33.74,Tarjeta,XYZ-5678,14.0:32,No
502,03-26-24,TEISA 1,Extra,23.38,2.4,56.11,SUV,56.12,Efectivo,XYZ-5678,9.0:19,No
503,03-26-24,TEISA 1,Extra,10.01,2.4,24.02,Sedán,24.03,Tarjeta,ABC-1234,8.0:52,No
504,03-26-24,TEISA 1,Diésel,42.05,1.8,75.69,Camioneta,75.69,Efectivo,XYZ-5678,21.0000000,Sí
505,03-26-24,TEISA 1,Diésel,79.91,1.8,143.84,Bus,143.84,Tarjeta,Unidad 202,9.0:48,Sí
506,03-26-24,TEISA 1,Extra,43.2,2.4,103.68,Bus,103.67,Efectivo,Unidad 404,9.0000000,Sí
507,03-26-24,TEISA 1,Extra,32.08,2.4,76.99,Sedán,77.0,Efectivo,TUV-8765,11.0:42,Sí
508,03-27-24,TEISA 1,Extra,25.15,2.4,60.36,Camioneta,60.36,Tarjeta,ABC-1234,5.0:16,No
509,03-27-24,TEISA 1,Súper,12.45,3.1,38.59,SUV,38.61,Tarjeta,ABC-1234,16.0:52,Sí
510,03-27-24,TEISA 1,Súper,14.51,3.1,44.98,Motocicleta,44.97,Efectivo,XYZ-5678,16.0:36,Sí
511,03-27-24,TEISA 1,Súper,18.77,3.1,58.19,Sedán,58.2,Efectivo,KLM-4321,10.0:55,Sí
512,03-27-24,TEISA 1,Diésel,41.09,1.8,73.96,Camioneta,73.97,Tarjeta,KLM-4321,21.0:38,No
513,03-28-24,TEISA 1,Súper,52.81,3.1,163.71,Bus,163.7,Efectivo,Unidad 404,20.000006,Sí
514,03-28-24,TEISA 2,Extra,31.57,2.4,75.77,SUV,75.77,Tarjeta,TUV-8765,15.0:47,No
515,03-28-24,TEISA 1,Extra,19.38,2.4,46.51,Camioneta,46.51,Transferencia,ABC-1234,0.0:22,Sí
516,03-28-24,TEISA 1,Diésel,20.24,1.8,36.43,Sedán,36.43,Tarjeta,XYZ-5678,11.0:37,Sí
517,03-28-24,TEISA 1,Diésel,10.48,1.8,18.86,Sedán,18.87,Tarjeta,TUV-8765,8.0000000,No
518,03-29-24,TEISA 1,Extra,29.47,2.4,70.73,Sedán,70.72,Efectivo,ABC-1234,10.0:12,No
519,03-29-24,TEISA 1,Súper,37.96,3.1,117.68,Bus,117.68,Tarjeta,Unidad 303,12.0:56,Sí
520,03-29-24,TEISA 2,Diésel,42.04,1.8,75.67,SUV,75.67,Tarjeta,TUV-8765,11.000004,Sí
521,03-29-24,TEISA 1,Súper,8.44,3.1,26.16,Camioneta,26.16,Efectivo,KLM-4321,9.000004,No
522,03-29-24,TEISA 1,Extra,11.6,2.4,27.84,Bus,27.85,Tarjeta,XYZ-5678,14.0:27,No
523,03-30-24,TEISA 1,Diésel,83.66,1.8,150.59,Bus,150.59,Tarjeta,Unidad 404,15.0:56,Sí
524,03-30-24,TEISA 2,Súper,13.37,3.1,41.45,SUV,41.46,Tarjeta,KLM-4321,19.000008,Sí
525,03-30-24,TEISA 1,Diésel,42.17,1.8,75.91,Sedán,75.91,Efectivo,KLM-4321,11.0:15,No
526,03-30-24,TEISA 1,Extra,6.94,2.4,16.66,Motocicleta,16.65,Efectivo,TUV-8765,9.0:41,Sí
527,03-30-24,TEISA 1,Súper,5.88,3.1,18.23,Camioneta,18.24,Transferencia,KLM-4321,13.0:48,No
528,03-30-24,TEISA 1,Extra,56.14,2.4,134.74,Bus,134.74,Tarjeta,Unidad 202,12.0:44,Sí
529,03-30-24,TEISA 1,Extra,62.96,2.4,151.1,Bus,151.11,Tarjeta,Unidad 101,10.0:53,Sí
530,03-31-24,TEISA 1,Diésel,17.13,1.8,30.83,Motocicleta,30.84,Efectivo,KLM-4321,16.0:27,Sí
531,03-31-24,TEISA 1,Súper,56.12,3.1,173.97,Bus,173.96,Efectivo,Unidad 202,11.0:39,Sí
532,03-31-24,TEISA 1,Súper,23.48,3.1,72.79,Sedán,72.8,Efectivo,KLM-4321,5.000009,No
533,03-31-24,TEISA 1,Diésel,17.28,1.8,31.1,Camioneta,31.11,Transferencia,XYZ-5678,7.0:46,Sí
534,03-31-24,TEISA 1,Extra,6.7,2.4,16.08,SUV,16.08,Tarjeta,ABC-1234,6.0:48,Sí
535,03-31-24,TEISA 1,Diésel,29.46,1.8,53.03,SUV,53.02,Efectivo,XYZ-5678,6.0:14,No
536,04-01-24,TEISA 2,Extra,52.52,2.4,126.05,Bus,126.04,Transferencia,Unidad 404,8.0:31,Sí
537,04-01-24,TEISA 1,Diésel,12.01,1.8,21.62,Bus,21.62,Tarjeta,KLM-4321,11.0000000,Sí
538,04-01-24,TEISA 1,Diésel,41.11,1.8,74.0,Motocicleta,74.0,Transferencia,TUV-8765,9.0:39,No
539,04-01-24,TEISA 1,Extra,12.95,2.4,31.08,Motocicleta,31.08,Tarjeta,ABC-1234,16.0:42,Sí
540,04-01-24,TEISA 1,Súper,63.35,3.1,196.39,Bus,196.4,Transferencia,Unidad 101,18.0:15,Sí
541,04-01-24,TEISA 1,Diésel,7.44,1.8,13.39,Bus,13.4,Transferencia,ABC-1234,14.000009,No
542,04-01-24,TEISA 2,Súper,10.25,3.1,31.78,SUV,31.76,Efectivo,TUV-8765,12.0:45,Sí
543,04-01-24,TEISA 1,Extra,56.38,2.4,135.31,Bus,135.3,Tarjeta,Unidad 303,21.0:54,Sí
544,04-02-24,TEISA 2,Diésel,26.01,1.8,46.82,SUV,46.82,Tarjeta,ABC-1234,14.0:42,Sí
545,04-02-24,TEISA 1,Extra,4.92,2.4,11.81,Motocicleta,11.81,Efectivo,KLM-4321,0.0:22,Sí
546,04-02-24,TEISA 1,Diésel,104.83,1.8,188.69,Bus,188.69,Tarjeta,Unidad 404,20.0:33,Sí
547,04-02-24,TEISA 1,Extra,23.94,2.4,57.46,SUV,57.45,Efectivo,ABC-1234,7.000004,No
548,04-02-24,TEISA 1,Súper,9.33,3.1,28.92,Camioneta,28.93,Transferencia,ABC-1234,5.0:51,Sí
549,04-03-24,TEISA 1,Súper,62.33,3.1,193.22,Bus,193.22,Tarjeta,Unidad 101,5.0:54,Sí
550,04-03-24,TEISA 2,Extra,58.92,2.4,141.41,Bus,141.42,Tarjeta,Unidad 404,7.000002,Sí
551,04-03-24,TEISA 2,Diésel,59.67,1.8,107.41,Bus,107.4,Transferencia,Unidad 202,14.0:24,Sí
552,04-03-24,TEISA 1,Diésel,25.43,1.8,45.77,Bus,45.78,Efectivo,KLM-4321,11.0:19,No
553,04-03-24,TEISA 1,Diésel,35.56,1.8,64.01,Sedán,64.0,Tarjeta,ABC-1234,14.0:18,No
554,04-03-24,TEISA 1,Diésel,35.24,1.8,63.43,SUV,63.44,Tarjeta,KLM-4321,20.000007,No
555,04-03-24,TEISA 1,Diésel,86.94,1.8,156.49,Bus,156.5,Transferencia,Unidad 101,10.0:48,Sí
556,04-03-24,TEISA 1,Súper,37.55,3.1,116.41,Bus,116.39,Tarjeta,Unidad 202,5.0:37,Sí
557,04-04-24,TEISA 2,Diésel,15.35,1.8,27.63,Camioneta,27.63,Tarjeta,KLM-4321,19.0:21,Sí
558,04-04-24,TEISA 2,Extra,15.67,2.4,37.61,Sedán,37.61,Efectivo,XYZ-5678,16.0:42,Sí
559,04-04-24,TEISA 1,Diésel,7.49,1.8,13.48,Sedán,13.49,Efectivo,XYZ-5678,10.000007,No
560,04-04-24,TEISA 1,Diésel,9.66,1.8,17.39,Motocicleta,17.38,Transferencia,TUV-8765,10.000006,Sí
561,04-04-24,TEISA 1,Diésel,108.57,1.8,195.43,Bus,195.42,Transferencia,Unidad 202,9.0:24,Sí
562,04-04-24,TEISA 1,Súper,16.08,3.1,49.85,Bus,49.84,Transferencia,ABC-1234,8.000008,Sí
563,04-04-24,TEISA 2,Súper,23.75,3.1,73.62,Bus,73.63,Tarjeta,KLM-4321,19.0:38,Sí
564,04-04-24,TEISA 1,Diésel,17.06,1.8,30.71,Sedán,30.7,Efectivo,XYZ-5678,5.0:21,No
565,04-05-24,TEISA 1,Diésel,5.71,1.8,10.28,Sedán,10.28,Transferencia,TUV-8765,12.0:39,No
566,04-05-24,TEISA 1,Extra,32.66,2.4,78.38,Motocicleta,78.39,Tarjeta,XYZ-5678,16.000007,No
567,04-05-24,TEISA 1,Extra,10.93,2.4,26.23,Camioneta,26.24,Efectivo,ABC-1234,12.0:38,Sí
568,04-05-24,TEISA 1,Extra,7.6,2.4,18.24,Motocicleta,18.24,Transferencia,ABC-1234,15.0000000,Sí
569,04-06-24,TEISA 2,Súper,9.57,3.1,29.67,Motocicleta,29.66,Efectivo,TUV-8765,6.000002,Sí
570,04-06-24,TEISA 1,Extra,73.37,2.4,176.09,Bus,176.09,Efectivo,Unidad 303,5.0:21,Sí
571,04-06-24,TEISA 1,Extra,30.35,2.4,72.84,Sedán,72.85,Transferencia,XYZ-5678,5.0:44,No
572,04-06-24,TEISA 1,Diésel,44.17,1.8,79.51,Camioneta,79.5,Efectivo,KLM-4321,14.0:41,No
573,04-06-24,TEISA 1,Extra,15.27,2.4,36.65,SUV,36.64,Efectivo,KLM-4321,10.000004,No
574,04-07-24,TEISA 1,Extra,14.11,2.4,33.86,Camioneta,33.87,Tarjeta,XYZ-5678,19.0:43,No
575,04-07-24,TEISA 1,Extra,25.73,2.4,61.75,Bus,61.76,Transferencia,KLM-4321,19.0:24,Sí
576,04-07-24,TEISA 1,Diésel,13.48,1.8,24.26,Bus,24.26,Transferencia,TUV-8765,11.0000000,Sí
577,04-07-24,TEISA 1,Súper,57.44,3.1,178.06,Bus,178.06,Tarjeta,Unidad 404,12.0:59,Sí
578,04-07-24,TEISA 1,Diésel,19.46,1.8,35.03,Bus,35.03,Transferencia,KLM-4321,7.0:38,Sí
579,04-07-24,TEISA 1,Diésel,38.81,1.8,69.86,Bus,69.86,Efectivo,ABC-1234,20.0:19,Sí
580,04-08-24,TEISA 1,Extra,76.63,2.4,183.91,Bus,183.92,Efectivo,Unidad 202,15.0:24,Sí
581,04-08-24,TEISA 2,Diésel,42.26,1.8,76.07,SUV,76.07,Efectivo,TUV-8765,5.000005,No
582,04-08-24,TEISA 2,Diésel,14.83,1.8,26.69,Bus,26.7,Tarjeta,TUV-8765,21.000004,Sí
583,04-08-24,TEISA 2,Diésel,16.88,1.8,30.38,SUV,30.39,Tarjeta,ABC-1234,14.0:37,No
584,04-08-24,TEISA 1,Diésel,25.49,1.8,45.88,Bus,45.89,Tarjeta,KLM-4321,18.000008,Sí
585,04-08-24,TEISA 1,Diésel,25.0,1.8,45.0,Motocicleta,45.0,Transferencia,KLM-4321,7.0:45,No
586,04-09-24,TEISA 1,Extra,47.81,2.4,114.74,Bus,114.75,Transferencia,Unidad 101,11.0:48,Sí
587,04-09-24,TEISA 2,Diésel,31.55,1.8,56.79,Sedán,56.79,Transferencia,ABC-1234,8.0:29,Sí
588,04-09-24,TEISA 2,Súper,39.68,3.1,123.01,Bus,123.01,Tarjeta,Unidad 404,13.0:29,Sí
589,04-09-24,TEISA 1,Extra,54.63,2.4,131.11,Bus,131.12,Tarjeta,Unidad 303,15.0:26,Sí
590,04-09-24,TEISA 1,Extra,11.52,2.4,27.65,Bus,27.65,Transferencia,TUV-8765,16.0:39,No
591,04-09-24,TEISA 1,Diésel,8.93,1.8,16.07,SUV,16.08,Efectivo,XYZ-5678,18.0:34,Sí
592,04-09-24,TEISA 1,Extra,17.55,2.4,42.12,Motocicleta,42.13,Tarjeta,XYZ-5678,18.0:53,Sí
593,04-09-24,TEISA 1,Diésel,88.85,1.8,159.93,Bus,159.93,Transferencia,Unidad 404,20.0000000,Sí
594,04-10-24,TEISA 1,Extra,16.0,2.4,38.4,Sedán,38.41,Tarjeta,ABC-1234,9.000005,No
595,04-10-24,TEISA 2,Extra,11.75,2.4,28.2,Sedán,28.21,Transferencia,TUV-8765,12.0:25,No
596,04-10-24,TEISA 1,Diésel,37.39,1.8,67.3,Bus,67.3,Tarjeta,XYZ-5678,9.0:38,No
597,04-10-24,TEISA 2,Diésel,68.43,1.8,123.17,Bus,123.18,Efectivo,Unidad 303,7.0:12,Sí
598,04-10-24,TEISA 1,Extra,78.99,2.4,189.58,Bus,189.57,Transferencia,Unidad 202,12.0:52,Sí
599,04-10-24,TEISA 1,Extra,10.15,2.4,24.36,Motocicleta,24.37,Transferencia,TUV-8765,17.0:27,Sí
600,04-10-24,TEISA 1,Diésel,26.92,1.8,48.46,Sedán,48.45,Tarjeta,TUV-8765,19.0:52,No
601,04-10-24,TEISA 2,Súper,52.08,3.1,161.45,Bus,161.45,Tarjeta,Unidad 202,17.0000000,Sí
602,04-11-24,TEISA 1,Diésel,30.56,1.8,55.01,SUV,55.01,Transferencia,ABC-1234,6.0:31,No
603,04-11-24,TEISA 1,Extra,80.19,2.4,192.46,Bus,192.46,Transferencia,Unidad 101,7.0:25,Sí
604,04-11-24,TEISA 1,Diésel,14.18,1.8,25.52,Motocicleta,25.53,Efectivo,KLM-4321,5.0:52,Sí
605,04-11-24,TEISA 1,Súper,20.24,3.1,62.74,Camioneta,62.74,Transferencia,ABC-1234,17.0:37,Sí
606,04-11-24,TEISA 1,Diésel,37.69,1.8,67.84,Sedán,67.85,Efectivo,ABC-1234,9.0000000,Sí
607,04-11-24,TEISA 1,Extra,76.7,2.4,184.08,Bus,184.08,Transferencia,Unidad 101,12.000003,Sí
608,04-11-24,TEISA 1,Súper,21.54,3.1,66.77,Camioneta,66.76,Efectivo,TUV-8765,6.0:29,No
609,04-12-24,TEISA 1,Extra,23.35,2.4,56.04,Motocicleta,56.04,Transferencia,KLM-4321,21.000005,No
610,04-12-24,TEISA 2,Extra,26.71,2.4,64.1,Bus,64.1,Transferencia,ABC-1234,20.0:28,No
611,04-12-24,TEISA 1,Extra,72.89,2.4,174.94,Bus,174.93,Transferencia,Unidad 404,12.0:11,Sí
612,04-12-24,TEISA 1,Súper,38.92,3.1,120.65,Bus,120.66,Efectivo,Unidad 404,19.0:57,Sí
613,04-13-24,TEISA 2,Extra,18.15,2.4,43.56,Camioneta,43.56,Tarjeta,KLM-4321,5.0000000,No
614,04-13-24,TEISA 1,Extra,16.51,2.4,39.62,Motocicleta,39.63,Transferencia,TUV-8765,17.0:49,Sí
615,04-13-24,TEISA 1,Extra,31.66,2.4,75.98,Camioneta,75.99,Transferencia,TUV-8765,20.0:18,Sí
616,04-13-24,TEISA 1,Diésel,14.96,1.8,26.93,SUV,26.92,Tarjeta,TUV-8765,15.0000000,Sí
617,04-13-24,TEISA 1,Súper,24.81,3.1,76.91,Camioneta,76.91,Tarjeta,XYZ-5678,21.0000000,No
618,04-14-24,TEISA 1,Extra,18.43,2.4,44.23,SUV,44.23,Efectivo,ABC-1234,16.0:24,Sí
619,04-14-24,TEISA 1,Diésel,94.24,1.8,169.63,Bus,169.64,Efectivo,Unidad 101,5.0:28,Sí
620,04-14-24,TEISA 2,Diésel,35.07,1.8,63.13,Bus,63.12,Efectivo,TUV-8765,11.0000000,No
621,04-14-24,TEISA 1,Extra,21.65,2.4,51.96,Bus,51.96,Efectivo,TUV-8765,15.0:23,No
622,04-15-24,TEISA 1,Diésel,78.25,1.8,140.85,Bus,140.85,Tarjeta,Unidad 303,10.0:28,Sí
623,04-15-24,TEISA 2,Extra,12.0,2.4,28.8,Camioneta,28.8,Transferencia,KLM-4321,16.000006,No
624,04-15-24,TEISA 2,Extra,14.95,2.4,35.88,Sedán,35.87,Transferencia,XYZ-5678,17.0:14,Sí
625,04-15-24,TEISA 1,Diésel,38.43,1.8,69.17,Sedán,69.17,Tarjeta,XYZ-5678,21.000002,No
626,04-15-24,TEISA 2,Diésel,9.87,1.8,17.77,Motocicleta,17.77,Efectivo,KLM-4321,19.000008,Sí
627,04-16-24,TEISA 1,Diésel,66.11,1.8,119.0,Bus,119.0,Tarjeta,Unidad 101,7.0:32,Sí
628,04-16-24,TEISA 1,Súper,34.71,3.1,107.6,Bus,107.61,Efectivo,Unidad 404,6.0:16,Sí
629,04-16-24,TEISA 1,Súper,32.26,3.1,100.01,Bus,100.02,Transferencia,Unidad 202,14.0:32,Sí
630,04-16-24,TEISA 1,Extra,13.24,2.4,31.78,Bus,31.78,Transferencia,ABC-1234,13.000005,No
631,04-16-24,TEISA 1,Diésel,21.86,1.8,39.35,SUV,39.34,Efectivo,KLM-4321,7.0:37,Sí
632,04-16-24,TEISA 1,Extra,31.93,2.4,76.63,Camioneta,76.62,Transferencia,ABC-1234,18.000009,Sí
633,04-16-24,TEISA 2,Extra,29.55,2.4,70.92,Sedán,70.91,Tarjeta,ABC-1234,20.0:36,No
634,04-17-24,TEISA 1,Diésel,18.04,1.8,32.47,Bus,32.48,Efectivo,ABC-1234,14.0:19,No
635,04-17-24,TEISA 1,Diésel,15.05,1.8,27.09,Motocicleta,27.09,Efectivo,KLM-4321,12.0:55,No
636,04-17-24,TEISA 1,Diésel,23.78,1.8,42.8,Bus,42.81,Efectivo,KLM-4321,14.000008,No
637,04-17-24,TEISA 1,Diésel,34.76,1.8,62.57,Sedán,62.57,Tarjeta,TUV-8765,21.0:23,Sí
638,04-17-24,TEISA 2,Extra,31.25,2.4,75.0,Motocicleta,75.0,Efectivo,XYZ-5678,5.0:43,No
639,04-17-24,TEISA 2,Diésel,10.69,1.8,19.24,Motocicleta,19.25,Efectivo,TUV-8765,9.0:18,No
640,04-18-24,TEISA 2,Extra,23.54,2.4,56.5,Bus,56.49,Transferencia,ABC-1234,17.0:27,Sí
641,04-18-24,TEISA 1,Diésel,35.84,1.8,64.51,Motocicleta,64.51,Tarjeta,XYZ-5678,12.0:51,Sí
642,04-18-24,TEISA 1,Diésel,7.87,1.8,14.17,Motocicleta,14.17,Efectivo,KLM-4321,8.000006,No
643,04-18-24,TEISA 1,Súper,4.95,3.1,15.35,Motocicleta,15.34,Transferencia,XYZ-5678,21.0:27,No
644,04-18-24,TEISA 1,Diésel,64.11,1.8,115.4,Bus,115.4,Transferencia,Unidad 303,21.0:53,Sí
645,04-18-24,TEISA 1,Súper,44.58,3.1,138.2,Bus,138.2,Tarjeta,Unidad 101,21.0:38,Sí
646,04-18-24,TEISA 1,Extra,20.25,2.4,48.6,SUV,48.59,Transferencia,XYZ-5678,18.0:34,Sí
647,04-19-24,TEISA 1,Diésel,10.46,1.8,18.83,Sedán,18.83,Efectivo,TUV-8765,13.0:32,No
648,04-19-24,TEISA 1,Extra,69.85,2.4,167.64,Bus,167.63,Transferencia,Unidad 404,14.000007,Sí
649,04-19-24,TEISA 2,Súper,20.03,3.1,62.09,Camioneta,62.09,Efectivo,ABC-1234,21.000001,Sí
650,04-19-24,TEISA 1,Diésel,109.77,1.8,197.59,Bus,197.58,Transferencia,Unidad 404,13.0:55,Sí
651,04-19-24,TEISA 1,Súper,20.78,3.1,64.42,Bus,64.43,Transferencia,TUV-8765,21.000006,Sí
652,04-19-24,TEISA 2,Diésel,32.87,1.8,59.17,Bus,59.16,Efectivo,KLM-4321,7.0:45,Sí
653,04-20-24,TEISA 1,Súper,22.48,3.1,69.69,Motocicleta,69.69,Transferencia,TUV-8765,20.0:58,No
654,04-20-24,TEISA 1,Extra,32.21,2.4,77.3,Motocicleta,77.3,Tarjeta,TUV-8765,19.0:23,No
655,04-20-24,TEISA 1,Súper,35.9,3.1,111.29,Bus,111.28,Tarjeta,Unidad 101,18.0:41,Sí
656,04-20-24,TEISA 1,Extra,67.61,2.4,162.26,Bus,162.27,Tarjeta,Unidad 202,21.0:46,Sí
657,04-21-24,TEISA 1,Diésel,95.93,1.8,172.67,Bus,172.68,Transferencia,Unidad 404,7.0:12,Sí
658,04-21-24,TEISA 1,Extra,66.37,2.4,159.29,Bus,159.28,Efectivo,Unidad 303,11.000007,Sí
659,04-21-24,TEISA 1,Diésel,103.68,1.8,186.62,Bus,186.63,Efectivo,Unidad 101,6.0:33,Sí
660,04-21-24,TEISA 1,Súper,7.89,3.1,24.46,Camioneta,24.47,Efectivo,ABC-1234,21.0000000,Sí
661,04-21-24,TEISA 2,Extra,32.38,2.4,77.71,Motocicleta,77.7,Transferencia,ABC-1234,18.0:14,Sí
662,04-21-24,TEISA 1,Diésel,109.4,1.8,196.92,Bus,196.92,Tarjeta,Unidad 202,6.0:31,Sí
663,04-21-24,TEISA 1,Extra,57.5,2.4,138.0,Bus,137.99,Efectivo,Unidad 202,8.0000000,Sí
664,04-21-24,TEISA 1,Diésel,64.88,1.8,116.78,Bus,116.78,Tarjeta,Unidad 202,15.0000000,Sí
665,04-22-24,TEISA 1,Diésel,39.96,1.8,71.93,Motocicleta,71.92,Tarjeta,KLM-4321,6.000001,No
666,04-22-24,TEISA 1,Súper,63.83,3.1,197.87,Bus,197.86,Transferencia,Unidad 404,9.000004,Sí
667,04-22-24,TEISA 1,Extra,14.33,2.4,34.39,Camioneta,34.4,Transferencia,TUV-8765,11.0000000,No
668,04-22-24,TEISA 2,Súper,3.8,3.1,11.78,Camioneta,11.78,Tarjeta,XYZ-5678,20.0:35,Sí
669,04-22-24,TEISA 1,Súper,8.79,3.1,27.25,SUV,27.24,Efectivo,TUV-8765,18.0:17,No
670,04-23-24,TEISA 1,Súper,43.15,3.1,133.76,Bus,133.78,Tarjeta,Unidad 101,9.0:21,Sí
671,04-23-24,TEISA 1,Súper,11.21,3.1,34.75,Camioneta,34.75,Transferencia,TUV-8765,20.0:57,No
672,04-23-24,TEISA 1,Extra,30.54,2.4,73.3,Camioneta,73.3,Efectivo,ABC-1234,16.0:28,No
673,04-23-24,TEISA 1,Diésel,37.59,1.8,67.66,Camioneta,67.66,Efectivo,TUV-8765,6.000004,Sí
674,04-23-24,TEISA 1,Diésel,39.42,1.8,70.96,Sedán,70.96,Transferencia,TUV-8765,5.000006,Sí
675,04-23-24,TEISA 1,Súper,38.5,3.1,119.35,Bus,119.35,Tarjeta,Unidad 101,14.0:43,Sí
676,04-24-24,TEISA 2,Diésel,22.44,1.8,40.39,SUV,40.4,Efectivo,KLM-4321,10.000005,Sí
677,04-24-24,TEISA 1,Extra,28.65,2.4,68.76,Motocicleta,68.77,Tarjeta,ABC-1234,14.0:51,Sí
678,04-24-24,TEISA 1,Extra,24.8,2.4,59.52,Motocicleta,59.53,Efectivo,XYZ-5678,8.0:49,Sí
679,04-24-24,TEISA 1,Súper,25.72,3.1,79.73,Bus,79.72,Efectivo,TUV-8765,15.0:59,Sí
680,04-24-24,TEISA 1,Súper,17.86,3.1,55.37,Sedán,55.37,Tarjeta,TUV-8765,5.000004,No
681,04-24-24,TEISA 1,Extra,12.95,2.4,31.08,Motocicleta,31.07,Tarjeta,XYZ-5678,14.0:53,Sí
682,04-25-24,TEISA 1,Extra,72.15,2.4,173.16,Bus,173.15,Tarjeta,Unidad 303,12.0:26,Sí
683,04-25-24,TEISA 1,Diésel,19.57,1.8,35.23,Bus,35.23,Tarjeta,KLM-4321,9.0:43,Sí
684,04-25-24,TEISA 1,Extra,56.91,2.4,136.58,Bus,136.59,Transferencia,Unidad 202,5.0:12,Sí
685,04-25-24,TEISA 1,Súper,33.21,3.1,102.95,Bus,102.94,Tarjeta,Unidad 202,20.0:25,Sí
686,04-25-24,TEISA 1,Extra,64.74,2.4,155.38,Bus,155.37,Transferencia,Unidad 202,16.0:17,Sí
687,04-25-24,TEISA 1,Diésel,25.95,1.8,46.71,SUV,46.71,Efectivo,TUV-8765,20.0000000,Sí
688,04-26-24,TEISA 1,Súper,20.57,3.1,63.77,Camioneta,63.78,Efectivo,TUV-8765,18.0:13,No
689,04-26-24,TEISA 1,Extra,16.06,2.4,38.54,SUV,38.55,Transferencia,XYZ-5678,14.0:46,No
690,04-26-24,TEISA 1,Súper,19.46,3.1,60.33,Motocicleta,60.32,Efectivo,TUV-8765,8.0:17,Sí
691,04-26-24,TEISA 1,Súper,60.06,3.1,186.19,Bus,186.18,Tarjeta,Unidad 101,12.0000000,Sí
692,04-26-24,TEISA 1,Súper,5.64,3.1,17.48,Sedán,17.47,Tarjeta,KLM-4321,18.0:17,Sí
693,04-26-24,TEISA 1,Diésel,25.53,1.8,45.95,SUV,45.96,Efectivo,ABC-1234,8.0:18,Sí
694,04-27-24,TEISA 1,Diésel,36.14,1.8,65.05,Camioneta,65.05,Tarjeta,XYZ-5678,11.0000000,Sí
695,04-27-24,TEISA 1,Diésel,38.47,1.8,69.25,Camioneta,69.24,Transferencia,ABC-1234,17.0000000,No
696,04-27-24,TEISA 1,Extra,14.85,2.4,35.64,Bus,35.63,Efectivo,TUV-8765,15.000007,Sí
697,04-27-24,TEISA 1,Diésel,17.02,1.8,30.64,SUV,30.64,Tarjeta,TUV-8765,9.0:13,Sí
698,04-27-24,TEISA 1,Súper,37.98,3.1,117.74,Bus,117.73,Transferencia,Unidad 404,21.0:11,Sí
699,04-27-24,TEISA 1,Diésel,109.26,1.8,196.67,Bus,196.67,Efectivo,Unidad 202,18.000004,Sí
700,04-27-24,TEISA 1,Extra,58.09,2.4,139.42,Bus,139.42,Transferencia,Unidad 202,20.0:23,Sí
701,04-28-24,TEISA 1,Súper,25.24,3.1,78.24,Sedán,78.25,Transferencia,TUV-8765,16.000002,No
702,04-28-24,TEISA 1,Extra,4.72,2.4,11.33,Bus,11.32,Tarjeta,KLM-4321,8.0:57,Sí
703,04-28-24,TEISA 1,Súper,18.4,3.1,57.04,Motocicleta,57.03,Transferencia,ABC-1234,20.0:38,No
704,04-28-24,TEISA 1,Extra,22.14,2.4,53.14,Sedán,53.13,Efectivo,TUV-8765,13.0:47,Sí
705,04-28-24,TEISA 1,Extra,10.59,2.4,25.42,Sedán,25.42,Transferencia,KLM-4321,14.0:38,No
706,04-28-24,TEISA 1,Súper,43.79,3.1,135.75,Bus,135.76,Tarjeta,Unidad 404,20.0:45,Sí
707,04-28-24,TEISA 1,Extra,18.95,2.4,45.48,Sedán,45.47,Tarjeta,XYZ-5678,17.0:19,Sí
708,04-28-24,TEISA 1,Súper,40.31,3.1,124.96,Bus,124.97,Tarjeta,Unidad 303,15.0000000,Sí
709,04-29-24,TEISA 1,Extra,21.92,2.4,52.61,Sedán,52.61,Tarjeta,KLM-4321,0.0:22,No
710,04-29-24,TEISA 1,Diésel,86.04,1.8,154.87,Bus,154.87,Transferencia,Unidad 404,9.0:53,Sí
711,04-29-24,TEISA 1,Súper,11.93,3.1,36.98,Sedán,36.97,Efectivo,TUV-8765,9.0:31,No
712,04-29-24,TEISA 1,Súper,12.6,3.1,39.06,Camioneta,39.05,Tarjeta,ABC-1234,13.0:43,Sí
713,04-30-24,TEISA 1,Extra,46.69,2.4,112.06,Bus,112.06,Tarjeta,Unidad 101,21.0:36,Sí
714,04-30-24,TEISA 1,Diésel,38.96,1.8,70.13,Motocicleta,70.13,Transferencia,KLM-4321,21.0:21,Sí
715,04-30-24,TEISA 1,Extra,58.74,2.4,140.98,Bus,140.98,Efectivo,Unidad 101,21.0:28,Sí
716,04-30-24,TEISA 1,Extra,7.46,2.4,17.9,Camioneta,17.9,Transferencia,ABC-1234,10.0:52,No
717,04-30-24,TEISA 1,Extra,60.44,2.4,145.06,Bus,145.05,Transferencia,Unidad 202,17.0:14,Sí
718,04-30-24,TEISA 1,Diésel,17.16,1.8,30.89,Bus,30.88,Tarjeta,TUV-8765,14.0:52,Sí
719,04-30-24,TEISA 1,Extra,32.53,2.4,78.07,Sedán,78.08,Efectivo,TUV-8765,0.0:22,No
720,04-30-24,TEISA 1,Extra,57.85,2.4,138.84,Bus,138.83,Transferencia,Unidad 101,9.0:35,Sí
721,05-01-24,TEISA 1,Súper,21.16,3.1,65.6,Sedán,65.6,Transferencia,XYZ-5678,5.0:48,Sí
722,05-01-24,TEISA 1,Diésel,94.12,1.8,169.42,Bus,169.42,Transferencia,Unidad 101,16.0:37,Sí
723,05-01-24,TEISA 1,Extra,52.67,2.4,126.41,Bus,126.41,Efectivo,Unidad 101,14.0:49,Sí
724,05-01-24,TEISA 1,Súper,22.25,3.1,68.98,Sedán,68.97,Tarjeta,TUV-8765,13.0:15,No
725,05-01-24,TEISA 1,Diésel,34.63,1.8,62.33,Bus,62.33,Transferencia,ABC-1234,8.0:19,No
726,05-01-24,TEISA 1,Diésel,7.69,1.8,13.84,Camioneta,13.85,Transferencia,TUV-8765,19.0:53,No
727,05-02-24,TEISA 1,Extra,24.33,2.4,58.39,Motocicleta,58.39,Transferencia,TUV-8765,10.0:36,Sí
728,05-02-24,TEISA 1,Extra,5.26,2.4,12.62,Sedán,12.63,Tarjeta,ABC-1234,12.0:57,Sí
729,05-02-24,TEISA 1,Extra,12.25,2.4,29.4,SUV,29.4,Transferencia,KLM-4321,20.0000000,Sí
730,05-02-24,TEISA 1,Diésel,88.01,1.8,158.42,Bus,158.41,Tarjeta,Unidad 404,9.0000000,Sí
731,05-02-24,TEISA 1,Súper,13.99,3.1,43.37,Bus,43.36,Efectivo,TUV-8765,19.0:38,Sí
732,05-03-24,TEISA 1,Extra,25.64,2.4,61.54,Camioneta,61.53,Tarjeta,KLM-4321,10.0:33,No
733,05-03-24,TEISA 1,Extra,55.4,2.4,132.96,Bus,132.95,Transferencia,Unidad 202,13.0:16,Sí
734,05-03-24,TEISA 1,Súper,24.37,3.1,75.55,Camioneta,75.55,Efectivo,ABC-1234,14.0:29,No
735,05-03-24,TEISA 1,Súper,12.53,3.1,38.84,Sedán,38.83,Transferencia,ABC-1234,9.0:56,Sí
736,05-03-24,TEISA 1,Súper,24.59,3.1,76.23,Sedán,76.23,Efectivo,KLM-4321,16.0:13,Sí
737,05-03-24,TEISA 1,Extra,13.78,2.4,33.07,Bus,33.07,Transferencia,KLM-4321,9.0:39,No
738,05-03-24,TEISA 1,Súper,13.67,3.1,42.38,SUV,42.37,Transferencia,ABC-1234,10.0:23,No
739,05-03-24,TEISA 1,Diésel,88.85,1.8,159.93,Bus,159.93,Tarjeta,Unidad 404,10.0:52,Sí
740,05-04-24,TEISA 1,Extra,20.76,2.4,49.82,Camioneta,49.82,Transferencia,XYZ-5678,15.0:18,Sí
741,05-04-24,TEISA 1,Diésel,43.47,1.8,78.25,Sedán,78.25,Tarjeta,KLM-4321,15.0:48,Sí
742,05-04-24,TEISA 1,Súper,32.98,3.1,102.24,Bus,102.25,Transferencia,Unidad 202,9.0:35,Sí
743,05-04-24,TEISA 1,Súper,25.19,3.1,78.09,Camioneta,78.09,Efectivo,KLM-4321,10.0:26,No
744,05-04-24,TEISA 1,Súper,40.49,3.1,125.52,Bus,125.51,Tarjeta,Unidad 101,13.000009,Sí
745,05-05-24,TEISA 1,Extra,25.86,2.4,62.06,SUV,62.07,Transferencia,XYZ-5678,11.0:48,No
746,05-05-24,TEISA 1,Súper,61.27,3.1,189.94,Bus,189.95,Efectivo,Unidad 101,7.0:48,Sí
747,05-05-24,TEISA 1,Extra,12.34,2.4,29.62,Sedán,29.61,Transferencia,XYZ-5678,17.0:31,Sí
748,05-05-24,TEISA 1,Extra,21.12,2.4,50.69,SUV,50.69,Transferencia,XYZ-5678,13.0:33,No
749,05-06-24,TEISA 1,Extra,30.76,2.4,73.82,Motocicleta,73.83,Efectivo,XYZ-5678,15.0:38,No
750,05-06-24,TEISA 1,Diésel,27.81,1.8,50.06,SUV,50.05,Tarjeta,TUV-8765,10.0:18,No
751,05-06-24,TEISA 1,Súper,39.55,3.1,122.6,Bus,122.6,Tarjeta,Unidad 303,9.0:48,Sí
752,05-06-24,TEISA 2,Diésel,16.66,1.8,29.99,Motocicleta,29.98,Tarjeta,ABC-1234,21.0:17,Sí
753,05-06-24,TEISA 1,Diésel,14.94,1.8,26.89,Motocicleta,26.9,Efectivo,KLM-4321,5.000001,Sí
754,05-06-24,TEISA 1,Diésel,32.01,1.8,57.62,Sedán,57.61,Transferencia,TUV-8765,12.0:49,Sí
755,05-07-24,TEISA 1,Extra,13.81,2.4,33.14,Sedán,33.14,Tarjeta,XYZ-5678,20.0:18,Sí
756,05-07-24,TEISA 2,Súper,61.72,3.1,191.33,Bus,191.34,Transferencia,Unidad 101,7.0:29,Sí
757,05-07-24,TEISA 2,Extra,30.84,2.4,74.02,Motocicleta,74.02,Tarjeta,TUV-8765,7.000008,Sí
758,05-07-24,TEISA 1,Diésel,9.63,1.8,17.33,Motocicleta,17.33,Efectivo,KLM-4321,18.0:26,No
759,05-07-24,TEISA 1,Súper,25.53,3.1,79.14,Bus,79.14,Efectivo,TUV-8765,17.0:14,Sí
760,05-07-24,TEISA 1,Súper,10.95,3.1,33.95,Camioneta,33.93,Transferencia,ABC-1234,16.0:39,No
761,05-08-24,TEISA 1,Diésel,8.24,1.8,14.83,SUV,14.83,Efectivo,ABC-1234,9.000004,No
762,05-08-24,TEISA 2,Súper,16.5,3.1,51.15,SUV,51.14,Efectivo,XYZ-5678,14.000009,Sí
763,05-08-24,TEISA 1,Súper,23.8,3.1,73.78,Motocicleta,73.77,Efectivo,KLM-4321,12.0:51,No
764,05-08-24,TEISA 1,Diésel,77.64,1.8,139.75,Bus,139.75,Transferencia,Unidad 303,11.0:18,Sí
765,05-08-24,TEISA 1,Diésel,34.91,1.8,62.84,Sedán,62.84,Tarjeta,KLM-4321,10.0:23,No
766,05-08-24,TEISA 1,Diésel,87.29,1.8,157.12,Bus,157.13,Transferencia,Unidad 404,17.0:19,Sí
767,05-08-24,TEISA 1,Súper,6.11,3.1,18.94,Bus,18.93,Efectivo,XYZ-5678,5.0:11,Sí
768,05-09-24,TEISA 1,Diésel,6.78,1.8,12.2,Sedán,12.2,Transferencia,TUV-8765,9.000007,No
769,05-09-24,TEISA 1,Diésel,7.87,1.8,14.17,Camioneta,14.17,Transferencia,ABC-1234,15.0:19,No
770,05-09-24,TEISA 1,Extra,77.51,2.4,186.02,Bus,186.02,Tarjeta,Unidad 303,19.0:52,Sí
771,05-09-24,TEISA 1,Diésel,24.97,1.8,44.95,SUV,44.94,Efectivo,TUV-8765,15.000003,No
772,05-09-24,TEISA 1,Súper,20.74,3.1,64.29,SUV,64.29,Tarjeta,XYZ-5678,21.000004,No
773,05-10-24,TEISA 1,Súper,33.11,3.1,102.64,Bus,102.65,Tarjeta,Unidad 404,15.000006,Sí
774,05-10-24,TEISA 2,Diésel,8.27,1.8,14.89,Bus,14.88,Transferencia,KLM-4321,11.0:53,No
775,05-10-24,TEISA 1,Súper,60.06,3.1,186.19,Bus,186.18,Efectivo,Unidad 303,15.000001,Sí
776,05-10-24,TEISA 1,Diésel,33.29,1.8,59.92,Sedán,59.93,Efectivo,XYZ-5678,5.0:41,Sí
777,05-10-24,TEISA 1,Diésel,32.91,1.8,59.24,Camioneta,59.23,Efectivo,ABC-1234,20.0:17,No
778,05-11-24,TEISA 1,Extra,17.73,2.4,42.55,Sedán,42.56,Efectivo,KLM-4321,7.000007,Sí
779,05-11-24,TEISA 1,Súper,34.5,3.1,106.95,Bus,106.94,Tarjeta,Unidad 202,13.0:24,Sí
780,05-11-24,TEISA 1,Diésel,36.27,1.8,65.29,Bus,65.28,Efectivo,ABC-1234,16.000005,No
781,05-11-24,TEISA 1,Súper,14.51,3.1,44.98,SUV,44.97,Efectivo,KLM-4321,11.0:24,Sí
782,05-11-24,TEISA 2,Extra,4.24,2.4,10.18,Sedán,10.17,Efectivo,TUV-8765,6.0000000,No
783,05-11-24,TEISA 1,Súper,50.73,3.1,157.26,Bus,157.26,Transferencia,Unidad 404,5.000003,Sí
784,05-11-24,TEISA 2,Extra,21.33,2.4,51.19,Sedán,51.2,Tarjeta,TUV-8765,7.0:39,Sí
785,05-12-24,TEISA 2,Extra,63.0,2.4,151.2,Bus,151.2,Efectivo,Unidad 101,12.0000000,Sí
786,05-12-24,TEISA 2,Súper,3.82,3.1,11.84,Camioneta,11.83,Transferencia,ABC-1234,18.0:46,Sí
787,05-12-24,TEISA 1,Extra,45.03,2.4,108.07,Bus,108.07,Transferencia,Unidad 202,20.0:15,Sí
788,05-12-24,TEISA 1,Diésel,81.94,1.8,147.49,Bus,147.5,Transferencia,Unidad 404,7.0:35,Sí
789,05-13-24,TEISA 1,Extra,20.35,2.4,48.84,Bus,48.83,Tarjeta,TUV-8765,20.000004,No
790,05-13-24,TEISA 1,Diésel,62.88,1.8,113.18,Bus,113.18,Transferencia,Unidad 404,9.0:15,Sí
791,05-13-24,TEISA 1,Diésel,33.89,1.8,61.0,Sedán,61.0,Efectivo,XYZ-5678,11.0:36,No
792,05-13-24,TEISA 1,Extra,18.82,2.4,45.17,Motocicleta,45.16,Efectivo,KLM-4321,20.0:41,Sí
793,05-13-24,TEISA 1,Diésel,40.47,1.8,72.85,Sedán,72.84,Transferencia,ABC-1234,15.0:17,Sí
794,05-13-24,TEISA 1,Diésel,12.06,1.8,21.71,Sedán,21.7,Tarjeta,KLM-4321,13.0:51,Sí
795,05-14-24,TEISA 1,Extra,73.82,2.4,177.17,Bus,177.16,Tarjeta,Unidad 404,14.0:11,Sí
796,05-14-24,TEISA 1,Extra,43.67,2.4,104.81,Bus,104.8,Tarjeta,Unidad 202,5.0000000,Sí
797,05-14-24,TEISA 1,Diésel,88.83,1.8,159.89,Bus,159.89,Transferencia,Unidad 303,9.000008,Sí
798,05-14-24,TEISA 1,Súper,12.91,3.1,40.02,Camioneta,40.01,Transferencia,XYZ-5678,20.0:15,No
799,05-14-24,TEISA 1,Extra,56.31,2.4,135.14,Bus,135.14,Transferencia,Unidad 303,20.0:54,Sí
800,05-15-24,TEISA 1,Extra,70.21,2.4,168.5,Bus,168.51,Efectivo,Unidad 202,8.0:48,Sí
801,05-15-24,TEISA 1,Diésel,38.41,1.8,69.14,Camioneta,69.14,Efectivo,ABC-1234,16.0:52,Sí
802,05-15-24,TEISA 1,Diésel,32.38,1.8,58.28,SUV,58.28,Transferencia,KLM-4321,17.000009,No
803,05-15-24,TEISA 1,Extra,16.83,2.4,40.39,Camioneta,40.4,Efectivo,XYZ-5678,5.000005,No
804,05-15-24,TEISA 1,Diésel,37.58,1.8,67.64,Motocicleta,67.64,Tarjeta,TUV-8765,7.000005,No
805,05-15-24,TEISA 2,Súper,22.15,3.1,68.66,Motocicleta,68.68,Efectivo,ABC-1234,13.0:13,Sí
806,05-15-24,TEISA 1,Diésel,99.68,1.8,179.42,Bus,179.43,Transferencia,Unidad 202,21.0:52,Sí
807,05-16-24,TEISA 1,Súper,22.09,3.1,68.48,Sedán,68.48,Tarjeta,XYZ-5678,10.0:41,Sí
808,05-16-24,TEISA 1,Diésel,38.05,1.8,68.49,SUV,68.49,Transferencia,ABC-1234,19.0:36,Sí
809,05-16-24,TEISA 1,Diésel,30.83,1.8,55.49,Sedán,55.49,Tarjeta,TUV-8765,19.0:19,Sí
810,05-16-24,TEISA 2,Súper,11.01,3.1,34.13,Bus,34.12,Tarjeta,KLM-4321,17.0:38,Sí
811,05-16-24,TEISA 1,Extra,77.4,2.4,185.76,Bus,185.75,Transferencia,Unidad 202,19.0:21,Sí
812,05-16-24,TEISA 1,Súper,17.21,3.1,53.35,Bus,53.36,Efectivo,TUV-8765,9.0:23,Sí
813,05-17-24,TEISA 1,Extra,44.01,2.4,105.62,Bus,105.62,Tarjeta,Unidad 404,5.000008,Sí
814,05-17-24,TEISA 1,Extra,32.2,2.4,77.28,SUV,77.29,Efectivo,TUV-8765,20.0:48,Sí
815,05-17-24,TEISA 2,Extra,20.62,2.4,49.49,Camioneta,49.49,Efectivo,KLM-4321,7.0:12,Sí
816,05-17-24,TEISA 1,Súper,15.94,3.1,49.41,Bus,49.4,Efectivo,XYZ-5678,14.0:36,Sí
817,05-17-24,TEISA 1,Extra,74.95,2.4,179.88,Bus,179.89,Tarjeta,Unidad 202,20.0:31,Sí
818,05-17-24,TEISA 1,Diésel,27.47,1.8,49.45,Bus,49.44,Transferencia,KLM-4321,13.0:47,No
819,05-18-24,TEISA 1,Extra,71.67,2.4,172.01,Bus,172.0,Efectivo,Unidad 303,15.0:25,Sí
820,05-18-24,TEISA 1,Diésel,110.47,1.8,198.85,Bus,198.84,Tarjeta,Unidad 303,11.0:41,Sí
821,05-18-24,TEISA 1,Extra,24.99,2.4,59.98,Motocicleta,59.97,Transferencia,KLM-4321,9.0:58,Sí
822,05-18-24,TEISA 1,Diésel,73.89,1.8,133.0,Bus,133.01,Transferencia,Unidad 404,12.0:37,Sí
823,05-18-24,TEISA 1,Diésel,26.93,1.8,48.47,Motocicleta,48.47,Transferencia,KLM-4321,12.0:17,Sí
824,05-19-24,TEISA 1,Diésel,75.95,1.8,136.71,Bus,136.71,Efectivo,Unidad 404,20.0:52,Sí
825,05-19-24,TEISA 1,Diésel,35.66,1.8,64.19,Sedán,64.19,Efectivo,ABC-1234,17.000005,No
826,05-19-24,TEISA 2,Súper,17.12,3.1,53.07,Motocicleta,53.08,Tarjeta,XYZ-5678,11.0:26,Sí
827,05-19-24,TEISA 1,Súper,50.55,3.1,156.7,Bus,156.7,Transferencia,Unidad 202,10.0:36,Sí
828,05-19-24,TEISA 1,Extra,10.95,2.4,26.28,Motocicleta,26.29,Tarjeta,TUV-8765,21.0:15,No
829,05-19-24,TEISA 1,Extra,14.5,2.4,34.8,Bus,34.81,Tarjeta,XYZ-5678,7.000009,Sí
830,05-20-24,TEISA 1,Diésel,11.23,1.8,20.21,Camioneta,20.21,Tarjeta,ABC-1234,6.0:57,Sí
831,05-20-24,TEISA 1,Extra,9.73,2.4,23.35,SUV,23.36,Transferencia,ABC-1234,17.0:13,Sí
832,05-20-24,TEISA 2,Extra,26.1,2.4,62.64,Bus,62.63,Tarjeta,KLM-4321,18.0:37,Sí
833,05-20-24,TEISA 1,Extra,16.5,2.4,39.6,SUV,39.61,Transferencia,KLM-4321,12.0:56,Sí
834,05-20-24,TEISA 1,Extra,15.26,2.4,36.62,Motocicleta,36.63,Transferencia,XYZ-5678,10.0:28,Sí
835,05-20-24,TEISA 1,Diésel,26.09,1.8,46.96,Sedán,46.96,Tarjeta,XYZ-5678,9.0:12,Sí
836,05-20-24,TEISA 1,Extra,29.35,2.4,70.44,Camioneta,70.45,Efectivo,XYZ-5678,18.0:12,No
837,05-20-24,TEISA 1,Diésel,101.34,1.8,182.41,Bus,182.42,Tarjeta,Unidad 202,13.0000000,Sí
838,05-21-24,TEISA 1,Extra,9.02,2.4,21.65,Sedán,21.65,Efectivo,KLM-4321,20.0:14,Sí
839,05-21-24,TEISA 1,Diésel,30.87,1.8,55.57,Camioneta,55.56,Efectivo,KLM-4321,18.0:12,Sí
840,05-21-24,TEISA 1,Extra,11.33,2.4,27.19,SUV,27.2,Tarjeta,TUV-8765,7.0:41,Sí
841,05-21-24,TEISA 1,Extra,47.72,2.4,114.53,Bus,114.52,Efectivo,Unidad 404,7.0:17,Sí
842,05-21-24,TEISA 1,Súper,16.57,3.1,51.37,SUV,51.38,Transferencia,KLM-4321,13.0:52,Sí
843,05-22-24,TEISA 1,Extra,49.75,2.4,119.4,Bus,119.4,Efectivo,Unidad 404,5.0:12,Sí
844,05-22-24,TEISA 2,Extra,6.81,2.4,16.34,Bus,16.35,Transferencia,KLM-4321,20.0:39,No
845,05-22-24,TEISA 2,Diésel,23.56,1.8,42.41,Sedán,42.41,Tarjeta,ABC-1234,5.000003,No
846,05-22-24,TEISA 1,Súper,25.53,3.1,79.14,Bus,79.15,Efectivo,TUV-8765,6.0000000,No
847,05-22-24,TEISA 1,Extra,10.08,2.4,24.19,Motocicleta,24.19,Transferencia,XYZ-5678,11.0:17,No
848,05-22-24,TEISA 1,Extra,8.27,2.4,19.85,Bus,19.85,Tarjeta,XYZ-5678,13.0:37,No
849,05-23-24,TEISA 1,Súper,3.59,3.1,11.13,Sedán,11.13,Transferencia,XYZ-5678,19.000005,Sí
850,05-23-24,TEISA 1,Diésel,75.21,1.8,135.38,Bus,135.37,Transferencia,Unidad 303,8.0:39,Sí
851,05-23-24,TEISA 1,Diésel,44.17,1.8,79.51,Sedán,79.51,Efectivo,ABC-1234,11.0:28,No
852,05-23-24,TEISA 1,Diésel,108.36,1.8,195.05,Bus,195.04,Tarjeta,Unidad 101,14.0:57,Sí
853,05-23-24,TEISA 1,Extra,79.0,2.4,189.6,Bus,189.6,Efectivo,Unidad 404,21.0:24,Sí
854,05-23-24,TEISA 1,Diésel,28.34,1.8,51.01,Sedán,51.02,Tarjeta,KLM-4321,10.0:21,Sí
855,05-23-24,TEISA 1,Súper,18.95,3.1,58.74,Sedán,58.73,Efectivo,KLM-4321,15.0:57,No
856,05-24-24,TEISA 1,Extra,78.03,2.4,187.27,Bus,187.26,Transferencia,Unidad 202,6.0000000,Sí
857,05-24-24,TEISA 1,Extra,4.78,2.4,11.47,Camioneta,11.46,Transferencia,ABC-1234,7.0:11,Sí
858,05-24-24,TEISA 1,Diésel,102.55,1.8,184.59,Bus,184.59,Efectivo,Unidad 202,10.0:24,Sí
859,05-24-24,TEISA 1,Extra,22.12,2.4,53.09,Camioneta,53.08,Transferencia,KLM-4321,12.0:36,No
860,05-24-24,TEISA 2,Súper,41.76,3.1,129.46,Bus,129.47,Efectivo,Unidad 202,5.0:57,Sí
861,05-25-24,TEISA 1,Extra,11.92,2.4,28.61,Motocicleta,28.6,Efectivo,ABC-1234,9.0:17,Sí
862,05-25-24,TEISA 2,Súper,22.55,3.1,69.91,Sedán,69.89,Efectivo,XYZ-5678,11.0:23,Sí
863,05-25-24,TEISA 1,Diésel,41.24,1.8,74.23,SUV,74.24,Efectivo,XYZ-5678,17.0:45,No
864,05-25-24,TEISA 1,Extra,24.58,2.4,58.99,Motocicleta,59.0,Transferencia,XYZ-5678,5.000002,No
865,05-25-24,TEISA 1,Extra,61.61,2.4,147.86,Bus,147.86,Tarjeta,Unidad 202,21.0:45,Sí
866,05-25-24,TEISA 1,Súper,5.15,3.1,15.97,Sedán,15.97,Transferencia,TUV-8765,5.0:41,No
867,05-25-24,TEISA 1,Súper,4.25,3.1,13.18,Bus,13.18,Efectivo,XYZ-5678,20.0:53,Sí
868,05-25-24,TEISA 2,Súper,16.01,3.1,49.63,Bus,49.63,Transferencia,XYZ-5678,6.0:38,Sí
869,05-26-24,TEISA 1,Diésel,111.09,1.8,199.96,Bus,199.96,Tarjeta,Unidad 404,18.0:26,Sí
870,05-26-24,TEISA 1,Súper,10.31,3.1,31.96,Bus,31.95,Transferencia,ABC-1234,21.0000000,No
871,05-26-24,TEISA 1,Extra,79.62,2.4,191.09,Bus,191.1,Tarjeta,Unidad 404,18.0000000,Sí
872,05-26-24,TEISA 1,Diésel,38.31,1.8,68.96,SUV,68.96,Efectivo,TUV-8765,14.000009,Sí
873,05-26-24,TEISA 1,Extra,13.51,2.4,32.42,Bus,32.42,Tarjeta,XYZ-5678,20.0:49,No
874,05-27-24,TEISA 1,Diésel,11.02,1.8,19.84,SUV,19.83,Efectivo,KLM-4321,15.0:28,No
875,05-27-24,TEISA 1,Súper,12.82,3.1,39.74,Bus,39.75,Efectivo,KLM-4321,11.0:46,Sí
876,05-27-24,TEISA 1,Súper,3.89,3.1,12.06,Motocicleta,12.07,Efectivo,ABC-1234,18.0:26,Sí
877,05-27-24,TEISA 2,Diésel,37.25,1.8,67.05,SUV,67.05,Efectivo,TUV-8765,14.0:43,Sí
878,05-28-24,TEISA 1,Extra,10.0,2.4,24.0,SUV,23.99,Efectivo,ABC-1234,15.0:12,Sí
879,05-28-24,TEISA 1,Extra,5.58,2.4,13.39,Bus,13.38,Efectivo,TUV-8765,7.0:26,No
880,05-28-24,TEISA 1,Súper,7.43,3.1,23.03,Bus,23.04,Tarjeta,KLM-4321,10.0:21,Sí
881,05-28-24,TEISA 1,Súper,11.38,3.1,35.28,SUV,35.27,Efectivo,KLM-4321,12.0:56,Sí
882,05-28-24,TEISA 1,Diésel,24.19,1.8,43.54,Camioneta,43.54,Transferencia,KLM-4321,18.0:46,No
883,05-28-24,TEISA 1,Súper,46.64,3.1,144.58,Bus,144.59,Transferencia,Unidad 404,10.0:13,Sí
884,05-29-24,TEISA 1,Diésel,17.09,1.8,30.76,Camioneta,30.77,Transferencia,XYZ-5678,9.0:52,Sí
885,05-29-24,TEISA 1,Súper,41.3,3.1,128.03,Bus,128.03,Efectivo,Unidad 303,10.0:36,Sí
886,05-29-24,TEISA 1,Súper,33.14,3.1,102.73,Bus,102.73,Efectivo,Unidad 202,14.0:11,Sí
887,05-29-24,TEISA 1,Súper,15.79,3.1,48.95,Sedán,48.96,Efectivo,TUV-8765,17.0:15,Sí
888,05-29-24,TEISA 1,Diésel,35.87,1.8,64.57,Camioneta,64.56,Transferencia,KLM-4321,9.000009,Sí
889,05-29-24,TEISA 1,Súper,7.28,3.1,22.57,Camioneta,22.56,Tarjeta,XYZ-5678,19.0:58,Sí
890,05-29-24,TEISA 2,Extra,76.64,2.4,183.94,Bus,183.93,Tarjeta,Unidad 404,16.0:33,Sí
891,05-29-24,TEISA 1,Súper,56.06,3.1,173.79,Bus,173.79,Efectivo,Unidad 404,5.0:49,Sí
892,05-30-24,TEISA 1,Súper,15.42,3.1,47.8,Motocicleta,47.8,Efectivo,XYZ-5678,18.0:37,Sí
893,05-30-24,TEISA 1,Diésel,42.11,1.8,75.8,SUV,75.79,Transferencia,TUV-8765,5.0:42,No
894,05-30-24,TEISA 1,Diésel,12.52,1.8,22.54,Bus,22.53,Efectivo,XYZ-5678,18.0:56,Sí
895,05-30-24,TEISA 2,Diésel,17.05,1.8,30.69,Bus,30.69,Efectivo,TUV-8765,8.0:46,No
896,05-30-24,TEISA 1,Súper,20.81,3.1,64.51,Sedán,64.5,Transferencia,TUV-8765,5.0000000,No
897,05-30-24,TEISA 1,Diésel,13.0,1.8,23.4,SUV,23.4,Transferencia,XYZ-5678,6.000006,No
898,05-30-24,TEISA 1,Extra,62.77,2.4,150.65,Bus,150.66,Efectivo,Unidad 202,20.0:13,Sí
899,05-30-24,TEISA 1,Súper,61.89,3.1,191.86,Bus,191.85,Efectivo,Unidad 404,8.000008,Sí
900,05-31-24,TEISA 1,Diésel,19.12,1.8,34.42,SUV,34.42,Transferencia,ABC-1234,20.0:18,Sí
901,05-31-24,TEISA 1,Súper,32.41,3.1,100.47,Bus,100.48,Transferencia,Unidad 101,12.0:16,Sí
902,05-31-24,TEISA 1,Extra,76.42,2.4,183.41,Bus,183.4,Efectivo,Unidad 303,17.0:46,Sí
903,05-31-24,TEISA 1,Extra,26.96,2.4,64.7,Sedán,64.71,Efectivo,TUV-8765,5.0:49,No
904,05-31-24,TEISA 1,Diésel,34.24,1.8,61.63,SUV,61.64,Efectivo,TUV-8765,13.0:25,No
905,05-31-24,TEISA 1,Diésel,8.96,1.8,16.13,Camioneta,16.13,Efectivo,KLM-4321,11.0:38,No
906,05-31-24,TEISA 2,Súper,21.92,3.1,67.95,Motocicleta,67.95,Transferencia,TUV-8765,10.0:33,No
907,06-01-24,TEISA 1,Extra,10.24,2.4,24.58,Bus,24.57,Tarjeta,ABC-1234,7.0:34,Sí
908,06-01-24,TEISA 1,Súper,16.32,3.1,50.59,SUV,50.58,Efectivo,KLM-4321,14.0:35,Sí
909,06-01-24,TEISA 1,Extra,80.65,2.4,193.56,Bus,193.57,Transferencia,Unidad 101,11.0:44,Sí
910,06-01-24,TEISA 1,Súper,53.26,3.1,165.11,Bus,165.12,Efectivo,Unidad 303,7.0:23,Sí
911,06-01-24,TEISA 1,Extra,16.72,2.4,40.13,Bus,40.13,Tarjeta,ABC-1234,16.0000000,No
912,06-02-24,TEISA 1,Extra,9.68,2.4,23.23,Bus,23.24,Tarjeta,KLM-4321,16.0:25,No
913,06-02-24,TEISA 2,Súper,17.73,3.1,54.96,Bus,54.95,Efectivo,TUV-8765,18.0000000,No
914,06-02-24,TEISA 1,Diésel,30.87,1.8,55.57,Bus,55.56,Transferencia,TUV-8765,10.000002,Sí
915,06-02-24,TEISA 1,Diésel,23.11,1.8,41.6,Motocicleta,41.6,Efectivo,XYZ-5678,13.0:23,Sí
916,06-02-24,TEISA 1,Extra,59.58,2.4,142.99,Bus,143.0,Efectivo,Unidad 404,19.0:19,Sí
917,06-02-24,TEISA 2,Súper,35.67,3.1,110.58,Bus,110.57,Transferencia,Unidad 101,8.0:33,Sí
918,06-02-24,TEISA 1,Diésel,13.61,1.8,24.5,Camioneta,24.5,Efectivo,ABC-1234,17.000002,Sí
919,06-03-24,TEISA 1,Súper,10.83,3.1,33.57,Motocicleta,33.58,Transferencia,ABC-1234,8.0:15,No
920,06-03-24,TEISA 1,Extra,66.78,2.4,160.27,Bus,160.26,Transferencia,Unidad 202,17.0000000,Sí
921,06-03-24,TEISA 1,Extra,13.6,2.4,32.64,SUV,32.63,Transferencia,ABC-1234,13.0:43,No
922,06-03-24,TEISA 2,Extra,17.69,2.4,42.46,Bus,42.46,Efectivo,KLM-4321,14.0000000,No
923,06-03-24,TEISA 1,Diésel,35.74,1.8,64.33,Sedán,64.33,Transferencia,XYZ-5678,21.0:26,Sí
924,06-03-24,TEISA 1,Diésel,24.69,1.8,44.44,SUV,44.44,Tarjeta,KLM-4321,8.0:39,No
925,06-03-24,TEISA 1,Súper,39.83,3.1,123.47,Bus,123.47,Transferencia,Unidad 202,21.0:27,Sí
926,06-04-24,TEISA 1,Diésel,86.23,1.8,155.21,Bus,155.21,Transferencia,Unidad 404,20.0:12,Sí
927,06-04-24,TEISA 1,Súper,16.44,3.1,50.96,Camioneta,50.95,Transferencia,ABC-1234,12.0:49,Sí
928,06-04-24,TEISA 1,Extra,22.51,2.4,54.02,Motocicleta,54.03,Tarjeta,KLM-4321,18.0:48,No
929,06-04-24,TEISA 1,Súper,11.49,3.1,35.62,Motocicleta,35.62,Efectivo,TUV-8765,19.0:26,No
930,06-04-24,TEISA 1,Extra,14.97,2.4,35.93,SUV,35.92,Tarjeta,ABC-1234,19.000008,No
931,06-04-24,TEISA 1,Diésel,43.37,1.8,78.07,SUV,78.07,Transferencia,KLM-4321,8.0:56,No
932,06-04-24,TEISA 2,Diésel,33.52,1.8,60.34,SUV,60.33,Transferencia,ABC-1234,5.000001,Sí
933,06-04-24,TEISA 1,Diésel,15.8,1.8,28.44,Camioneta,28.44,Tarjeta,ABC-1234,14.0:56,No
934,06-05-24,TEISA 1,Súper,51.36,3.1,159.22,Bus,159.23,Transferencia,Unidad 202,5.0:21,Sí
935,06-05-24,TEISA 1,Súper,39.06,3.1,121.09,Bus,121.09,Efectivo,Unidad 404,11.0:48,Sí
936,06-05-24,TEISA 1,Diésel,44.43,1.8,79.97,Sedán,79.97,Transferencia,XYZ-5678,13.0:26,No
937,06-05-24,TEISA 1,Diésel,33.08,1.8,59.54,SUV,59.55,Transferencia,KLM-4321,9.000001,No
938,06-05-24,TEISA 2,Extra,7.91,2.4,18.98,SUV,18.99,Transferencia,KLM-4321,12.000008,Sí
939,06-05-24,TEISA 1,Súper,19.99,3.1,61.97,Motocicleta,61.98,Tarjeta,XYZ-5678,9.0000000,No
940,06-06-24,TEISA 1,Extra,32.78,2.4,78.67,Camioneta,78.67,Transferencia,ABC-1234,19.000007,Sí
941,06-06-24,TEISA 1,Diésel,69.84,1.8,125.71,Bus,125.71,Transferencia,Unidad 303,18.0:12,Sí
942,06-06-24,TEISA 1,Diésel,25.63,1.8,46.13,Bus,46.13,Transferencia,ABC-1234,7.0:25,Sí
943,06-06-24,TEISA 1,Extra,23.56,2.4,56.54,SUV,56.55,Transferencia,ABC-1234,20.0:55,Sí
944,06-06-24,TEISA 1,Diésel,6.03,1.8,10.85,Motocicleta,10.85,Transferencia,TUV-8765,12.0000000,Sí
945,06-07-24,TEISA 2,Súper,23.01,3.1,71.33,Camioneta,71.32,Transferencia,KLM-4321,16.0:33,No
946,06-07-24,TEISA 1,Súper,39.22,3.1,121.58,Bus,121.57,Efectivo,Unidad 303,7.0:39,Sí
947,06-07-24,TEISA 1,Diésel,13.11,1.8,23.6,SUV,23.59,Transferencia,ABC-1234,19.0:49,Sí
948,06-07-24,TEISA 1,Diésel,43.88,1.8,78.98,Sedán,78.99,Transferencia,XYZ-5678,17.0:31,Sí
949,06-08-24,TEISA 1,Súper,15.55,3.1,48.21,Sedán,48.2,Transferencia,TUV-8765,20.0000000,No
950,06-08-24,TEISA 1,Extra,12.81,2.4,30.74,SUV,30.75,Efectivo,KLM-4321,6.000008,No
951,06-08-24,TEISA 2,Extra,10.53,2.4,25.27,Sedán,25.26,Tarjeta,ABC-1234,12.0000000,Sí
952,06-08-24,TEISA 1,Diésel,8.59,1.8,15.46,Motocicleta,15.47,Transferencia,ABC-1234,19.0:37,No
953,06-08-24,TEISA 1,Súper,38.44,3.1,119.16,Bus,119.17,Transferencia,Unidad 101,8.0000000,Sí
954,06-09-24,TEISA 1,Extra,45.11,2.4,108.26,Bus,108.26,Transferencia,Unidad 303,18.0:56,Sí
955,06-09-24,TEISA 1,Súper,64.16,3.1,198.9,Bus,198.9,Transferencia,Unidad 202,20.0:42,Sí
956,06-09-24,TEISA 1,Extra,68.34,2.4,164.02,Bus,164.01,Tarjeta,Unidad 404,19.000001,Sí
957,06-09-24,TEISA 1,Diésel,30.24,1.8,54.43,SUV,54.43,Tarjeta,ABC-1234,18.0:14,No
958,06-09-24,TEISA 1,Súper,22.23,3.1,68.91,Motocicleta,68.92,Tarjeta,ABC-1234,15.0:59,No
959,06-09-24,TEISA 2,Diésel,38.72,1.8,69.7,SUV,69.7,Transferencia,ABC-1234,19.000003,No
960,06-09-24,TEISA 2,Súper,20.27,3.1,62.84,Camioneta,62.85,Tarjeta,TUV-8765,14.0:46,No
961,06-10-24,TEISA 1,Extra,28.3,2.4,67.92,Camioneta,67.92,Tarjeta,ABC-1234,16.000007,No
962,06-10-24,TEISA 2,Diésel,27.74,1.8,49.93,Camioneta,49.94,Tarjeta,TUV-8765,21.000003,No
963,06-10-24,TEISA 1,Diésel,70.2,1.8,126.36,Bus,126.36,Efectivo,Unidad 303,13.0:11,Sí
964,06-10-24,TEISA 1,Extra,6.79,2.4,16.3,Motocicleta,16.29,Transferencia,KLM-4321,16.0:19,No
965,06-10-24,TEISA 1,Diésel,25.72,1.8,46.3,Bus,46.29,Transferencia,ABC-1234,18.0:52,No
966,06-10-24,TEISA 1,Extra,16.41,2.4,39.38,Motocicleta,39.38,Tarjeta,XYZ-5678,18.0:21,No
967,06-10-24,TEISA 1,Súper,12.37,3.1,38.35,Sedán,38.35,Tarjeta,XYZ-5678,9.0000000,Sí
968,06-10-24,TEISA 1,Súper,4.84,3.1,15.0,Sedán,15.01,Efectivo,KLM-4321,17.0:25,No
969,06-11-24,TEISA 1,Diésel,93.49,1.8,168.28,Bus,168.28,Transferencia,Unidad 303,15.0:35,Sí
970,06-11-24,TEISA 1,Extra,49.4,2.4,118.56,Bus,118.57,Tarjeta,Unidad 101,9.0000000,Sí
971,06-11-24,TEISA 1,Diésel,8.34,1.8,15.01,Sedán,15.01,Transferencia,ABC-1234,13.000004,Sí
972,06-11-24,TEISA 1,Extra,29.73,2.4,71.35,SUV,71.34,Tarjeta,ABC-1234,12.0:42,Sí
973,06-11-24,TEISA 1,Diésel,18.94,1.8,34.09,Camioneta,34.09,Transferencia,ABC-1234,10.0:24,Sí
974,06-11-24,TEISA 1,Diésel,26.93,1.8,48.47,Sedán,48.48,Efectivo,XYZ-5678,12.0:38,Sí
975,06-12-24,TEISA 1,Diésel,73.38,1.8,132.08,Bus,132.09,Efectivo,Unidad 404,13.000006,Sí
976,06-12-24,TEISA 1,Súper,17.79,3.1,55.15,Motocicleta,55.14,Efectivo,ABC-1234,15.0:54,No
977,06-12-24,TEISA 1,Diésel,13.33,1.8,23.99,Sedán,24.0,Efectivo,XYZ-5678,5.0:47,No
978,06-12-24,TEISA 1,Súper,19.05,3.1,59.06,Motocicleta,59.06,Efectivo,KLM-4321,11.000008,Sí
979,06-12-24,TEISA 2,Diésel,82.29,1.8,148.12,Bus,148.12,Transferencia,Unidad 404,13.0:34,Sí
980,06-12-24,TEISA 1,Extra,13.07,2.4,31.37,Sedán,31.36,Tarjeta,XYZ-5678,19.0000000,Sí
981,06-12-24,TEISA 1,Diésel,44.3,1.8,79.74,Camioneta,79.74,Efectivo,KLM-4321,18.0000000,Sí
982,06-13-24,TEISA 1,Extra,15.84,2.4,38.02,Camioneta,38.01,Tarjeta,ABC-1234,18.0:16,No
983,06-13-24,TEISA 1,Súper,13.68,3.1,42.41,Motocicleta,42.4,Efectivo,XYZ-5678,16.0:28,Sí
984,06-13-24,TEISA 1,Diésel,8.11,1.8,14.6,Sedán,14.59,Efectivo,TUV-8765,15.0:52,Sí
985,06-13-24,TEISA 1,Diésel,10.48,1.8,18.86,Sedán,18.86,Efectivo,TUV-8765,17.0:28,No
986,06-13-24,TEISA 1,Extra,75.88,2.4,182.11,Bus,182.11,Transferencia,Unidad 101,9.0:49,Sí
987,06-13-24,TEISA 1,Súper,52.63,3.1,163.15,Bus,163.14,Transferencia,Unidad 404,11.0:57,Sí
988,06-13-24,TEISA 2,Diésel,98.26,1.8,176.87,Bus,176.86,Transferencia,Unidad 303,10.0:31,Sí
989,06-14-24,TEISA 1,Diésel,28.63,1.8,51.53,Sedán,51.53,Tarjeta,KLM-4321,17.0:35,No
990,06-14-24,TEISA 1,Extra,7.72,2.4,18.53,Sedán,18.53,Tarjeta,ABC-1234,16.0:11,No
991,06-14-24,TEISA 1,Súper,15.77,3.1,48.89,Bus,48.9,Efectivo,XYZ-5678,5.0:21,Sí
992,06-14-24,TEISA 1,Extra,54.17,2.4,130.01,Bus,130.01,Efectivo,Unidad 101,19.0:32,Sí
993,06-14-24,TEISA 1,Extra,61.1,2.4,146.64,Bus,146.64,Tarjeta,Unidad 404,15.0:32,Sí
994,06-15-24,TEISA 1,Súper,43.35,3.1,134.39,Bus,134.38,Efectivo,Unidad 101,14.000003,Sí
995,06-15-24,TEISA 1,Diésel,110.77,1.8,199.39,Bus,199.38,Transferencia,Unidad 404,13.0:27,Sí
996,06-15-24,TEISA 1,Súper,24.14,3.1,74.83,Bus,74.83,Efectivo,KLM-4321,21.0:59,Sí
997,06-15-24,TEISA 1,Extra,48.45,2.4,116.28,Bus,116.29,Efectivo,Unidad 202,7.0:15,Sí
998,06-15-24,TEISA 1,Diésel,89.31,1.8,160.76,Bus,160.75,Efectivo,Unidad 404,9.0000000,Sí
999,06-15-24,TEISA 1,Extra,72.17,2.4,173.21,Bus,173.2,Efectivo,Unidad 404,11.0:45,Sí
1000,06-15-24,TEISA 1,Súper,6.94,3.1,21.51,Camioneta,21.51,Transferencia,XYZ-5678,7.0000000,No
1001,06-16-24,TEISA 2,Diésel,6.59,1.8,11.86,Motocicleta,11.87,Tarjeta,TUV-8765,11.0:59,Sí
1002,06-16-24,TEISA 2,Diésel,41.78,1.8,75.2,Camioneta,75.21,Transferencia,XYZ-5678,19.0:37,No
1003,06-16-24,TEISA 1,Súper,17.69,3.1,54.84,Sedán,54.85,Tarjeta,XYZ-5678,9.0:56,No
1004,06-16-24,TEISA 1,Súper,17.25,3.1,53.48,Motocicleta,53.46,Efectivo,KLM-4321,6.000007,Sí
1005,06-16-24,TEISA 1,Súper,9.65,3.1,29.92,Camioneta,29.91,Transferencia,ABC-1234,9.000003,No
1006,06-16-24,TEISA 2,Diésel,33.26,1.8,59.87,Camioneta,59.87,Efectivo,XYZ-5678,5.0:32,Sí
1007,06-16-24,TEISA 1,Diésel,42.09,1.8,75.76,Camioneta,75.76,Transferencia,KLM-4321,8.0:51,No
1008,06-16-24,TEISA 2,Diésel,7.22,1.8,13.0,Camioneta,12.99,Transferencia,ABC-1234,10.0:32,Sí
1009,06-17-24,TEISA 1,Extra,79.33,2.4,190.39,Bus,190.4,Tarjeta,Unidad 404,10.0:13,Sí
1010,06-17-24,TEISA 1,Diésel,87.53,1.8,157.55,Bus,157.56,Efectivo,Unidad 303,14.0:41,Sí
1011,06-17-24,TEISA 1,Diésel,92.26,1.8,166.07,Bus,166.07,Efectivo,Unidad 303,14.0:16,Sí
1012,06-17-24,TEISA 1,Súper,19.07,3.1,59.12,Bus,59.13,Transferencia,ABC-1234,9.000001,No
1013,06-17-24,TEISA 1,Diésel,98.27,1.8,176.89,Bus,176.88,Efectivo,Unidad 101,16.0000000,Sí
1014,06-18-24,TEISA 2,Diésel,15.52,1.8,27.94,SUV,27.94,Tarjeta,ABC-1234,12.0:17,No
1015,06-18-24,TEISA 1,Diésel,37.88,1.8,68.18,Camioneta,68.18,Tarjeta,KLM-4321,12.0000000,Sí
1016,06-18-24,TEISA 1,Diésel,20.22,1.8,36.4,Motocicleta,36.4,Transferencia,KLM-4321,9.0000000,Sí
1017,06-18-24,TEISA 1,Diésel,15.19,1.8,27.34,Motocicleta,27.34,Transferencia,XYZ-5678,14.0:42,Sí
1018,06-18-24,TEISA 1,Súper,39.87,3.1,123.6,Bus,123.59,Efectivo,Unidad 101,13.0:58,Sí
1019,06-18-24,TEISA 1,Súper,9.73,3.1,30.16,Sedán,30.16,Transferencia,ABC-1234,20.0:28,No
1020,06-18-24,TEISA 1,Súper,20.25,3.1,62.77,SUV,62.76,Tarjeta,XYZ-5678,18.0:29,No
1021,06-18-24,TEISA 1,Diésel,85.58,1.8,154.04,Bus,154.05,Transferencia,Unidad 202,12.0:23,Sí
1022,06-19-24,TEISA 1,Súper,25.31,3.1,78.46,Motocicleta,78.45,Efectivo,XYZ-5678,15.000002,No
1023,06-19-24,TEISA 1,Diésel,63.59,1.8,114.46,Bus,114.46,Efectivo,Unidad 101,21.0:25,Sí
1024,06-19-24,TEISA 1,Extra,7.05,2.4,16.92,SUV,16.92,Tarjeta,ABC-1234,16.0:15,Sí
1025,06-19-24,TEISA 1,Diésel,73.83,1.8,132.89,Bus,132.89,Transferencia,Unidad 202,9.0:21,Sí
1026,06-19-24,TEISA 1,Extra,53.86,2.4,129.26,Bus,129.26,Efectivo,Unidad 404,11.0:45,Sí
1027,06-19-24,TEISA 1,Súper,41.52,3.1,128.71,Bus,128.71,Efectivo,Unidad 404,14.0:42,Sí
1028,06-19-24,TEISA 1,Diésel,8.06,1.8,14.51,Bus,14.51,Transferencia,XYZ-5678,6.0:57,No
1029,06-20-24,TEISA 1,Diésel,9.58,1.8,17.24,Camioneta,17.25,Efectivo,ABC-1234,11.0:33,Sí
1030,06-20-24,TEISA 1,Diésel,43.63,1.8,78.53,Sedán,78.53,Efectivo,ABC-1234,14.0:43,No
1031,06-20-24,TEISA 1,Súper,4.01,3.1,12.43,Sedán,12.44,Efectivo,KLM-4321,12.0:33,No
1032,06-20-24,TEISA 1,Diésel,9.16,1.8,16.49,Motocicleta,16.48,Efectivo,TUV-8765,10.000006,No
1033,06-20-24,TEISA 1,Extra,30.4,2.4,72.96,Sedán,72.95,Efectivo,KLM-4321,16.0000000,No
1034,06-21-24,TEISA 1,Súper,51.29,3.1,159.0,Bus,159.01,Efectivo,Unidad 101,20.0:37,Sí
1035,06-21-24,TEISA 1,Extra,66.7,2.4,160.08,Bus,160.09,Transferencia,Unidad 101,21.0:56,Sí
1036,06-21-24,TEISA 1,Súper,14.38,3.1,44.58,SUV,44.59,Efectivo,XYZ-5678,14.0:33,No
1037,06-21-24,TEISA 1,Diésel,39.61,1.8,71.3,Camioneta,71.29,Tarjeta,TUV-8765,14.0:21,No
1038,06-22-24,TEISA 1,Diésel,64.27,1.8,115.69,Bus,115.68,Tarjeta,Unidad 404,15.000007,Sí
1039,06-22-24,TEISA 1,Extra,24.07,2.4,57.77,Camioneta,57.77,Transferencia,ABC-1234,5.0:43,Sí
1040,06-22-24,TEISA 1,Diésel,37.37,1.8,67.27,Bus,67.26,Tarjeta,ABC-1234,12.0:15,No
1041,06-22-24,TEISA 1,Extra,27.12,2.4,65.09,Sedán,65.09,Tarjeta,XYZ-5678,6.0:34,No
1042,06-23-24,TEISA 1,Extra,24.55,2.4,58.92,Motocicleta,58.93,Efectivo,TUV-8765,11.0:32,Sí
1043,06-23-24,TEISA 1,Extra,17.12,2.4,41.09,Motocicleta,41.09,Transferencia,ABC-1234,16.0:58,Sí
1044,06-23-24,TEISA 1,Extra,9.73,2.4,23.35,SUV,23.36,Efectivo,KLM-4321,6.0:24,Sí
1045,06-23-24,TEISA 1,Súper,60.58,3.1,187.8,Bus,187.79,Efectivo,Unidad 202,13.000002,Sí
1046,06-24-24,TEISA 2,Extra,11.15,2.4,26.76,SUV,26.76,Tarjeta,TUV-8765,8.0:21,Sí
1047,06-24-24,TEISA 1,Extra,43.58,2.4,104.59,Bus,104.6,Tarjeta,Unidad 303,14.000006,Sí
1048,06-24-24,TEISA 1,Súper,41.45,3.1,128.5,Bus,128.51,Efectivo,Unidad 101,12.0:36,Sí
1049,06-24-24,TEISA 1,Diésel,22.02,1.8,39.64,Sedán,39.63,Transferencia,KLM-4321,17.0:32,Sí
1050,06-24-24,TEISA 1,Extra,32.29,2.4,77.5,SUV,77.5,Transferencia,KLM-4321,8.0:19,No
1051,06-24-24,TEISA 1,Diésel,99.37,1.8,178.87,Bus,178.86,Tarjeta,Unidad 202,16.0:58,Sí
1052,06-24-24,TEISA 1,Extra,23.4,2.4,56.16,Sedán,56.17,Tarjeta,ABC-1234,6.0000000,Sí
1053,06-25-24,TEISA 1,Súper,10.27,3.1,31.84,Sedán,31.83,Tarjeta,KLM-4321,0.0:22,No
1054,06-25-24,TEISA 1,Diésel,22.57,1.8,40.63,SUV,40.63,Transferencia,XYZ-5678,8.000009,No
1055,06-25-24,TEISA 1,Diésel,11.96,1.8,21.53,Motocicleta,21.52,Efectivo,KLM-4321,11.0:49,No
1056,06-25-24,TEISA 2,Extra,15.72,2.4,37.73,Sedán,37.72,Efectivo,XYZ-5678,12.0:47,Sí
1057,06-26-24,TEISA 1,Diésel,99.89,1.8,179.8,Bus,179.8,Transferencia,Unidad 404,17.0:58,Sí
1058,06-26-24,TEISA 1,Súper,60.88,3.1,188.73,Bus,188.74,Tarjeta,Unidad 404,12.0:18,Sí
1059,06-26-24,TEISA 1,Diésel,39.08,1.8,70.34,Motocicleta,70.35,Tarjeta,XYZ-5678,7.0:31,No
1060,06-26-24,TEISA 1,Extra,30.95,2.4,74.28,SUV,74.28,Efectivo,XYZ-5678,15.0:15,Sí
1061,06-27-24,TEISA 1,Extra,56.19,2.4,134.86,Bus,134.85,Transferencia,Unidad 404,0.0:22,Sí
1062,06-27-24,TEISA 2,Súper,24.8,3.1,76.88,Camioneta,76.87,Tarjeta,KLM-4321,18.0:18,Sí
1063,06-27-24,TEISA 2,Extra,47.35,2.4,113.64,Bus,113.65,Transferencia,Unidad 202,9.0:27,Sí
1064,06-27-24,TEISA 1,Súper,52.56,3.1,162.94,Bus,162.93,Transferencia,Unidad 202,14.0:41,Sí
1065,06-28-24,TEISA 1,Extra,19.96,2.4,47.9,Bus,47.9,Tarjeta,XYZ-5678,21.0:49,No
1066,06-28-24,TEISA 1,Extra,27.34,2.4,65.62,Bus,65.61,Tarjeta,TUV-8765,14.000007,Sí
1067,06-28-24,TEISA 1,Súper,12.69,3.1,39.34,Camioneta,39.33,Tarjeta,KLM-4321,18.0000000,No
1068,06-28-24,TEISA 1,Diésel,42.29,1.8,76.12,Bus,76.13,Efectivo,KLM-4321,15.0:43,Sí
1069,06-28-24,TEISA 1,Diésel,74.37,1.8,133.87,Bus,133.87,Efectivo,Unidad 303,8.0:45,Sí
1070,06-28-24,TEISA 1,Súper,13.84,3.1,42.9,Sedán,42.89,Tarjeta,XYZ-5678,13.0:55,No
1071,06-29-24,TEISA 1,Súper,12.24,3.1,37.94,Bus,37.95,Tarjeta,TUV-8765,20.0:26,Sí
1072,06-29-24,TEISA 2,Diésel,89.21,1.8,160.58,Bus,160.58,Transferencia,Unidad 404,7.0:13,Sí
1073,06-29-24,TEISA 1,Extra,30.95,2.4,74.28,Camioneta,74.27,Efectivo,ABC-1234,20.0:45,Sí
1074,06-29-24,TEISA 2,Súper,19.92,3.1,61.75,Bus,61.74,Transferencia,XYZ-5678,14.000002,No
1075,06-29-24,TEISA 1,Extra,16.78,2.4,40.27,Motocicleta,40.27,Efectivo,XYZ-5678,10.0:58,No
1076,06-29-24,TEISA 1,Extra,52.86,2.4,126.86,Bus,126.86,Tarjeta,Unidad 101,12.0000000,Sí
1077,06-30-24,TEISA 1,Diésel,58.81,1.8,105.86,Bus,105.86,Efectivo,Unidad 404,21.0:24,Sí
1078,06-30-24,TEISA 1,Extra,13.5,2.4,32.4,SUV,32.41,Tarjeta,KLM-4321,8.0:26,No
1079,06-30-24,TEISA 1,Extra,30.45,2.4,73.08,Motocicleta,73.08,Efectivo,TUV-8765,6.0:58,Sí
1080,06-30-24,TEISA 1,Extra,5.46,2.4,13.1,Camioneta,13.11,Efectivo,XYZ-5678,15.0:35,No
1081,06-30-24,TEISA 1,Súper,21.3,3.1,66.03,Camioneta,66.03,Tarjeta,XYZ-5678,0.0:22,Sí
1082,06-30-24,TEISA 1,Diésel,10.63,1.8,19.13,Motocicleta,19.14,Transferencia,KLM-4321,8.0000000,Sí
1083,06-30-24,TEISA 1,Súper,22.12,3.1,68.57,SUV,68.57,Efectivo,ABC-1234,10.0:54,Sí
1084,07-01-24,TEISA 1,Diésel,19.58,1.8,35.24,SUV,35.24,Transferencia,ABC-1234,18.0:45,No
1085,07-01-24,TEISA 1,Extra,26.85,2.4,64.44,Motocicleta,64.44,Tarjeta,KLM-4321,19.0000000,No
1086,07-01-24,TEISA 1,Diésel,58.33,1.8,104.99,Bus,104.99,Efectivo,Unidad 101,14.0:55,Sí
1087,07-01-24,TEISA 1,Súper,23.45,3.1,72.69,SUV,72.69,Transferencia,XYZ-5678,8.0:26,No
1088,07-02-24,TEISA 1,Diésel,38.58,1.8,69.44,Bus,69.45,Efectivo,KLM-4321,11.0:37,Sí
1089,07-02-24,TEISA 1,Extra,8.31,2.4,19.94,Motocicleta,19.95,Transferencia,KLM-4321,13.000009,No
1090,07-02-24,TEISA 1,Extra,27.43,2.4,65.83,Motocicleta,65.83,Tarjeta,KLM-4321,8.0:35,Sí
1091,07-02-24,TEISA 1,Diésel,35.25,1.8,63.45,Motocicleta,63.45,Efectivo,TUV-8765,21.0:19,No
1092,07-02-24,TEISA 1,Diésel,90.48,1.8,162.86,Bus,162.87,Transferencia,Unidad 303,7.0:51,Sí
1093,07-02-24,TEISA 1,Diésel,31.66,1.8,56.99,SUV,56.98,Tarjeta,TUV-8765,6.0:49,No
1094,07-03-24,TEISA 1,Súper,22.0,3.1,68.2,Camioneta,68.19,Transferencia,ABC-1234,19.0000000,Sí
1095,07-03-24,TEISA 1,Extra,30.9,2.4,74.16,Camioneta,74.15,Efectivo,ABC-1234,15.0:35,No
1096,07-03-24,TEISA 1,Súper,51.03,3.1,158.19,Bus,158.19,Efectivo,Unidad 404,18.0:49,Sí
1097,07-03-24,TEISA 1,Diésel,10.48,1.8,18.86,Bus,18.86,Tarjeta,ABC-1234,5.0:54,No
1098,07-03-24,TEISA 1,Extra,15.51,2.4,37.22,Motocicleta,37.22,Efectivo,XYZ-5678,18.000001,No
1099,07-03-24,TEISA 1,Diésel,60.13,1.8,108.23,Bus,108.24,Transferencia,Unidad 404,11.0000000,Sí
1100,07-03-24,TEISA 1,Extra,47.4,2.4,113.76,Bus,113.75,Efectivo,Unidad 303,7.0:37,Sí
1101,07-03-24,TEISA 2,Diésel,14.48,1.8,26.06,Sedán,26.06,Efectivo,XYZ-5678,13.0:35,No
1102,07-04-24,TEISA 1,Diésel,108.79,1.8,195.82,Bus,195.83,Transferencia,Unidad 303,5.0:42,Sí
1103,07-04-24,TEISA 1,Diésel,12.73,1.8,22.91,Camioneta,22.91,Tarjeta,TUV-8765,18.0:11,No
1104,07-04-24,TEISA 1,Diésel,21.27,1.8,38.29,Motocicleta,38.28,Transferencia,KLM-4321,20.0:46,Sí
1105,07-04-24,TEISA 1,Súper,32.45,3.1,100.6,Bus,100.58,Transferencia,Unidad 202,16.0:49,Sí
1106,07-04-24,TEISA 1,Diésel,103.65,1.8,186.57,Bus,186.57,Efectivo,Unidad 101,5.0:55,Sí
1107,07-04-24,TEISA 1,Súper,14.0,3.1,43.4,Camioneta,43.4,Efectivo,XYZ-5678,12.0:59,No
1108,07-04-24,TEISA 1,Súper,8.38,3.1,25.98,Bus,25.98,Efectivo,ABC-1234,8.0:19,Sí
1109,07-05-24,TEISA 1,Súper,13.05,3.1,40.46,Motocicleta,40.44,Tarjeta,ABC-1234,5.0:41,Sí
1110,07-05-24,TEISA 1,Diésel,36.17,1.8,65.11,Sedán,65.1,Transferencia,TUV-8765,9.0:42,Sí
1111,07-05-24,TEISA 1,Diésel,21.25,1.8,38.25,Bus,38.25,Transferencia,TUV-8765,10.0000000,No
1112,07-05-24,TEISA 1,Extra,19.49,2.4,46.78,Bus,46.78,Efectivo,KLM-4321,6.0:11,Sí
1113,07-05-24,TEISA 1,Diésel,78.34,1.8,141.01,Bus,141.02,Efectivo,Unidad 202,12.0:16,Sí
1114,07-05-24,TEISA 1,Súper,45.72,3.1,141.73,Bus,141.73,Tarjeta,Unidad 303,20.0:54,Sí
1115,07-05-24,TEISA 1,Súper,33.95,3.1,105.25,Bus,105.25,Transferencia,Unidad 303,16.0:15,Sí
1116,07-05-24,TEISA 1,Diésel,85.37,1.8,153.67,Bus,153.66,Tarjeta,Unidad 404,7.000008,Sí
1117,07-06-24,TEISA 1,Súper,25.23,3.1,78.21,Camioneta,78.21,Transferencia,TUV-8765,12.0:58,Sí
1118,07-06-24,TEISA 1,Extra,32.75,2.4,78.6,SUV,78.6,Tarjeta,KLM-4321,17.0:26,Sí
1119,07-06-24,TEISA 1,Extra,32.29,2.4,77.5,Bus,77.49,Efectivo,XYZ-5678,6.0:18,Sí
1120,07-06-24,TEISA 1,Súper,8.36,3.1,25.92,Motocicleta,25.92,Tarjeta,TUV-8765,17.0:21,No
1121,07-06-24,TEISA 1,Súper,10.58,3.1,32.8,SUV,32.8,Efectivo,XYZ-5678,6.0:53,No
1122,07-06-24,TEISA 1,Súper,53.6,3.1,166.16,Bus,166.17,Tarjeta,Unidad 202,12.0:46,Sí
1123,07-07-24,TEISA 1,Extra,31.71,2.4,76.1,Bus,76.11,Transferencia,ABC-1234,6.0:49,Sí
1124,07-07-24,TEISA 1,Diésel,24.51,1.8,44.12,Bus,44.11,Efectivo,KLM-4321,15.0:56,Sí
1125,07-07-24,TEISA 1,Diésel,105.44,1.8,189.79,Bus,189.79,Transferencia,Unidad 101,12.0:58,Sí
1126,07-07-24,TEISA 1,Extra,23.58,2.4,56.59,Camioneta,56.59,Transferencia,TUV-8765,13.0000000,No
1127,07-07-24,TEISA 1,Súper,17.24,3.1,53.44,Camioneta,53.43,Tarjeta,TUV-8765,12.0:36,No
1128,07-07-24,TEISA 1,Extra,12.29,2.4,29.5,Sedán,29.49,Transferencia,ABC-1234,5.0:23,Sí
1129,07-08-24,TEISA 1,Súper,47.82,3.1,148.24,Bus,148.25,Efectivo,Unidad 202,13.0:58,Sí
1130,07-08-24,TEISA 2,Diésel,24.11,1.8,43.4,SUV,43.39,Efectivo,TUV-8765,18.0:41,Sí
1131,07-08-24,TEISA 1,Súper,16.39,3.1,50.81,SUV,50.81,Efectivo,XYZ-5678,18.0:34,No
1132,07-08-24,TEISA 1,Súper,41.47,3.1,128.56,Bus,128.57,Efectivo,Unidad 101,19.0:45,Sí
1133,07-09-24,TEISA 1,Extra,18.05,2.4,43.32,Bus,43.32,Tarjeta,TUV-8765,15.0:14,No
1134,07-09-24,TEISA 1,Súper,7.07,3.1,21.92,Motocicleta,21.93,Transferencia,XYZ-5678,13.0000000,No
1135,07-09-24,TEISA 2,Extra,69.01,2.4,165.62,Bus,165.63,Transferencia,Unidad 404,9.000007,Sí
1136,07-09-24,TEISA 1,Extra,6.78,2.4,16.27,Camioneta,16.27,Tarjeta,KLM-4321,14.0:16,No
1137,07-09-24,TEISA 2,Súper,16.39,3.1,50.81,Sedán,50.81,Efectivo,XYZ-5678,8.0:51,No
1138,07-09-24,TEISA 1,Diésel,40.84,1.8,73.51,Bus,73.52,Transferencia,TUV-8765,18.0:57,Sí
1139,07-09-24,TEISA 1,Súper,13.2,3.1,40.92,Camioneta,40.92,Transferencia,KLM-4321,14.000008,No
1140,07-09-24,TEISA 2,Extra,63.57,2.4,152.57,Bus,152.56,Efectivo,Unidad 303,7.0:39,Sí
1141,07-10-24,TEISA 1,Diésel,38.27,1.8,68.89,Motocicleta,68.89,Tarjeta,ABC-1234,12.000002,Sí
1142,07-10-24,TEISA 1,Diésel,41.94,1.8,75.49,SUV,75.49,Tarjeta,ABC-1234,10.0:39,No
1143,07-10-24,TEISA 1,Diésel,26.03,1.8,46.85,Camioneta,46.86,Efectivo,KLM-4321,18.0:53,Sí
1144,07-10-24,TEISA 2,Extra,20.63,2.4,49.51,Bus,49.52,Transferencia,ABC-1234,6.0:54,Sí
1145,07-10-24,TEISA 2,Diésel,12.77,1.8,22.99,SUV,22.98,Efectivo,ABC-1234,10.000005,No
1146,07-10-24,TEISA 1,Extra,8.85,2.4,21.24,SUV,21.23,Efectivo,ABC-1234,10.0:29,Sí
1147,07-10-24,TEISA 1,Diésel,99.89,1.8,179.8,Bus,179.81,Tarjeta,Unidad 101,5.0:35,Sí
1148,07-10-24,TEISA 1,Extra,75.93,2.4,182.23,Bus,182.23,Transferencia,Unidad 101,18.0:37,Sí
1149,07-11-24,TEISA 1,Diésel,18.56,1.8,33.41,Bus,33.41,Efectivo,XYZ-5678,8.000001,No
1150,07-11-24,TEISA 1,Súper,43.9,3.1,136.09,Bus,136.08,Tarjeta,Unidad 404,15.0:23,Sí
1151,07-11-24,TEISA 2,Extra,45.44,2.4,109.06,Bus,109.06,Transferencia,Unidad 404,7.000003,Sí
1152,07-11-24,TEISA 1,Diésel,24.99,1.8,44.98,SUV,44.98,Efectivo,TUV-8765,8.0:37,No
1153,07-12-24,TEISA 2,Súper,63.85,3.1,197.94,Bus,197.94,Tarjeta,Unidad 303,13.0000000,Sí
1154,07-12-24,TEISA 1,Diésel,65.64,1.8,118.15,Bus,118.15,Tarjeta,Unidad 202,11.0000000,Sí
1155,07-12-24,TEISA 1,Extra,69.89,2.4,167.74,Bus,167.73,Transferencia,Unidad 101,20.0:33,Sí
1156,07-12-24,TEISA 1,Extra,28.51,2.4,68.42,Sedán,68.42,Tarjeta,XYZ-5678,11.0:37,Sí
1157,07-13-24,TEISA 2,Extra,54.8,2.4,131.52,Bus,131.52,Tarjeta,Unidad 202,16.0:49,Sí
1158,07-13-24,TEISA 1,Diésel,62.41,1.8,112.34,Bus,112.34,Tarjeta,Unidad 202,0.0:22,Sí
1159,07-13-24,TEISA 1,Extra,74.29,2.4,178.3,Bus,178.29,Efectivo,Unidad 202,12.0000000,Sí
1160,07-13-24,TEISA 1,Extra,19.2,2.4,46.08,Sedán,46.07,Efectivo,TUV-8765,6.0:48,No
1161,07-13-24,TEISA 1,Diésel,18.27,1.8,32.89,SUV,32.89,Tarjeta,XYZ-5678,9.0:48,No
1162,07-13-24,TEISA 1,Diésel,19.69,1.8,35.44,Sedán,35.45,Transferencia,TUV-8765,9.0:43,No
1163,07-14-24,TEISA 2,Diésel,96.88,1.8,174.38,Bus,174.38,Efectivo,Unidad 303,12.0000000,Sí
1164,07-14-24,TEISA 1,Diésel,35.27,1.8,63.49,Camioneta,63.49,Tarjeta,XYZ-5678,13.000003,No
1165,07-14-24,TEISA 1,Diésel,20.61,1.8,37.1,Motocicleta,37.09,Transferencia,KLM-4321,21.0:43,Sí
1166,07-14-24,TEISA 1,Extra,17.03,2.4,40.87,SUV,40.87,Tarjeta,XYZ-5678,18.0:33,Sí
1167,07-14-24,TEISA 1,Extra,32.12,2.4,77.09,Bus,77.08,Efectivo,XYZ-5678,12.0:18,No
1168,07-15-24,TEISA 1,Diésel,7.67,1.8,13.81,Camioneta,13.81,Tarjeta,TUV-8765,8.0:14,No
1169,07-15-24,TEISA 1,Diésel,89.95,1.8,161.91,Bus,161.91,Tarjeta,Unidad 202,7.000004,Sí
1170,07-15-24,TEISA 2,Diésel,84.16,1.8,151.49,Bus,151.49,Tarjeta,Unidad 101,20.0:46,Sí
1171,07-15-24,TEISA 1,Extra,13.54,2.4,32.5,Bus,32.5,Transferencia,TUV-8765,11.0:54,No
1172,07-16-24,TEISA 1,Extra,77.34,2.4,185.62,Bus,185.61,Tarjeta,Unidad 303,18.000005,Sí
1173,07-16-24,TEISA 1,Súper,10.02,3.1,31.06,Bus,31.06,Efectivo,XYZ-5678,5.0:53,No
1174,07-16-24,TEISA 1,Diésel,32.34,1.8,58.21,Motocicleta,58.21,Efectivo,KLM-4321,5.000007,Sí
1175,07-16-24,TEISA 2,Diésel,41.79,1.8,75.22,Motocicleta,75.23,Tarjeta,TUV-8765,19.0:14,Sí
1176,07-17-24,TEISA 1,Súper,5.3,3.1,16.43,Camioneta,16.42,Transferencia,TUV-8765,11.000003,No
1177,07-17-24,TEISA 2,Súper,13.22,3.1,40.98,Camioneta,40.98,Transferencia,XYZ-5678,5.0:55,Sí
1178,07-17-24,TEISA 1,Extra,54.31,2.4,130.34,Bus,130.35,Tarjeta,Unidad 404,14.000004,Sí
1179,07-17-24,TEISA 2,Extra,21.37,2.4,51.29,Sedán,51.29,Tarjeta,TUV-8765,0.0:22,Sí
1180,07-17-24,TEISA 1,Diésel,83.18,1.8,149.72,Bus,149.72,Efectivo,Unidad 101,17.0000000,Sí
1181,07-17-24,TEISA 2,Extra,18.69,2.4,44.86,SUV,44.85,Transferencia,XYZ-5678,9.0:29,No
1182,07-18-24,TEISA 1,Diésel,91.66,1.8,164.99,Bus,164.98,Transferencia,Unidad 303,12.0:18,Sí
1183,07-18-24,TEISA 1,Diésel,41.42,1.8,74.56,SUV,74.55,Efectivo,XYZ-5678,21.0:47,Sí
1184,07-18-24,TEISA 1,Súper,32.32,3.1,100.19,Bus,100.2,Transferencia,Unidad 101,14.0:34,Sí
1185,07-18-24,TEISA 2,Extra,27.5,2.4,66.0,Bus,66.0,Efectivo,ABC-1234,13.0:43,Sí
1186,07-18-24,TEISA 1,Extra,25.91,2.4,62.18,SUV,62.19,Efectivo,XYZ-5678,7.000007,Sí
1187,07-19-24,TEISA 1,Diésel,18.13,1.8,32.63,Motocicleta,32.63,Efectivo,XYZ-5678,12.000004,No
1188,07-19-24,TEISA 1,Súper,5.02,3.1,15.56,Bus,15.57,Efectivo,ABC-1234,7.0:32,Sí
1189,07-19-24,TEISA 1,Diésel,29.03,1.8,52.25,Camioneta,52.25,Transferencia,KLM-4321,14.0000000,No
1190,07-19-24,TEISA 1,Extra,25.44,2.4,61.06,Camioneta,61.06,Transferencia,TUV-8765,9.0:12,No
1191,07-19-24,TEISA 1,Diésel,7.29,1.8,13.12,SUV,13.12,Transferencia,KLM-4321,7.0:36,No
1192,07-19-24,TEISA 1,Súper,47.22,3.1,146.38,Bus,146.39,Tarjeta,Unidad 404,17.0:13,Sí
1193,07-20-24,TEISA 2,Diésel,32.87,1.8,59.17,SUV,59.17,Efectivo,KLM-4321,7.0:29,No
1194,07-20-24,TEISA 1,Extra,55.9,2.4,134.16,Bus,134.17,Transferencia,Unidad 404,9.000002,Sí
1195,07-20-24,TEISA 1,Extra,10.09,2.4,24.22,Camioneta,24.22,Tarjeta,KLM-4321,5.0:15,No
1196,07-20-24,TEISA 1,Diésel,33.01,1.8,59.42,SUV,59.41,Transferencia,XYZ-5678,12.000004,No
1197,07-20-24,TEISA 1,Súper,54.61,3.1,169.29,Bus,169.28,Efectivo,Unidad 101,13.0:37,Sí
1198,07-20-24,TEISA 1,Diésel,40.57,1.8,73.03,Camioneta,73.03,Tarjeta,XYZ-5678,21.0000000,No
1199,07-20-24,TEISA 2,Súper,7.43,3.1,23.03,Camioneta,23.02,Tarjeta,XYZ-5678,12.0:27,Sí
1200,07-21-24,TEISA 1,Diésel,13.28,1.8,23.9,Camioneta,23.9,Tarjeta,XYZ-5678,10.0000000,Sí
1201,07-21-24,TEISA 1,Extra,82.08,2.4,196.99,Bus,196.99,Tarjeta,Unidad 404,11.0:23,Sí
1202,07-21-24,TEISA 1,Extra,8.19,2.4,19.66,Motocicleta,19.65,Efectivo,TUV-8765,20.0:43,No
1203,07-21-24,TEISA 1,Diésel,79.86,1.8,143.75,Bus,143.74,Efectivo,Unidad 404,9.0:24,Sí
1204,07-21-24,TEISA 1,Extra,61.43,2.4,147.43,Bus,147.43,Efectivo,Unidad 202,19.0:27,Sí
1205,07-21-24,TEISA 1,Súper,47.32,3.1,146.69,Bus,146.7,Efectivo,Unidad 101,7.0:28,Sí
1206,07-21-24,TEISA 1,Extra,54.97,2.4,131.93,Bus,131.92,Tarjeta,Unidad 404,16.0000000,Sí
1207,07-21-24,TEISA 1,Súper,57.74,3.1,178.99,Bus,178.99,Transferencia,Unidad 303,11.0:14,Sí
1208,07-22-24,TEISA 2,Súper,13.23,3.1,41.01,Sedán,41.02,Tarjeta,XYZ-5678,11.0000000,Sí
1209,07-22-24,TEISA 2,Súper,19.71,3.1,61.1,Sedán,61.11,Transferencia,TUV-8765,19.0:55,No
1210,07-22-24,TEISA 1,Extra,27.85,2.4,66.84,SUV,66.85,Tarjeta,KLM-4321,21.0:46,No
1211,07-22-24,TEISA 1,Súper,11.43,3.1,35.43,SUV,35.43,Efectivo,XYZ-5678,12.0:36,Sí
1212,07-22-24,TEISA 1,Súper,43.64,3.1,135.28,Bus,135.29,Transferencia,Unidad 404,13.0:29,Sí
1213,07-23-24,TEISA 1,Extra,27.79,2.4,66.7,Bus,66.7,Efectivo,TUV-8765,13.0:49,Sí
1214,07-23-24,TEISA 1,Súper,17.22,3.1,53.38,SUV,53.38,Tarjeta,TUV-8765,14.0:28,Sí
1215,07-23-24,TEISA 1,Extra,29.24,2.4,70.18,Bus,70.17,Efectivo,KLM-4321,17.0:24,Sí
1216,07-23-24,TEISA 1,Extra,42.8,2.4,102.72,Bus,102.73,Tarjeta,Unidad 404,10.0:19,Sí
1217,07-24-24,TEISA 1,Súper,24.87,3.1,77.1,Bus,77.1,Efectivo,KLM-4321,7.0:21,Sí
1218,07-24-24,TEISA 1,Extra,30.11,2.4,72.26,Bus,72.26,Tarjeta,TUV-8765,8.0000000,No
1219,07-24-24,TEISA 1,Extra,57.49,2.4,137.98,Bus,137.97,Transferencia,Unidad 404,5.0:19,Sí
1220,07-24-24,TEISA 1,Diésel,99.62,1.8,179.32,Bus,179.32,Tarjeta,Unidad 101,12.0000000,Sí
1221,07-24-24,TEISA 1,Extra,67.73,2.4,162.55,Bus,162.55,Efectivo,Unidad 303,5.0:26,Sí
1222,07-25-24,TEISA 1,Diésel,98.03,1.8,176.45,Bus,176.45,Transferencia,Unidad 404,7.0:55,Sí
1223,07-25-24,TEISA 2,Extra,14.48,2.4,34.75,Sedán,34.76,Tarjeta,ABC-1234,21.000006,No
1224,07-25-24,TEISA 1,Súper,60.5,3.1,187.55,Bus,187.55,Transferencia,Unidad 202,10.0:12,Sí
1225,07-25-24,TEISA 1,Extra,16.07,2.4,38.57,Sedán,38.57,Efectivo,TUV-8765,5.000002,No
1226,07-25-24,TEISA 2,Diésel,32.28,1.8,58.1,Motocicleta,58.1,Efectivo,TUV-8765,19.0:33,No
1227,07-25-24,TEISA 2,Diésel,75.86,1.8,136.55,Bus,136.54,Efectivo,Unidad 303,7.0:48,Sí
1228,07-25-24,TEISA 1,Extra,80.99,2.4,194.38,Bus,194.38,Tarjeta,Unidad 202,20.0:46,Sí
1229,07-26-24,TEISA 1,Extra,33.13,2.4,79.51,Camioneta,79.52,Efectivo,TUV-8765,5.0:14,Sí
1230,07-26-24,TEISA 1,Súper,59.73,3.1,185.16,Bus,185.17,Tarjeta,Unidad 303,12.000003,Sí
1231,07-26-24,TEISA 2,Extra,52.1,2.4,125.04,Bus,125.03,Efectivo,Unidad 101,20.0:43,Sí
1232,07-26-24,TEISA 1,Diésel,28.85,1.8,51.93,Sedán,51.93,Efectivo,TUV-8765,9.0000000,No
1233,07-26-24,TEISA 1,Diésel,10.49,1.8,18.88,Camioneta,18.89,Efectivo,TUV-8765,19.000005,No
1234,07-26-24,TEISA 2,Súper,21.55,3.1,66.81,Camioneta,66.79,Efectivo,TUV-8765,15.0:14,No
1235,07-26-24,TEISA 1,Extra,58.59,2.4,140.62,Bus,140.62,Transferencia,Unidad 202,8.0:56,Sí
1236,07-27-24,TEISA 1,Súper,21.06,3.1,65.29,Sedán,65.28,Efectivo,XYZ-5678,16.000007,No
1237,07-27-24,TEISA 2,Diésel,44.38,1.8,79.88,Camioneta,79.89,Efectivo,ABC-1234,10.0:43,No
1238,07-27-24,TEISA 1,Extra,8.82,2.4,21.17,SUV,21.16,Tarjeta,ABC-1234,11.000005,No
1239,07-27-24,TEISA 2,Súper,4.13,3.1,12.8,Motocicleta,12.81,Transferencia,XYZ-5678,18.0:35,Sí
1240,07-27-24,TEISA 1,Súper,49.02,3.1,151.96,Bus,151.95,Efectivo,Unidad 303,16.0:54,Sí
1241,07-28-24,TEISA 1,Extra,12.94,2.4,31.06,Bus,31.06,Tarjeta,TUV-8765,14.0:36,Sí
1242,07-28-24,TEISA 1,Súper,57.06,3.1,176.89,Bus,176.88,Tarjeta,Unidad 202,12.0:44,Sí
1243,07-28-24,TEISA 1,Extra,15.02,2.4,36.05,Camioneta,36.05,Tarjeta,TUV-8765,19.0:32,No
1244,07-28-24,TEISA 1,Súper,25.42,3.1,78.8,Motocicleta,78.81,Efectivo,XYZ-5678,15.0:18,No
1245,07-29-24,TEISA 1,Diésel,25.62,1.8,46.12,Motocicleta,46.11,Efectivo,XYZ-5678,8.0:17,No
1246,07-29-24,TEISA 1,Súper,17.81,3.1,55.21,SUV,55.21,Transferencia,ABC-1234,7.000002,No
1247,07-29-24,TEISA 1,Diésel,59.33,1.8,106.79,Bus,106.8,Transferencia,Unidad 101,20.0:35,Sí
1248,07-29-24,TEISA 1,Súper,9.68,3.1,30.01,Bus,30.01,Efectivo,XYZ-5678,6.0:26,No
1249,07-29-24,TEISA 1,Extra,14.57,2.4,34.97,SUV,34.97,Efectivo,XYZ-5678,12.0:29,Sí
1250,07-30-24,TEISA 1,Extra,73.12,2.4,175.49,Bus,175.49,Transferencia,Unidad 101,15.000007,Sí
1251,07-30-24,TEISA 1,Súper,48.78,3.1,151.22,Bus,151.21,Transferencia,Unidad 404,7.0:24,Sí
1252,07-30-24,TEISA 1,Extra,68.88,2.4,165.31,Bus,165.32,Efectivo,Unidad 101,16.0:59,Sí
1253,07-30-24,TEISA 2,Súper,63.77,3.1,197.69,Bus,197.69,Transferencia,Unidad 202,7.0:28,Sí
1254,07-30-24,TEISA 1,Diésel,26.32,1.8,47.38,SUV,47.38,Transferencia,KLM-4321,15.0:52,No
1255,07-30-24,TEISA 1,Súper,18.17,3.1,56.33,SUV,56.32,Tarjeta,TUV-8765,13.000009,No
1256,07-30-24,TEISA 1,Diésel,39.01,1.8,70.22,Camioneta,70.22,Tarjeta,XYZ-5678,9.0:51,Sí
1257,07-30-24,TEISA 2,Súper,13.29,3.1,41.2,Bus,41.19,Transferencia,TUV-8765,19.000005,Sí
1258,07-31-24,TEISA 1,Diésel,58.92,1.8,106.06,Bus,106.06,Tarjeta,Unidad 202,20.0:53,Sí
1259,07-31-24,TEISA 1,Diésel,82.57,1.8,148.63,Bus,148.63,Transferencia,Unidad 404,18.0:51,Sí
1260,07-31-24,TEISA 1,Extra,16.44,2.4,39.46,Motocicleta,39.45,Transferencia,KLM-4321,17.0:12,No
1261,07-31-24,TEISA 1,Extra,81.7,2.4,196.08,Bus,196.09,Efectivo,Unidad 303,14.0:34,Sí
1262,07-31-24,TEISA 1,Súper,59.87,3.1,185.6,Bus,185.61,Transferencia,Unidad 404,15.0:42,Sí
1263,07-31-24,TEISA 1,Diésel,15.49,1.8,27.88,Bus,27.88,Transferencia,KLM-4321,16.000002,Sí
1264,07-31-24,TEISA 1,Súper,11.97,3.1,37.11,Motocicleta,37.11,Transferencia,TUV-8765,6.0:14,No
1265,08-01-24,TEISA 1,Súper,4.39,3.1,13.61,Camioneta,13.62,Transferencia,TUV-8765,20.0:47,Sí
1266,08-01-24,TEISA 2,Extra,72.58,2.4,174.19,Bus,174.2,Efectivo,Unidad 101,19.0:11,Sí
1267,08-01-24,TEISA 1,Extra,13.15,2.4,31.56,SUV,31.56,Tarjeta,KLM-4321,5.0:21,No
1268,08-01-24,TEISA 1,Diésel,42.89,1.8,77.2,Bus,77.2,Transferencia,XYZ-5678,14.000002,Sí
1269,08-01-24,TEISA 1,Súper,18.4,3.1,57.04,Camioneta,57.03,Tarjeta,KLM-4321,16.0000000,No
1270,08-01-24,TEISA 1,Extra,12.87,2.4,30.89,Sedán,30.89,Efectivo,TUV-8765,9.0:53,No
1271,08-01-24,TEISA 1,Súper,10.64,3.1,32.98,Camioneta,32.99,Tarjeta,TUV-8765,12.0:14,Sí
1272,08-01-24,TEISA 1,Extra,78.0,2.4,187.2,Bus,187.21,Tarjeta,Unidad 303,12.0:16,Sí
1273,08-02-24,TEISA 1,Diésel,14.49,1.8,26.08,Motocicleta,26.09,Efectivo,ABC-1234,20.0:29,No
1274,08-02-24,TEISA 1,Diésel,13.79,1.8,24.82,Bus,24.82,Transferencia,TUV-8765,13.0:57,Sí
1275,08-02-24,TEISA 1,Diésel,31.43,1.8,56.57,Motocicleta,56.58,Tarjeta,TUV-8765,21.0:12,No
1276,08-02-24,TEISA 1,Súper,9.25,3.1,28.68,Motocicleta,28.67,Tarjeta,KLM-4321,11.0:59,Sí
1277,08-02-24,TEISA 1,Extra,55.17,2.4,132.41,Bus,132.42,Tarjeta,Unidad 303,7.0000000,Sí
1278,08-02-24,TEISA 1,Súper,5.1,3.1,15.81,Motocicleta,15.81,Efectivo,TUV-8765,15.0:28,Sí
1279,08-03-24,TEISA 1,Extra,27.38,2.4,65.71,Bus,65.71,Transferencia,TUV-8765,9.0:29,Sí
1280,08-03-24,TEISA 1,Extra,67.28,2.4,161.47,Bus,161.48,Tarjeta,Unidad 303,7.0000000,Sí
1281,08-03-24,TEISA 1,Súper,11.03,3.1,34.19,Motocicleta,34.19,Efectivo,ABC-1234,16.0:49,Sí
1282,08-03-24,TEISA 1,Extra,5.73,2.4,13.75,Camioneta,13.74,Tarjeta,TUV-8765,7.0:51,Sí
1283,08-03-24,TEISA 2,Extra,31.4,2.4,75.36,Sedán,75.37,Efectivo,ABC-1234,20.000009,No
1284,08-03-24,TEISA 1,Extra,23.09,2.4,55.42,Motocicleta,55.42,Efectivo,ABC-1234,10.0:58,No
1285,08-03-24,TEISA 1,Diésel,23.07,1.8,41.53,Sedán,41.53,Transferencia,ABC-1234,7.0:34,Sí
1286,08-04-24,TEISA 1,Extra,16.38,2.4,39.31,Sedán,39.32,Efectivo,XYZ-5678,9.0:19,Sí
1287,08-04-24,TEISA 1,Extra,64.87,2.4,155.69,Bus,155.69,Tarjeta,Unidad 202,17.0:23,Sí
1288,08-04-24,TEISA 1,Súper,23.38,3.1,72.48,Sedán,72.49,Efectivo,XYZ-5678,10.0:51,Sí
1289,08-04-24,TEISA 1,Extra,25.52,2.4,61.25,SUV,61.25,Tarjeta,KLM-4321,9.0:55,Sí
1290,08-04-24,TEISA 1,Diésel,14.71,1.8,26.48,Bus,26.48,Tarjeta,KLM-4321,17.0000000,No
1291,08-04-24,TEISA 1,Súper,15.93,3.1,49.38,SUV,49.37,Efectivo,KLM-4321,8.0:38,Sí
1292,08-05-24,TEISA 1,Extra,11.74,2.4,28.18,SUV,28.18,Tarjeta,TUV-8765,7.0:55,Sí
1293,08-05-24,TEISA 1,Súper,13.36,3.1,41.42,Motocicleta,41.43,Tarjeta,KLM-4321,12.0:21,No
1294,08-05-24,TEISA 1,Diésel,38.7,1.8,69.66,Camioneta,69.66,Transferencia,TUV-8765,13.0:16,No
1295,08-05-24,TEISA 1,Extra,32.38,2.4,77.71,SUV,77.72,Efectivo,TUV-8765,12.0:39,No
1296,08-05-24,TEISA 1,Extra,65.47,2.4,157.13,Bus,157.14,Transferencia,Unidad 404,19.0:29,Sí
1297,08-05-24,TEISA 1,Diésel,77.81,1.8,140.06,Bus,140.06,Efectivo,Unidad 202,9.0:11,Sí
1298,08-06-24,TEISA 2,Súper,43.33,3.1,134.32,Bus,134.31,Tarjeta,Unidad 202,17.0:54,Sí
1299,08-06-24,TEISA 1,Extra,74.19,2.4,178.06,Bus,178.06,Tarjeta,Unidad 202,6.0000000,Sí
1300,08-06-24,TEISA 1,Extra,29.95,2.4,71.88,Sedán,71.89,Transferencia,KLM-4321,11.0:43,No
1301,08-06-24,TEISA 1,Diésel,18.77,1.8,33.79,Sedán,33.79,Transferencia,KLM-4321,20.000006,No
1302,08-07-24,TEISA 1,Extra,71.74,2.4,172.18,Bus,172.18,Tarjeta,Unidad 101,11.0:14,Sí
1303,08-07-24,TEISA 1,Extra,13.84,2.4,33.22,SUV,33.21,Tarjeta,ABC-1234,19.0:33,No
1304,08-07-24,TEISA 1,Súper,56.93,3.1,176.48,Bus,176.49,Tarjeta,Unidad 101,19.000009,Sí
1305,08-07-24,TEISA 1,Diésel,22.88,1.8,41.18,SUV,41.19,Tarjeta,XYZ-5678,6.0:23,No
1306,08-08-24,TEISA 1,Súper,22.89,3.1,70.96,Camioneta,70.95,Tarjeta,ABC-1234,20.000009,No
1307,08-08-24,TEISA 1,Diésel,28.02,1.8,50.44,SUV,50.44,Efectivo,TUV-8765,10.0:49,Sí
1308,08-08-24,TEISA 1,Diésel,107.72,1.8,193.9,Bus,193.9,Transferencia,Unidad 303,12.0:41,Sí
1309,08-08-24,TEISA 1,Extra,66.42,2.4,159.41,Bus,159.41,Tarjeta,Unidad 404,19.0:53,Sí
1310,08-08-24,TEISA 2,Diésel,36.71,1.8,66.08,Camioneta,66.08,Transferencia,KLM-4321,21.0:42,No
1311,08-08-24,TEISA 1,Diésel,13.33,1.8,23.99,Sedán,24.0,Efectivo,TUV-8765,9.000002,No
1312,08-09-24,TEISA 1,Diésel,38.87,1.8,69.97,Motocicleta,69.96,Tarjeta,TUV-8765,7.0:26,No
1313,08-09-24,TEISA 1,Súper,20.02,3.1,62.06,SUV,62.06,Transferencia,ABC-1234,14.0:18,No
1314,08-09-24,TEISA 1,Súper,8.61,3.1,26.69,Sedán,26.68,Tarjeta,TUV-8765,12.0000000,No
1315,08-09-24,TEISA 1,Diésel,109.32,1.8,196.78,Bus,196.77,Efectivo,Unidad 202,21.0:37,Sí
1316,08-09-24,TEISA 1,Diésel,27.7,1.8,49.86,SUV,49.86,Tarjeta,XYZ-5678,12.0:58,No
1317,08-09-24,TEISA 1,Súper,43.19,3.1,133.89,Bus,133.89,Tarjeta,Unidad 303,11.0:46,Sí
1318,08-09-24,TEISA 1,Extra,25.03,2.4,60.07,SUV,60.07,Tarjeta,TUV-8765,6.0:17,No
1319,08-10-24,TEISA 1,Súper,36.18,3.1,112.16,Bus,112.15,Efectivo,Unidad 202,6.0:11,Sí
1320,08-10-24,TEISA 1,Súper,21.43,3.1,66.43,Sedán,66.43,Efectivo,ABC-1234,7.0:37,No
1321,08-10-24,TEISA 2,Extra,7.43,2.4,17.83,SUV,17.82,Transferencia,XYZ-5678,9.0:57,No
1322,08-10-24,TEISA 1,Diésel,30.1,1.8,54.18,Bus,54.18,Tarjeta,ABC-1234,17.0:21,Sí
1323,08-10-24,TEISA 1,Extra,68.08,2.4,163.39,Bus,163.39,Tarjeta,Unidad 303,6.0:15,Sí
1324,08-10-24,TEISA 1,Extra,8.9,2.4,21.36,Motocicleta,21.35,Transferencia,ABC-1234,19.0:46,No
1325,08-11-24,TEISA 1,Súper,13.15,3.1,40.77,SUV,40.76,Transferencia,ABC-1234,15.0:32,Sí
1326,08-11-24,TEISA 1,Súper,5.54,3.1,17.17,Bus,17.16,Transferencia,ABC-1234,20.0:54,No
1327,08-11-24,TEISA 1,Diésel,20.06,1.8,36.11,Camioneta,36.11,Efectivo,KLM-4321,21.000003,Sí
1328,08-11-24,TEISA 1,Diésel,98.4,1.8,177.12,Bus,177.12,Transferencia,Unidad 303,13.0:48,Sí
1329,08-11-24,TEISA 1,Extra,5.2,2.4,12.48,Sedán,12.47,Tarjeta,KLM-4321,12.000001,No
1330,08-11-24,TEISA 1,Extra,19.81,2.4,47.54,Sedán,47.54,Tarjeta,TUV-8765,15.0:11,No
1331,08-11-24,TEISA 2,Súper,48.93,3.1,151.68,Bus,151.69,Tarjeta,Unidad 202,13.0000000,Sí
1332,08-12-24,TEISA 1,Extra,12.17,2.4,29.21,Motocicleta,29.21,Tarjeta,ABC-1234,7.000002,No
1333,08-12-24,TEISA 2,Súper,5.31,3.1,16.46,SUV,16.46,Transferencia,XYZ-5678,20.0:41,No
1334,08-12-24,TEISA 1,Extra,19.73,2.4,47.35,Sedán,47.35,Efectivo,ABC-1234,17.000007,No
1335,08-12-24,TEISA 2,Extra,67.95,2.4,163.08,Bus,163.08,Tarjeta,Unidad 404,12.0:53,Sí
1336,08-12-24,TEISA 1,Súper,22.07,3.1,68.42,Camioneta,68.41,Efectivo,ABC-1234,7.0:26,Sí
1337,08-12-24,TEISA 1,Extra,10.5,2.4,25.2,Sedán,25.2,Transferencia,KLM-4321,13.0:23,Sí
1338,08-12-24,TEISA 2,Extra,27.36,2.4,65.66,Motocicleta,65.67,Tarjeta,TUV-8765,21.0:37,No
1339,08-12-24,TEISA 1,Súper,55.58,3.1,172.3,Bus,172.29,Transferencia,Unidad 404,16.0:26,Sí
1340,08-13-24,TEISA 2,Extra,55.5,2.4,133.2,Bus,133.2,Tarjeta,Unidad 202,12.0:15,Sí
1341,08-13-24,TEISA 1,Diésel,83.72,1.8,150.7,Bus,150.69,Efectivo,Unidad 303,20.0:38,Sí
1342,08-13-24,TEISA 1,Extra,72.91,2.4,174.98,Bus,174.98,Tarjeta,Unidad 303,12.0:48,Sí
1343,08-13-24,TEISA 1,Súper,21.04,3.1,65.22,Bus,65.23,Transferencia,TUV-8765,12.0:43,Sí
1344,08-13-24,TEISA 1,Extra,15.4,2.4,36.96,Motocicleta,36.97,Tarjeta,TUV-8765,6.0:27,No
1345,08-13-24,TEISA 1,Diésel,41.26,1.8,74.27,Bus,74.26,Efectivo,KLM-4321,21.0:51,Sí
1346,08-13-24,TEISA 1,Súper,41.13,3.1,127.5,Bus,127.51,Tarjeta,Unidad 202,14.0:32,Sí
1347,08-13-24,TEISA 1,Súper,15.35,3.1,47.59,SUV,47.6,Efectivo,TUV-8765,18.000007,Sí
1348,08-14-24,TEISA 1,Extra,33.05,2.4,79.32,Bus,79.31,Efectivo,KLM-4321,12.0:44,Sí
1349,08-14-24,TEISA 2,Diésel,77.98,1.8,140.36,Bus,140.37,Tarjeta,Unidad 404,9.000001,Sí
1350,08-14-24,TEISA 1,Súper,33.77,3.1,104.69,Bus,104.7,Tarjeta,Unidad 101,9.0000000,Sí
1351,08-14-24,TEISA 1,Diésel,8.15,1.8,14.67,SUV,14.67,Tarjeta,ABC-1234,6.000009,No
1352,08-14-24,TEISA 1,Súper,4.33,3.1,13.42,Motocicleta,13.41,Efectivo,KLM-4321,17.000006,Sí
1353,08-14-24,TEISA 1,Diésel,23.85,1.8,42.93,Sedán,42.93,Tarjeta,ABC-1234,14.0:41,No
1354,08-14-24,TEISA 1,Diésel,16.13,1.8,29.03,Bus,29.03,Transferencia,TUV-8765,9.0:54,No
1355,08-14-24,TEISA 1,Extra,4.33,2.4,10.39,Motocicleta,10.39,Tarjeta,TUV-8765,7.000009,Sí
1356,08-15-24,TEISA 2,Diésel,61.7,1.8,111.06,Bus,111.06,Tarjeta,Unidad 101,9.000008,Sí
1357,08-15-24,TEISA 1,Extra,28.73,2.4,68.95,Motocicleta,68.95,Efectivo,XYZ-5678,7.0:38,Sí
1358,08-15-24,TEISA 1,Extra,16.82,2.4,40.37,Camioneta,40.37,Efectivo,XYZ-5678,20.0:18,No
1359,08-15-24,TEISA 1,Súper,21.67,3.1,67.18,Bus,67.17,Tarjeta,XYZ-5678,11.0:55,Sí
1360,08-16-24,TEISA 1,Diésel,28.89,1.8,52.0,SUV,52.01,Tarjeta,TUV-8765,9.000002,Sí
1361,08-16-24,TEISA 1,Extra,16.39,2.4,39.34,Bus,39.34,Efectivo,TUV-8765,0.0:22,Sí
1362,08-16-24,TEISA 1,Súper,61.42,3.1,190.4,Bus,190.39,Transferencia,Unidad 303,8.0:18,Sí
1363,08-16-24,TEISA 2,Extra,23.02,2.4,55.25,SUV,55.26,Tarjeta,ABC-1234,5.000006,No
1364,08-16-24,TEISA 1,Súper,47.33,3.1,146.72,Bus,146.72,Tarjeta,Unidad 101,12.0:51,Sí
1365,08-16-24,TEISA 1,Diésel,69.7,1.8,125.46,Bus,125.46,Efectivo,Unidad 404,16.0:19,Sí
1366,08-16-24,TEISA 1,Extra,8.33,2.4,19.99,Bus,20.0,Transferencia,TUV-8765,12.0:26,No
1367,08-17-24,TEISA 1,Diésel,21.22,1.8,38.2,Motocicleta,38.2,Transferencia,TUV-8765,15.0:17,No
1368,08-17-24,TEISA 1,Extra,11.82,2.4,28.37,SUV,28.36,Tarjeta,TUV-8765,20.0:49,Sí
1369,08-17-24,TEISA 1,Súper,24.68,3.1,76.51,SUV,76.52,Transferencia,XYZ-5678,8.0:53,No
1370,08-17-24,TEISA 1,Súper,11.14,3.1,34.53,Camioneta,34.53,Efectivo,KLM-4321,10.0:18,No
1371,08-17-24,TEISA 1,Extra,14.05,2.4,33.72,Camioneta,33.73,Tarjeta,XYZ-5678,13.0:28,Sí
1372,08-17-24,TEISA 2,Súper,24.62,3.1,76.32,Motocicleta,76.31,Transferencia,KLM-4321,12.0:18,No
1373,08-18-24,TEISA 1,Extra,21.52,2.4,51.65,Camioneta,51.64,Transferencia,XYZ-5678,18.000001,No
1374,08-18-24,TEISA 2,Súper,47.1,3.1,146.01,Bus,146.01,Efectivo,Unidad 101,16.0:51,Sí
1375,08-18-24,TEISA 1,Extra,25.38,2.4,60.91,Bus,60.9,Efectivo,ABC-1234,21.0:14,No
1376,08-18-24,TEISA 1,Diésel,62.93,1.8,113.27,Bus,113.27,Tarjeta,Unidad 202,7.0:15,Sí
1377,08-18-24,TEISA 1,Súper,39.31,3.1,121.86,Bus,121.86,Transferencia,Unidad 303,13.0:17,Sí
1378,08-19-24,TEISA 1,Súper,25.53,3.1,79.14,Camioneta,79.14,Efectivo,XYZ-5678,7.0:11,Sí
1379,08-19-24,TEISA 1,Diésel,20.58,1.8,37.04,Camioneta,37.04,Transferencia,XYZ-5678,19.0000000,Sí
1380,08-19-24,TEISA 1,Extra,32.38,2.4,77.71,Camioneta,77.72,Efectivo,KLM-4321,17.000004,Sí
1381,08-19-24,TEISA 1,Extra,16.42,2.4,39.41,Camioneta,39.41,Transferencia,KLM-4321,14.000006,Sí
1382,08-19-24,TEISA 1,Diésel,15.66,1.8,28.19,Bus,28.19,Tarjeta,XYZ-5678,21.0:46,Sí
1383,08-20-24,TEISA 1,Súper,35.16,3.1,109.0,Bus,109.0,Transferencia,Unidad 202,8.0:13,Sí
1384,08-20-24,TEISA 1,Diésel,37.25,1.8,67.05,Motocicleta,67.05,Tarjeta,TUV-8765,21.0:42,No
1385,08-20-24,TEISA 2,Súper,23.97,3.1,74.31,Sedán,74.32,Efectivo,KLM-4321,16.0:38,No
1386,08-20-24,TEISA 1,Súper,39.99,3.1,123.97,Bus,123.98,Efectivo,Unidad 303,21.0:45,Sí
1387,08-21-24,TEISA 2,Súper,43.96,3.1,136.28,Bus,136.29,Efectivo,Unidad 303,0.0:22,Sí
1388,08-21-24,TEISA 1,Diésel,100.29,1.8,180.52,Bus,180.52,Efectivo,Unidad 202,20.0:47,Sí
1389,08-21-24,TEISA 1,Diésel,59.04,1.8,106.27,Bus,106.28,Efectivo,Unidad 101,20.0:34,Sí
1390,08-21-24,TEISA 2,Diésel,21.48,1.8,38.66,Bus,38.66,Efectivo,TUV-8765,11.0000000,No
1391,08-21-24,TEISA 1,Extra,8.43,2.4,20.23,Camioneta,20.22,Efectivo,KLM-4321,12.0:21,Sí
1392,08-21-24,TEISA 1,Súper,11.9,3.1,36.89,Bus,36.88,Tarjeta,TUV-8765,7.000005,No
1393,08-21-24,TEISA 1,Extra,32.74,2.4,78.58,Bus,78.58,Transferencia,KLM-4321,21.0000000,No
1394,08-22-24,TEISA 2,Súper,43.64,3.1,135.28,Bus,135.29,Transferencia,Unidad 404,17.0:36,Sí
1395,08-22-24,TEISA 2,Súper,16.51,3.1,51.18,Sedán,51.17,Transferencia,TUV-8765,19.0:42,Sí
1396,08-22-24,TEISA 2,Súper,20.79,3.1,64.45,Camioneta,64.44,Tarjeta,XYZ-5678,0.0:22,No
1397,08-22-24,TEISA 1,Súper,7.6,3.1,23.56,Sedán,23.57,Efectivo,ABC-1234,5.0000000,Sí
1398,08-22-24,TEISA 1,Diésel,93.33,1.8,167.99,Bus,168.0,Transferencia,Unidad 404,6.0000000,Sí
1399,08-22-24,TEISA 1,Diésel,25.23,1.8,45.41,Bus,45.42,Transferencia,XYZ-5678,21.0000000,Sí
1400,08-22-24,TEISA 1,Diésel,61.61,1.8,110.9,Bus,110.89,Tarjeta,Unidad 202,6.0:13,Sí
1401,08-23-24,TEISA 1,Súper,11.63,3.1,36.05,Camioneta,36.04,Transferencia,ABC-1234,19.0:23,Sí
1402,08-23-24,TEISA 1,Extra,60.4,2.4,144.96,Bus,144.96,Tarjeta,Unidad 101,8.0:45,Sí
1403,08-23-24,TEISA 1,Extra,30.94,2.4,74.26,Bus,74.26,Efectivo,ABC-1234,9.0:43,Sí
1404,08-23-24,TEISA 1,Súper,64.34,3.1,199.45,Bus,199.46,Transferencia,Unidad 202,16.0:11,Sí
1405,08-23-24,TEISA 2,Diésel,14.7,1.8,26.46,Bus,26.46,Tarjeta,ABC-1234,12.0:29,Sí
1406,08-23-24,TEISA 2,Diésel,6.25,1.8,11.25,Sedán,11.25,Transferencia,KLM-4321,19.000002,Sí
1407,08-24-24,TEISA 1,Diésel,61.86,1.8,111.35,Bus,111.34,Efectivo,Unidad 303,6.0:36,Sí
1408,08-24-24,TEISA 2,Extra,42.92,2.4,103.01,Bus,103.01,Transferencia,Unidad 202,18.0:31,Sí
1409,08-24-24,TEISA 1,Súper,24.82,3.1,76.94,SUV,76.94,Transferencia,XYZ-5678,17.0:14,No
1410,08-24-24,TEISA 2,Súper,40.47,3.1,125.46,Bus,125.45,Tarjeta,Unidad 202,17.0:51,Sí
1411,08-24-24,TEISA 1,Súper,24.24,3.1,75.14,Camioneta,75.13,Efectivo,TUV-8765,13.000009,Sí
1412,08-24-24,TEISA 1,Súper,42.82,3.1,132.74,Bus,132.75,Efectivo,Unidad 404,16.0:34,Sí
1413,08-24-24,TEISA 2,Extra,10.93,2.4,26.23,Camioneta,26.23,Transferencia,TUV-8765,20.0:25,No
1414,08-24-24,TEISA 1,Diésel,25.09,1.8,45.16,Motocicleta,45.16,Transferencia,ABC-1234,13.0:57,Sí
1415,08-25-24,TEISA 2,Diésel,44.18,1.8,79.52,Sedán,79.52,Tarjeta,XYZ-5678,8.0:17,No
1416,08-25-24,TEISA 1,Diésel,73.12,1.8,131.62,Bus,131.61,Transferencia,Unidad 202,20.000003,Sí
1417,08-25-24,TEISA 1,Diésel,30.69,1.8,55.24,SUV,55.24,Efectivo,TUV-8765,21.0:55,Sí
1418,08-25-24,TEISA 1,Extra,63.43,2.4,152.23,Bus,152.23,Transferencia,Unidad 303,12.000004,Sí
1419,08-25-24,TEISA 1,Diésel,80.86,1.8,145.55,Bus,145.54,Tarjeta,Unidad 303,17.0:29,Sí
1420,08-26-24,TEISA 1,Súper,16.13,3.1,50.0,Camioneta,49.99,Transferencia,KLM-4321,17.0:53,Sí
1421,08-26-24,TEISA 1,Súper,14.21,3.1,44.05,Motocicleta,44.04,Efectivo,KLM-4321,18.0:46,No
1422,08-26-24,TEISA 2,Extra,72.97,2.4,175.13,Bus,175.12,Efectivo,Unidad 303,19.0:39,Sí
1423,08-26-24,TEISA 2,Extra,27.68,2.4,66.43,Bus,66.42,Transferencia,XYZ-5678,19.000007,No
1424,08-26-24,TEISA 1,Extra,26.15,2.4,62.76,Bus,62.77,Efectivo,ABC-1234,18.0:46,Sí
1425,08-27-24,TEISA 1,Diésel,35.33,1.8,63.59,Sedán,63.6,Transferencia,KLM-4321,9.0:13,No
1426,08-27-24,TEISA 1,Súper,14.91,3.1,46.22,Camioneta,46.21,Efectivo,XYZ-5678,5.0:27,Sí
1427,08-27-24,TEISA 1,Súper,33.93,3.1,105.18,Bus,105.19,Efectivo,Unidad 303,6.0:36,Sí
1428,08-27-24,TEISA 2,Diésel,37.67,1.8,67.81,SUV,67.8,Transferencia,TUV-8765,5.0:53,Sí
1429,08-27-24,TEISA 1,Diésel,18.21,1.8,32.78,Bus,32.77,Transferencia,XYZ-5678,0.0:22,Sí
1430,08-27-24,TEISA 1,Súper,10.74,3.1,33.29,Motocicleta,33.3,Transferencia,TUV-8765,11.0:46,Sí
1431,08-27-24,TEISA 2,Diésel,86.97,1.8,156.55,Bus,156.54,Tarjeta,Unidad 202,16.0:23,Sí
1432,08-27-24,TEISA 1,Diésel,21.01,1.8,37.82,Camioneta,37.82,Tarjeta,TUV-8765,10.0:15,Sí
1433,08-28-24,TEISA 1,Súper,16.05,3.1,49.76,Sedán,49.77,Transferencia,KLM-4321,20.0:13,Sí
1434,08-28-24,TEISA 2,Súper,25.36,3.1,78.62,Bus,78.63,Tarjeta,KLM-4321,19.0:29,No
1435,08-28-24,TEISA 1,Diésel,84.16,1.8,151.49,Bus,151.48,Transferencia,Unidad 202,20.0:29,Sí
1436,08-28-24,TEISA 1,Extra,10.4,2.4,24.96,SUV,24.95,Transferencia,XYZ-5678,15.0:18,No
1437,08-29-24,TEISA 2,Extra,30.36,2.4,72.86,Motocicleta,72.87,Efectivo,TUV-8765,16.0:52,Sí
1438,08-29-24,TEISA 1,Súper,54.95,3.1,170.35,Bus,170.36,Efectivo,Unidad 303,18.0:33,Sí
1439,08-29-24,TEISA 1,Súper,48.39,3.1,150.01,Bus,150.01,Transferencia,Unidad 404,17.0000000,Sí
1440,08-29-24,TEISA 1,Súper,58.75,3.1,182.12,Bus,182.12,Efectivo,Unidad 202,5.0:45,Sí
1441,08-29-24,TEISA 1,Extra,24.55,2.4,58.92,SUV,58.92,Tarjeta,KLM-4321,16.0:15,No
1442,08-30-24,TEISA 1,Súper,11.03,3.1,34.19,Bus,34.2,Tarjeta,XYZ-5678,16.0:11,No
1443,08-30-24,TEISA 1,Súper,44.57,3.1,138.17,Bus,138.17,Efectivo,Unidad 303,5.0:33,Sí
1444,08-30-24,TEISA 1,Súper,16.96,3.1,52.58,SUV,52.59,Efectivo,TUV-8765,16.0:23,Sí
1445,08-30-24,TEISA 1,Diésel,6.48,1.8,11.66,Sedán,11.66,Tarjeta,TUV-8765,12.000006,Sí
1446,08-31-24,TEISA 2,Diésel,16.57,1.8,29.83,Bus,29.83,Efectivo,KLM-4321,14.0:37,No
1447,08-31-24,TEISA 1,Súper,7.86,3.1,24.37,Sedán,24.38,Transferencia,XYZ-5678,6.0:38,Sí
1448,08-31-24,TEISA 1,Diésel,35.97,1.8,64.75,Camioneta,64.74,Tarjeta,KLM-4321,20.0:56,No
1449,08-31-24,TEISA 1,Súper,45.35,3.1,140.59,Bus,140.57,Transferencia,Unidad 303,17.0000000,Sí
1450,08-31-24,TEISA 1,Súper,49.2,3.1,152.52,Bus,152.51,Transferencia,Unidad 303,12.0:31,Sí
1451,08-31-24,TEISA 1,Diésel,64.16,1.8,115.49,Bus,115.49,Tarjeta,Unidad 101,17.0000000,Sí
1452,08-31-24,TEISA 1,Extra,24.78,2.4,59.47,Bus,59.46,Transferencia,KLM-4321,21.0:27,No
1453,08-31-24,TEISA 1,Súper,19.24,3.1,59.64,Camioneta,59.64,Tarjeta,KLM-4321,21.0:24,Sí
1454,09-01-24,TEISA 2,Diésel,15.21,1.8,27.38,Bus,27.37,Transferencia,XYZ-5678,15.0:41,No
1455,09-01-24,TEISA 2,Súper,55.15,3.1,170.97,Bus,170.96,Efectivo,Unidad 404,8.0:33,Sí
1456,09-01-24,TEISA 1,Súper,12.17,3.1,37.73,Bus,37.73,Efectivo,ABC-1234,9.0:17,No
1457,09-01-24,TEISA 1,Diésel,17.94,1.8,32.29,Camioneta,32.3,Efectivo,XYZ-5678,9.0:26,Sí
1458,09-01-24,TEISA 1,Extra,6.93,2.4,16.63,Bus,16.63,Tarjeta,ABC-1234,9.0:37,Sí
1459,09-01-24,TEISA 1,Extra,14.03,2.4,33.67,SUV,33.67,Transferencia,XYZ-5678,17.000001,No
1460,09-01-24,TEISA 2,Extra,28.78,2.4,69.07,Sedán,69.07,Transferencia,KLM-4321,8.0:49,Sí
1461,09-02-24,TEISA 1,Extra,19.45,2.4,46.68,Motocicleta,46.67,Tarjeta,KLM-4321,13.000004,Sí
1462,09-02-24,TEISA 1,Extra,15.02,2.4,36.05,Motocicleta,36.05,Transferencia,TUV-8765,14.0:39,No
1463,09-02-24,TEISA 1,Súper,11.2,3.1,34.72,Motocicleta,34.72,Tarjeta,TUV-8765,11.000007,No
1464,09-02-24,TEISA 1,Extra,25.73,2.4,61.75,Motocicleta,61.75,Tarjeta,KLM-4321,12.0:29,Sí
1465,09-02-24,TEISA 1,Súper,10.36,3.1,32.12,Motocicleta,32.13,Transferencia,ABC-1234,19.0000000,No
1466,09-03-24,TEISA 2,Extra,61.43,2.4,147.43,Bus,147.43,Efectivo,Unidad 202,12.0:37,Sí
1467,09-03-24,TEISA 1,Diésel,58.68,1.8,105.62,Bus,105.62,Transferencia,Unidad 101,5.0:17,Sí
1468,09-03-24,TEISA 1,Diésel,30.27,1.8,54.49,SUV,54.49,Transferencia,TUV-8765,5.0:37,Sí
1469,09-03-24,TEISA 1,Extra,67.53,2.4,162.07,Bus,162.06,Tarjeta,Unidad 202,14.0:17,Sí
1470,09-03-24,TEISA 2,Diésel,6.88,1.8,12.38,Bus,12.38,Tarjeta,KLM-4321,16.0:43,Sí
1471,09-03-24,TEISA 2,Extra,76.9,2.4,184.56,Bus,184.57,Tarjeta,Unidad 202,10.000006,Sí
1472,09-03-24,TEISA 2,Súper,20.12,3.1,62.37,Camioneta,62.38,Tarjeta,XYZ-5678,8.0:24,Sí
1473,09-03-24,TEISA 1,Súper,10.41,3.1,32.27,Sedán,32.27,Efectivo,XYZ-5678,20.0:54,No
1474,09-04-24,TEISA 1,Extra,13.9,2.4,33.36,Camioneta,33.37,Tarjeta,TUV-8765,14.0:24,Sí
1475,09-04-24,TEISA 1,Diésel,5.57,1.8,10.03,Motocicleta,10.02,Transferencia,XYZ-5678,19.000009,No
1476,09-04-24,TEISA 1,Súper,5.76,3.1,17.86,SUV,17.85,Transferencia,TUV-8765,17.0:54,Sí
1477,09-04-24,TEISA 1,Extra,9.85,2.4,23.64,Camioneta,23.63,Transferencia,KLM-4321,6.0:39,No
1478,09-05-24,TEISA 1,Diésel,6.14,1.8,11.05,Motocicleta,11.05,Tarjeta,XYZ-5678,7.0:28,No
1479,09-05-24,TEISA 1,Diésel,17.61,1.8,31.7,Sedán,31.7,Transferencia,XYZ-5678,17.0:33,No
1480,09-05-24,TEISA 2,Extra,8.27,2.4,19.85,Bus,19.85,Tarjeta,ABC-1234,10.0:14,Sí
1481,09-05-24,TEISA 1,Súper,64.28,3.1,199.27,Bus,199.28,Efectivo,Unidad 202,14.0:47,Sí
1482,09-06-24,TEISA 1,Extra,24.1,2.4,57.84,Camioneta,57.85,Efectivo,XYZ-5678,8.0:32,Sí
1483,09-06-24,TEISA 1,Súper,7.85,3.1,24.34,Camioneta,24.34,Efectivo,TUV-8765,13.0:57,No
1484,09-06-24,TEISA 2,Diésel,83.56,1.8,150.41,Bus,150.41,Efectivo,Unidad 404,6.0:31,Sí
1485,09-06-24,TEISA 1,Súper,5.23,3.1,16.21,Sedán,16.22,Efectivo,TUV-8765,20.000002,No
1486,09-06-24,TEISA 1,Súper,5.34,3.1,16.55,Camioneta,16.54,Efectivo,ABC-1234,20.0:15,No
1487,09-07-24,TEISA 1,Extra,29.5,2.4,70.8,Motocicleta,70.79,Tarjeta,ABC-1234,7.0:55,No
1488,09-07-24,TEISA 1,Diésel,110.57,1.8,199.03,Bus,199.02,Tarjeta,Unidad 303,13.0:19,Sí
1489,09-07-24,TEISA 1,Diésel,18.01,1.8,32.42,Bus,32.42,Efectivo,ABC-1234,12.0000000,No
1490,09-07-24,TEISA 1,Extra,26.2,2.4,62.88,Bus,62.88,Efectivo,XYZ-5678,7.000009,No
1491,09-08-24,TEISA 1,Súper,39.47,3.1,122.36,Bus,122.35,Transferencia,Unidad 404,6.000002,Sí
1492,09-08-24,TEISA 1,Súper,11.19,3.1,34.69,Camioneta,34.68,Efectivo,ABC-1234,13.0:46,Sí
1493,09-08-24,TEISA 1,Extra,9.61,2.4,23.06,Camioneta,23.06,Efectivo,KLM-4321,14.000004,Sí
1494,09-08-24,TEISA 1,Extra,75.58,2.4,181.39,Bus,181.39,Transferencia,Unidad 101,21.0:47,Sí
1495,09-08-24,TEISA 1,Diésel,68.27,1.8,122.89,Bus,122.88,Tarjeta,Unidad 303,17.0:51,Sí
1496,09-08-24,TEISA 1,Súper,41.49,3.1,128.62,Bus,128.62,Tarjeta,Unidad 303,8.0:14,Sí
1497,09-08-24,TEISA 1,Súper,35.84,3.1,111.1,Bus,111.11,Efectivo,Unidad 101,20.0:27,Sí
1498,09-08-24,TEISA 1,Extra,21.64,2.4,51.94,SUV,51.93,Tarjeta,KLM-4321,13.000007,Sí
1499,09-09-24,TEISA 1,Súper,17.91,3.1,55.52,Bus,55.52,Efectivo,TUV-8765,9.0:31,No
1500,09-09-24,TEISA 1,Súper,12.09,3.1,37.48,Camioneta,37.48,Tarjeta,TUV-8765,17.0:35,No
1501,09-09-24,TEISA 1,Extra,26.31,2.4,63.14,Motocicleta,63.14,Efectivo,ABC-1234,20.0:53,No
1502,09-09-24,TEISA 1,Súper,4.09,3.1,12.68,Camioneta,12.68,Tarjeta,XYZ-5678,19.0:45,No
1503,09-10-24,TEISA 1,Extra,53.32,2.4,127.97,Bus,127.97,Tarjeta,Unidad 303,12.000003,Sí
1504,09-10-24,TEISA 1,Diésel,20.07,1.8,36.13,Sedán,36.13,Efectivo,KLM-4321,8.0:36,Sí
1505,09-10-24,TEISA 1,Diésel,26.74,1.8,48.13,SUV,48.14,Tarjeta,XYZ-5678,20.0:41,Sí
1506,09-10-24,TEISA 1,Diésel,14.24,1.8,25.63,SUV,25.63,Tarjeta,KLM-4321,15.0:29,No
1507,09-10-24,TEISA 1,Extra,20.02,2.4,48.05,SUV,48.04,Transferencia,XYZ-5678,6.0:54,Sí
1508,09-11-24,TEISA 1,Diésel,28.28,1.8,50.9,Bus,50.9,Efectivo,ABC-1234,20.0:16,Sí
1509,09-11-24,TEISA 1,Diésel,41.93,1.8,75.47,Sedán,75.47,Efectivo,KLM-4321,21.0:34,Sí
1510,09-11-24,TEISA 2,Extra,32.53,2.4,78.07,SUV,78.06,Transferencia,TUV-8765,16.0:11,No
1511,09-11-24,TEISA 1,Extra,15.26,2.4,36.62,SUV,36.62,Transferencia,TUV-8765,10.0000000,No
1512,09-11-24,TEISA 1,Extra,32.45,2.4,77.88,Motocicleta,77.88,Tarjeta,ABC-1234,6.0:56,Sí
1513,09-11-24,TEISA 1,Extra,59.76,2.4,143.42,Bus,143.42,Tarjeta,Unidad 101,14.0:37,Sí
1514,09-12-24,TEISA 1,Diésel,27.03,1.8,48.65,Motocicleta,48.66,Transferencia,XYZ-5678,16.0:49,No
1515,09-12-24,TEISA 1,Súper,23.31,3.1,72.26,Camioneta,72.27,Efectivo,ABC-1234,12.0:12,No
1516,09-12-24,TEISA 1,Diésel,63.52,1.8,114.34,Bus,114.33,Efectivo,Unidad 404,11.0:53,Sí
1517,09-12-24,TEISA 1,Extra,15.48,2.4,37.15,Bus,37.16,Transferencia,KLM-4321,21.0:31,No
1518,09-13-24,TEISA 1,Diésel,60.39,1.8,108.7,Bus,108.7,Efectivo,Unidad 101,19.0:12,Sí
1519,09-13-24,TEISA 1,Súper,8.27,3.1,25.64,Camioneta,25.65,Transferencia,KLM-4321,5.0:31,Sí
1520,09-13-24,TEISA 1,Súper,7.84,3.1,24.3,Bus,24.29,Efectivo,TUV-8765,5.0000000,Sí
1521,09-13-24,TEISA 1,Diésel,32.1,1.8,57.78,Motocicleta,57.78,Efectivo,XYZ-5678,8.0:54,Sí
1522,09-13-24,TEISA 1,Súper,10.17,3.1,31.53,Camioneta,31.52,Tarjeta,TUV-8765,11.0:14,Sí
1523,09-13-24,TEISA 1,Diésel,25.38,1.8,45.68,Sedán,45.68,Tarjeta,KLM-4321,6.0:46,No
1524,09-14-24,TEISA 1,Súper,39.41,3.1,122.17,Bus,122.18,Tarjeta,Unidad 202,14.0:21,Sí
1525,09-14-24,TEISA 1,Extra,13.95,2.4,33.48,Sedán,33.48,Transferencia,XYZ-5678,9.0:38,No
1526,09-14-24,TEISA 1,Diésel,57.35,1.8,103.23,Bus,103.23,Tarjeta,Unidad 202,21.0:48,Sí
1527,09-14-24,TEISA 1,Súper,21.86,3.1,67.77,Sedán,67.78,Efectivo,TUV-8765,19.0:29,Sí
1528,09-14-24,TEISA 1,Súper,9.86,3.1,30.57,Bus,30.56,Transferencia,ABC-1234,10.0:54,Sí
1529,09-14-24,TEISA 2,Extra,6.89,2.4,16.54,Bus,16.53,Transferencia,TUV-8765,16.0:11,No
1530,09-14-24,TEISA 1,Súper,4.91,3.1,15.22,Camioneta,15.22,Efectivo,XYZ-5678,11.000005,Sí
1531,09-15-24,TEISA 1,Extra,7.18,2.4,17.23,Motocicleta,17.23,Efectivo,TUV-8765,19.0:11,No
1532,09-15-24,TEISA 2,Súper,58.75,3.1,182.12,Bus,182.11,Efectivo,Unidad 303,19.0:59,Sí
1533,09-15-24,TEISA 1,Extra,16.94,2.4,40.66,Camioneta,40.66,Efectivo,TUV-8765,19.0:51,Sí
1534,09-15-24,TEISA 2,Súper,58.55,3.1,181.5,Bus,181.52,Transferencia,Unidad 202,21.0:36,Sí
1535,09-15-24,TEISA 1,Súper,17.31,3.1,53.66,SUV,53.66,Transferencia,XYZ-5678,13.0:26,Sí
1536,09-16-24,TEISA 2,Extra,24.27,2.4,58.25,SUV,58.26,Tarjeta,KLM-4321,16.0:14,No
1537,09-16-24,TEISA 1,Extra,54.58,2.4,130.99,Bus,131.0,Tarjeta,Unidad 404,12.0000000,Sí
1538,09-16-24,TEISA 1,Diésel,37.21,1.8,66.98,Motocicleta,66.97,Transferencia,TUV-8765,6.000007,Sí
1539,09-16-24,TEISA 1,Diésel,86.62,1.8,155.92,Bus,155.91,Efectivo,Unidad 101,19.0000000,Sí
1540,09-16-24,TEISA 2,Extra,19.75,2.4,47.4,Sedán,47.39,Tarjeta,ABC-1234,15.0:27,No
1541,09-17-24,TEISA 2,Extra,23.41,2.4,56.18,Sedán,56.18,Transferencia,ABC-1234,9.0000000,Sí
1542,09-17-24,TEISA 1,Extra,16.37,2.4,39.29,Camioneta,39.29,Transferencia,KLM-4321,20.0:49,No
1543,09-17-24,TEISA 1,Súper,18.62,3.1,57.72,Camioneta,57.72,Efectivo,KLM-4321,17.0:15,No
1544,09-17-24,TEISA 1,Extra,25.63,2.4,61.51,Sedán,61.51,Transferencia,KLM-4321,7.0:36,No
1545,09-17-24,TEISA 1,Diésel,25.34,1.8,45.61,Motocicleta,45.62,Efectivo,TUV-8765,17.0:41,No
1546,09-18-24,TEISA 1,Diésel,28.06,1.8,50.51,Camioneta,50.5,Tarjeta,KLM-4321,14.0:38,No
1547,09-18-24,TEISA 1,Extra,6.92,2.4,16.61,Motocicleta,16.61,Efectivo,ABC-1234,11.0:47,Sí
1548,09-18-24,TEISA 1,Diésel,44.41,1.8,79.94,Motocicleta,79.94,Tarjeta,TUV-8765,17.0:32,No
1549,09-18-24,TEISA 1,Diésel,56.12,1.8,101.02,Bus,101.02,Efectivo,Unidad 404,18.000005,Sí
1550,09-18-24,TEISA 1,Extra,10.54,2.4,25.3,Bus,25.29,Tarjeta,KLM-4321,21.0:36,No
1551,09-18-24,TEISA 1,Extra,5.75,2.4,13.8,Camioneta,13.81,Transferencia,KLM-4321,5.0:37,No
1552,09-18-24,TEISA 2,Súper,16.83,3.1,52.17,SUV,52.16,Transferencia,KLM-4321,10.0:56,Sí
1553,09-19-24,TEISA 1,Súper,14.0,3.1,43.4,SUV,43.4,Efectivo,XYZ-5678,18.0:32,Sí
1554,09-19-24,TEISA 1,Diésel,30.42,1.8,54.76,Sedán,54.76,Transferencia,TUV-8765,17.0:58,No
1555,09-19-24,TEISA 1,Extra,46.5,2.4,111.6,Bus,111.61,Efectivo,Unidad 303,5.0:28,Sí
1556,09-19-24,TEISA 1,Diésel,10.11,1.8,18.2,Motocicleta,18.2,Tarjeta,KLM-4321,21.0000000,Sí
1557,09-20-24,TEISA 1,Súper,24.54,3.1,76.07,Camioneta,76.07,Transferencia,KLM-4321,11.0:45,No
1558,09-20-24,TEISA 1,Súper,50.88,3.1,157.73,Bus,157.73,Efectivo,Unidad 404,9.0:13,Sí
1559,09-20-24,TEISA 1,Extra,24.55,2.4,58.92,SUV,58.92,Transferencia,TUV-8765,11.0:33,Sí
1560,09-20-24,TEISA 2,Extra,52.12,2.4,125.09,Bus,125.09,Tarjeta,Unidad 101,7.0:19,Sí
1561,09-20-24,TEISA 1,Extra,44.71,2.4,107.3,Bus,107.3,Efectivo,Unidad 101,5.0:35,Sí
1562,09-20-24,TEISA 1,Súper,18.3,3.1,56.73,Camioneta,56.72,Transferencia,ABC-1234,19.0:57,Sí
1563,09-21-24,TEISA 1,Súper,46.64,3.1,144.58,Bus,144.57,Transferencia,Unidad 303,13.0:48,Sí
1564,09-21-24,TEISA 1,Diésel,18.39,1.8,33.1,Motocicleta,33.11,Transferencia,XYZ-5678,19.0:48,Sí
1565,09-21-24,TEISA 1,Extra,14.27,2.4,34.25,Camioneta,34.24,Transferencia,ABC-1234,15.0000000,Sí
1566,09-21-24,TEISA 1,Diésel,25.07,1.8,45.13,Motocicleta,45.12,Efectivo,TUV-8765,10.0:36,Sí
1567,09-21-24,TEISA 1,Súper,21.39,3.1,66.31,SUV,66.31,Transferencia,KLM-4321,19.0:18,No
1568,09-21-24,TEISA 1,Diésel,39.89,1.8,71.8,Bus,71.8,Efectivo,TUV-8765,7.0:15,Sí
1569,09-21-24,TEISA 1,Súper,23.37,3.1,72.45,Bus,72.44,Transferencia,KLM-4321,19.0000000,Sí
1570,09-21-24,TEISA 1,Súper,9.69,3.1,30.04,Motocicleta,30.05,Transferencia,KLM-4321,7.0:37,Sí
1571,09-22-24,TEISA 1,Diésel,21.84,1.8,39.31,Bus,39.32,Transferencia,KLM-4321,20.0:17,Sí
1572,09-22-24,TEISA 2,Diésel,7.69,1.8,13.84,Camioneta,13.85,Tarjeta,TUV-8765,21.0:12,No
1573,09-22-24,TEISA 1,Extra,65.31,2.4,156.74,Bus,156.75,Transferencia,Unidad 202,7.0:21,Sí
1574,09-22-24,TEISA 2,Diésel,103.49,1.8,186.28,Bus,186.29,Tarjeta,Unidad 202,18.0000000,Sí
1575,09-22-24,TEISA 1,Extra,73.25,2.4,175.8,Bus,175.8,Tarjeta,Unidad 202,14.0:46,Sí
1576,09-22-24,TEISA 1,Diésel,21.9,1.8,39.42,SUV,39.42,Tarjeta,KLM-4321,17.0:53,Sí
1577,09-23-24,TEISA 1,Súper,19.59,3.1,60.73,Bus,60.74,Efectivo,XYZ-5678,18.0:26,Sí
1578,09-23-24,TEISA 2,Diésel,6.29,1.8,11.32,SUV,11.33,Transferencia,TUV-8765,8.000009,No
1579,09-23-24,TEISA 1,Súper,17.33,3.1,53.72,Sedán,53.71,Transferencia,TUV-8765,17.000009,No
1580,09-23-24,TEISA 1,Súper,23.53,3.1,72.94,Camioneta,72.93,Tarjeta,TUV-8765,21.0:37,No
1581,09-24-24,TEISA 1,Súper,23.08,3.1,71.55,SUV,71.55,Efectivo,ABC-1234,18.0:49,No
1582,09-24-24,TEISA 2,Extra,33.0,2.4,79.2,Camioneta,79.21,Transferencia,TUV-8765,6.0:19,Sí
1583,09-24-24,TEISA 1,Extra,5.85,2.4,14.04,Motocicleta,14.04,Efectivo,TUV-8765,13.0:57,No
1584,09-24-24,TEISA 1,Súper,34.82,3.1,107.94,Bus,107.95,Efectivo,Unidad 101,7.0:51,Sí
1585,09-24-24,TEISA 2,Súper,7.4,3.1,22.94,Bus,22.94,Efectivo,TUV-8765,19.0:52,Sí
1586,09-24-24,TEISA 1,Súper,18.34,3.1,56.85,Camioneta,56.84,Transferencia,TUV-8765,13.000006,No
1587,09-24-24,TEISA 1,Súper,63.0,3.1,195.3,Bus,195.29,Tarjeta,Unidad 202,13.000001,Sí
1588,09-25-24,TEISA 1,Súper,13.23,3.1,41.01,Camioneta,41.0,Efectivo,KLM-4321,19.000005,Sí
1589,09-25-24,TEISA 1,Extra,4.23,2.4,10.15,Motocicleta,10.16,Transferencia,TUV-8765,17.0:43,Sí
1590,09-25-24,TEISA 1,Diésel,39.17,1.8,70.51,Bus,70.5,Efectivo,TUV-8765,20.000007,Sí
1591,09-25-24,TEISA 1,Diésel,7.09,1.8,12.76,Sedán,12.76,Transferencia,KLM-4321,8.0:57,No
1592,09-26-24,TEISA 1,Súper,38.86,3.1,120.47,Bus,120.46,Efectivo,Unidad 202,20.0:41,Sí
1593,09-26-24,TEISA 2,Extra,81.93,2.4,196.63,Bus,196.63,Tarjeta,Unidad 303,20.0:39,Sí
1594,09-26-24,TEISA 2,Extra,65.85,2.4,158.04,Bus,158.03,Tarjeta,Unidad 202,6.0:39,Sí
1595,09-26-24,TEISA 1,Súper,53.36,3.1,165.42,Bus,165.41,Transferencia,Unidad 303,6.000009,Sí
1596,09-26-24,TEISA 1,Extra,64.92,2.4,155.81,Bus,155.81,Efectivo,Unidad 101,12.0:15,Sí
1597,09-26-24,TEISA 1,Extra,16.81,2.4,40.34,SUV,40.35,Efectivo,KLM-4321,13.0:33,No
1598,09-26-24,TEISA 1,Extra,6.03,2.4,14.47,Bus,14.48,Efectivo,XYZ-5678,17.0:53,Sí
1599,09-26-24,TEISA 1,Diésel,22.89,1.8,41.2,Camioneta,41.21,Efectivo,TUV-8765,5.0:12,Sí
1600,09-27-24,TEISA 1,Diésel,71.21,1.8,128.18,Bus,128.17,Efectivo,Unidad 404,9.0:39,Sí
1601,09-27-24,TEISA 1,Diésel,22.98,1.8,41.36,Motocicleta,41.36,Tarjeta,ABC-1234,11.0:46,No
1602,09-27-24,TEISA 1,Diésel,26.32,1.8,47.38,Motocicleta,47.38,Tarjeta,XYZ-5678,10.0000000,Sí
1603,09-27-24,TEISA 1,Extra,26.25,2.4,63.0,Bus,63.01,Tarjeta,ABC-1234,12.0:54,No
1604,09-27-24,TEISA 1,Extra,78.4,2.4,188.16,Bus,188.16,Transferencia,Unidad 303,15.0:53,Sí
1605,09-27-24,TEISA 1,Súper,54.1,3.1,167.71,Bus,167.72,Tarjeta,Unidad 404,15.0:24,Sí
1606,09-28-24,TEISA 1,Súper,44.84,3.1,139.0,Bus,138.99,Tarjeta,Unidad 404,9.000001,Sí
1607,09-28-24,TEISA 1,Extra,68.2,2.4,163.68,Bus,163.68,Efectivo,Unidad 303,11.0:25,Sí
1608,09-28-24,TEISA 1,Súper,16.02,3.1,49.66,Sedán,49.66,Efectivo,KLM-4321,15.0:24,Sí
1609,09-28-24,TEISA 1,Extra,79.17,2.4,190.01,Bus,190.01,Transferencia,Unidad 202,5.0:44,Sí
1610,09-28-24,TEISA 1,Extra,25.24,2.4,60.58,Motocicleta,60.58,Tarjeta,TUV-8765,8.0:23,Sí
1611,09-28-24,TEISA 1,Diésel,31.29,1.8,56.32,Bus,56.33,Transferencia,TUV-8765,10.0:13,Sí
1612,09-28-24,TEISA 2,Diésel,37.85,1.8,68.13,Bus,68.13,Transferencia,TUV-8765,14.0:46,Sí
1613,09-29-24,TEISA 1,Extra,8.46,2.4,20.3,Bus,20.31,Efectivo,XYZ-5678,6.0:26,No
1614,09-29-24,TEISA 1,Diésel,97.51,1.8,175.52,Bus,175.51,Tarjeta,Unidad 404,21.0:56,Sí
1615,09-29-24,TEISA 2,Extra,52.38,2.4,125.71,Bus,125.7,Transferencia,Unidad 202,17.0000000,Sí
1616,09-29-24,TEISA 1,Súper,14.14,3.1,43.83,Motocicleta,43.83,Tarjeta,KLM-4321,13.0:55,No
1617,09-29-24,TEISA 1,Extra,5.42,2.4,13.01,SUV,13.01,Efectivo,TUV-8765,9.0:32,Sí
1618,09-29-24,TEISA 2,Súper,8.65,3.1,26.82,SUV,26.82,Efectivo,XYZ-5678,19.0:48,Sí
1619,09-29-24,TEISA 2,Diésel,9.03,1.8,16.25,Sedán,16.25,Tarjeta,ABC-1234,12.0:59,No
1620,09-29-24,TEISA 2,Diésel,85.26,1.8,153.47,Bus,153.46,Efectivo,Unidad 101,21.0000000,Sí
1621,09-30-24,TEISA 1,Diésel,30.44,1.8,54.79,Bus,54.8,Transferencia,TUV-8765,7.0:54,No
1622,09-30-24,TEISA 1,Extra,32.3,2.4,77.52,Motocicleta,77.53,Efectivo,ABC-1234,18.0:45,Sí
1623,09-30-24,TEISA 1,Extra,29.95,2.4,71.88,SUV,71.89,Efectivo,KLM-4321,14.000003,Sí
1624,09-30-24,TEISA 1,Diésel,72.33,1.8,130.19,Bus,130.2,Transferencia,Unidad 303,5.0:54,Sí
1625,09-30-24,TEISA 1,Diésel,32.19,1.8,57.94,Bus,57.95,Transferencia,ABC-1234,17.0:38,Sí
1626,09-30-24,TEISA 1,Extra,29.46,2.4,70.7,Sedán,70.7,Transferencia,XYZ-5678,9.0:47,No
1627,10-01-24,TEISA 1,Extra,47.79,2.4,114.7,Bus,114.7,Tarjeta,Unidad 404,10.0:32,Sí
1628,10-01-24,TEISA 1,Súper,11.52,3.1,35.71,Motocicleta,35.71,Tarjeta,KLM-4321,11.0:19,No
1629,10-01-24,TEISA 1,Súper,14.19,3.1,43.99,SUV,43.98,Transferencia,KLM-4321,19.0:34,No
1630,10-01-24,TEISA 1,Extra,45.27,2.4,108.65,Bus,108.66,Tarjeta,Unidad 404,13.000006,Sí
1631,10-01-24,TEISA 1,Diésel,12.84,1.8,23.11,Motocicleta,23.11,Tarjeta,XYZ-5678,0.0:22,No
1632,10-01-24,TEISA 1,Súper,23.38,3.1,72.48,Bus,72.47,Transferencia,ABC-1234,9.0:55,Sí
1633,10-01-24,TEISA 1,Extra,21.47,2.4,51.53,SUV,51.53,Transferencia,TUV-8765,15.0:29,No
1634,10-01-24,TEISA 1,Extra,46.35,2.4,111.24,Bus,111.25,Tarjeta,Unidad 202,11.0000000,Sí
1635,10-02-24,TEISA 1,Diésel,17.81,1.8,32.06,Camioneta,32.05,Tarjeta,XYZ-5678,14.0:32,No
1636,10-02-24,TEISA 2,Súper,11.99,3.1,37.17,Sedán,37.18,Tarjeta,ABC-1234,20.0:16,Sí
1637,10-02-24,TEISA 1,Diésel,97.72,1.8,175.9,Bus,175.9,Efectivo,Unidad 303,12.000007,Sí
1638,10-02-24,TEISA 1,Extra,58.11,2.4,139.46,Bus,139.47,Tarjeta,Unidad 101,10.0:47,Sí
1639,10-02-24,TEISA 1,Extra,4.76,2.4,11.42,Motocicleta,11.43,Transferencia,TUV-8765,16.0:23,No
1640,10-02-24,TEISA 2,Diésel,41.76,1.8,75.17,Camioneta,75.16,Transferencia,TUV-8765,10.0:42,No
1641,10-03-24,TEISA 2,Diésel,89.59,1.8,161.26,Bus,161.27,Tarjeta,Unidad 404,14.0:18,Sí
1642,10-03-24,TEISA 1,Diésel,10.38,1.8,18.68,SUV,18.69,Tarjeta,KLM-4321,15.0:31,Sí
1643,10-03-24,TEISA 1,Extra,12.43,2.4,29.83,Camioneta,29.82,Transferencia,TUV-8765,14.0:49,No
1644,10-03-24,TEISA 1,Súper,14.35,3.1,44.48,Bus,44.47,Tarjeta,ABC-1234,9.0:32,No
1645,10-03-24,TEISA 1,Súper,34.71,3.1,107.6,Bus,107.6,Transferencia,Unidad 101,12.0:53,Sí
1646,10-03-24,TEISA 1,Diésel,15.91,1.8,28.64,Motocicleta,28.63,Tarjeta,XYZ-5678,12.0000000,No
1647,10-04-24,TEISA 1,Extra,19.59,2.4,47.02,Bus,47.01,Tarjeta,XYZ-5678,8.0000000,Sí
1648,10-04-24,TEISA 1,Extra,25.76,2.4,61.82,Motocicleta,61.82,Tarjeta,ABC-1234,14.0:23,No
1649,10-04-24,TEISA 1,Súper,25.34,3.1,78.55,Camioneta,78.54,Efectivo,ABC-1234,20.0000000,No
1650,10-04-24,TEISA 1,Extra,28.09,2.4,67.42,Bus,67.41,Transferencia,XYZ-5678,14.0:45,Sí
1651,10-04-24,TEISA 1,Súper,8.52,3.1,26.41,SUV,26.4,Tarjeta,XYZ-5678,13.0:28,No
1652,10-04-24,TEISA 1,Súper,13.67,3.1,42.38,Camioneta,42.38,Transferencia,KLM-4321,15.0:53,Sí
1653,10-04-24,TEISA 1,Súper,9.02,3.1,27.96,SUV,27.97,Transferencia,KLM-4321,19.0:42,No
1654,10-05-24,TEISA 1,Extra,22.95,2.4,55.08,Camioneta,55.07,Efectivo,TUV-8765,5.0:33,Sí
1655,10-05-24,TEISA 1,Diésel,20.99,1.8,37.78,Camioneta,37.78,Efectivo,ABC-1234,17.000007,No
1656,10-05-24,TEISA 1,Diésel,39.15,1.8,70.47,Bus,70.47,Efectivo,ABC-1234,9.0:35,No
1657,10-05-24,TEISA 1,Extra,20.04,2.4,48.1,Bus,48.09,Tarjeta,TUV-8765,6.0:46,Sí
1658,10-05-24,TEISA 2,Diésel,16.25,1.8,29.25,Motocicleta,29.25,Transferencia,KLM-4321,6.0:38,Sí
1659,10-05-24,TEISA 1,Súper,32.58,3.1,101.0,Bus,101.01,Efectivo,Unidad 303,18.0:53,Sí
1660,10-05-24,TEISA 2,Diésel,25.62,1.8,46.12,Motocicleta,46.11,Efectivo,XYZ-5678,13.0000000,Sí
1661,10-05-24,TEISA 1,Diésel,8.34,1.8,15.01,SUV,15.01,Transferencia,XYZ-5678,12.0:14,No
1662,10-06-24,TEISA 1,Extra,12.87,2.4,30.89,Camioneta,30.88,Transferencia,ABC-1234,9.0:42,Sí
1663,10-06-24,TEISA 1,Diésel,40.53,1.8,72.95,Camioneta,72.96,Efectivo,TUV-8765,11.000002,Sí
1664,10-06-24,TEISA 2,Extra,49.09,2.4,117.82,Bus,117.82,Transferencia,Unidad 404,8.0000000,Sí
1665,10-06-24,TEISA 1,Diésel,10.09,1.8,18.16,Sedán,18.17,Transferencia,XYZ-5678,16.0:29,No
1666,10-06-24,TEISA 1,Diésel,7.02,1.8,12.64,Bus,12.63,Transferencia,XYZ-5678,8.000004,No
1667,10-06-24,TEISA 1,Súper,21.17,3.1,65.63,Motocicleta,65.64,Tarjeta,TUV-8765,13.0:59,Sí
1668,10-07-24,TEISA 2,Extra,18.12,2.4,43.49,Camioneta,43.48,Efectivo,KLM-4321,12.000009,Sí
1669,10-07-24,TEISA 1,Extra,22.57,2.4,54.17,Motocicleta,54.17,Transferencia,KLM-4321,9.000001,No
1670,10-07-24,TEISA 1,Súper,62.58,3.1,194.0,Bus,194.0,Tarjeta,Unidad 404,15.0:39,Sí
1671,10-07-24,TEISA 1,Extra,20.71,2.4,49.7,Sedán,49.71,Transferencia,KLM-4321,16.0:37,No
1672,10-08-24,TEISA 1,Diésel,22.77,1.8,40.99,Sedán,40.99,Transferencia,ABC-1234,19.0:19,Sí
1673,10-08-24,TEISA 1,Diésel,37.49,1.8,67.48,Bus,67.48,Tarjeta,ABC-1234,13.0:44,No
1674,10-08-24,TEISA 2,Diésel,109.53,1.8,197.15,Bus,197.16,Transferencia,Unidad 202,8.0:55,Sí
1675,10-08-24,TEISA 1,Súper,17.13,3.1,53.1,Bus,53.09,Transferencia,TUV-8765,18.0:27,No
1676,10-08-24,TEISA 1,Súper,41.83,3.1,129.67,Bus,129.66,Tarjeta,Unidad 101,7.000007,Sí
1677,10-08-24,TEISA 1,Diésel,38.13,1.8,68.63,Sedán,68.63,Transferencia,TUV-8765,14.0:33,Sí
1678,10-08-24,TEISA 1,Diésel,16.8,1.8,30.24,Motocicleta,30.24,Tarjeta,KLM-4321,18.0:56,No
1679,10-08-24,TEISA 1,Diésel,71.58,1.8,128.84,Bus,128.84,Efectivo,Unidad 404,16.0:25,Sí
1680,10-09-24,TEISA 1,Extra,10.08,2.4,24.19,Motocicleta,24.18,Tarjeta,KLM-4321,14.0:58,No
1681,10-09-24,TEISA 1,Súper,51.1,3.1,158.41,Bus,158.4,Tarjeta,Unidad 101,18.0:45,Sí
1682,10-09-24,TEISA 2,Diésel,36.84,1.8,66.31,Sedán,66.31,Efectivo,TUV-8765,13.0:37,Sí
1683,10-09-24,TEISA 1,Extra,17.52,2.4,42.05,Camioneta,42.04,Transferencia,ABC-1234,18.0:54,No
1684,10-09-24,TEISA 1,Diésel,61.34,1.8,110.41,Bus,110.42,Transferencia,Unidad 101,19.0:23,Sí
1685,10-09-24,TEISA 2,Súper,14.85,3.1,46.04,Sedán,46.04,Transferencia,ABC-1234,9.0:31,No
1686,10-10-24,TEISA 1,Diésel,15.68,1.8,28.22,Bus,28.23,Tarjeta,TUV-8765,13.0:41,Sí
1687,10-10-24,TEISA 1,Diésel,14.94,1.8,26.89,Motocicleta,26.89,Tarjeta,TUV-8765,12.0:12,No
1688,10-10-24,TEISA 2,Extra,21.6,2.4,51.84,Bus,51.83,Tarjeta,ABC-1234,10.0:12,No
1689,10-10-24,TEISA 1,Extra,10.27,2.4,24.65,Sedán,24.65,Tarjeta,TUV-8765,9.0:19,Sí
1690,10-10-24,TEISA 1,Súper,5.31,3.1,16.46,Motocicleta,16.47,Transferencia,ABC-1234,0.0:22,Sí
1691,10-10-24,TEISA 1,Diésel,84.68,1.8,152.42,Bus,152.43,Tarjeta,Unidad 303,14.000008,Sí
1692,10-10-24,TEISA 1,Súper,58.07,3.1,180.02,Bus,180.02,Tarjeta,Unidad 101,18.0:55,Sí
1693,10-11-24,TEISA 1,Diésel,25.4,1.8,45.72,Bus,45.72,Efectivo,TUV-8765,9.000004,Sí
1694,10-11-24,TEISA 1,Súper,20.84,3.1,64.6,Motocicleta,64.59,Efectivo,KLM-4321,11.0:23,Sí
1695,10-11-24,TEISA 2,Extra,29.8,2.4,71.52,Motocicleta,71.53,Tarjeta,KLM-4321,20.0:52,No
1696,10-11-24,TEISA 1,Diésel,79.98,1.8,143.96,Bus,143.97,Efectivo,Unidad 303,8.0:24,Sí
1697,10-11-24,TEISA 1,Diésel,6.14,1.8,11.05,SUV,11.05,Efectivo,TUV-8765,8.0:12,Sí
1698,10-11-24,TEISA 1,Diésel,93.48,1.8,168.26,Bus,168.27,Tarjeta,Unidad 404,14.0:27,Sí
1699,10-11-24,TEISA 1,Extra,30.56,2.4,73.34,Bus,73.35,Tarjeta,KLM-4321,14.0:56,No
1700,10-11-24,TEISA 1,Diésel,25.07,1.8,45.13,SUV,45.13,Transferencia,ABC-1234,21.0000000,Sí
1701,10-12-24,TEISA 1,Diésel,35.38,1.8,63.68,Sedán,63.68,Tarjeta,KLM-4321,14.000005,No
1702,10-12-24,TEISA 1,Extra,6.56,2.4,15.74,Bus,15.75,Tarjeta,ABC-1234,19.0:15,Sí
1703,10-12-24,TEISA 1,Súper,39.62,3.1,122.82,Bus,122.81,Tarjeta,Unidad 101,21.0:46,Sí
1704,10-12-24,TEISA 1,Súper,14.55,3.1,45.11,Sedán,45.09,Transferencia,KLM-4321,16.0:27,Sí
1705,10-12-24,TEISA 2,Súper,20.92,3.1,64.85,SUV,64.84,Efectivo,TUV-8765,21.0:55,Sí
1706,10-12-24,TEISA 1,Diésel,98.74,1.8,177.73,Bus,177.74,Transferencia,Unidad 303,7.0:47,Sí
1707,10-13-24,TEISA 2,Súper,6.0,3.1,18.6,Camioneta,18.6,Efectivo,XYZ-5678,10.0:14,Sí
1708,10-13-24,TEISA 1,Diésel,12.24,1.8,22.03,Motocicleta,22.03,Tarjeta,ABC-1234,16.0:14,No
1709,10-13-24,TEISA 2,Extra,5.72,2.4,13.73,Bus,13.73,Tarjeta,XYZ-5678,10.0:49,Sí
1710,10-13-24,TEISA 1,Súper,9.91,3.1,30.72,SUV,30.71,Tarjeta,TUV-8765,13.0:51,No
1711,10-14-24,TEISA 1,Extra,12.39,2.4,29.74,Motocicleta,29.74,Efectivo,ABC-1234,10.0:25,Sí
1712,10-14-24,TEISA 1,Diésel,98.78,1.8,177.8,Bus,177.8,Efectivo,Unidad 202,7.0:15,Sí
1713,10-14-24,TEISA 1,Extra,72.58,2.4,174.19,Bus,174.2,Tarjeta,Unidad 101,20.000008,Sí
1714,10-14-24,TEISA 2,Extra,4.29,2.4,10.3,SUV,10.3,Tarjeta,XYZ-5678,15.0:32,Sí
1715,10-14-24,TEISA 1,Súper,18.84,3.1,58.4,Sedán,58.39,Efectivo,ABC-1234,20.0:41,Sí
1716,10-14-24,TEISA 1,Súper,16.54,3.1,51.27,Sedán,51.26,Efectivo,TUV-8765,7.000006,Sí
1717,10-14-24,TEISA 1,Extra,75.59,2.4,181.42,Bus,181.42,Transferencia,Unidad 101,8.0:38,Sí
1718,10-15-24,TEISA 1,Extra,58.36,2.4,140.06,Bus,140.07,Tarjeta,Unidad 101,19.0:21,Sí
1719,10-15-24,TEISA 1,Extra,6.47,2.4,15.53,Motocicleta,15.53,Tarjeta,TUV-8765,18.0:32,No
1720,10-15-24,TEISA 1,Súper,9.28,3.1,28.77,Bus,28.77,Efectivo,ABC-1234,11.0:57,Sí
1721,10-15-24,TEISA 1,Súper,39.8,3.1,123.38,Bus,123.38,Tarjeta,Unidad 101,21.0:11,Sí
1722,10-15-24,TEISA 1,Diésel,107.24,1.8,193.03,Bus,193.03,Transferencia,Unidad 303,11.0:27,Sí
1723,10-15-24,TEISA 1,Diésel,62.07,1.8,111.73,Bus,111.73,Tarjeta,Unidad 303,13.0:17,Sí
1724,10-15-24,TEISA 1,Extra,54.89,2.4,131.74,Bus,131.74,Transferencia,Unidad 404,13.0:59,Sí
1725,10-16-24,TEISA 1,Súper,15.49,3.1,48.02,Bus,48.01,Tarjeta,KLM-4321,12.0000000,Sí
1726,10-16-24,TEISA 1,Diésel,85.77,1.8,154.39,Bus,154.38,Tarjeta,Unidad 303,16.0:14,Sí
1727,10-16-24,TEISA 1,Extra,19.41,2.4,46.58,Bus,46.58,Transferencia,KLM-4321,15.0:42,No
1728,10-16-24,TEISA 1,Extra,20.52,2.4,49.25,Sedán,49.26,Transferencia,ABC-1234,9.0:11,Sí
1729,10-17-24,TEISA 1,Extra,75.2,2.4,180.48,Bus,180.48,Transferencia,Unidad 404,9.000004,Sí
1730,10-17-24,TEISA 1,Súper,11.82,3.1,36.64,Sedán,36.64,Tarjeta,KLM-4321,15.0:56,No
1731,10-17-24,TEISA 1,Diésel,88.82,1.8,159.88,Bus,159.87,Efectivo,Unidad 303,7.0:11,Sí
1732,10-17-24,TEISA 1,Extra,5.24,2.4,12.58,Sedán,12.58,Transferencia,KLM-4321,10.0000000,No
1733,10-17-24,TEISA 2,Súper,22.48,3.1,69.69,Sedán,69.68,Transferencia,KLM-4321,18.0:46,No
1734,10-18-24,TEISA 1,Extra,61.5,2.4,147.6,Bus,147.59,Tarjeta,Unidad 303,8.0000000,Sí
1735,10-18-24,TEISA 1,Diésel,5.74,1.8,10.33,Bus,10.34,Transferencia,KLM-4321,18.0:12,Sí
1736,10-18-24,TEISA 1,Diésel,6.18,1.8,11.12,Bus,11.13,Tarjeta,TUV-8765,19.000003,No
1737,10-18-24,TEISA 1,Extra,63.3,2.4,151.92,Bus,151.93,Tarjeta,Unidad 404,19.000003,Sí
1738,10-19-24,TEISA 1,Extra,10.26,2.4,24.62,Sedán,24.63,Efectivo,XYZ-5678,12.0:23,Sí
1739,10-19-24,TEISA 1,Súper,17.13,3.1,53.1,Bus,53.1,Tarjeta,ABC-1234,19.0:28,Sí
1740,10-19-24,TEISA 2,Súper,10.74,3.1,33.29,Motocicleta,33.3,Transferencia,XYZ-5678,13.0:51,Sí
1741,10-19-24,TEISA 1,Diésel,37.16,1.8,66.89,Camioneta,66.89,Tarjeta,XYZ-5678,13.000001,Sí
1742,10-19-24,TEISA 2,Diésel,34.17,1.8,61.51,Bus,61.5,Efectivo,ABC-1234,11.0:46,Sí
1743,10-19-24,TEISA 2,Extra,26.05,2.4,62.52,Bus,62.52,Transferencia,ABC-1234,6.0:34,Sí
1744,10-19-24,TEISA 1,Súper,6.16,3.1,19.1,SUV,19.1,Tarjeta,KLM-4321,7.0:53,Sí
1745,10-20-24,TEISA 1,Extra,67.51,2.4,162.02,Bus,162.02,Tarjeta,Unidad 101,18.0:56,Sí
1746,10-20-24,TEISA 1,Extra,30.34,2.4,72.82,Sedán,72.81,Transferencia,XYZ-5678,21.0:15,Sí
1747,10-20-24,TEISA 1,Extra,79.98,2.4,191.95,Bus,191.96,Tarjeta,Unidad 404,10.0:11,Sí
1748,10-20-24,TEISA 1,Extra,25.78,2.4,61.87,Bus,61.86,Efectivo,XYZ-5678,18.000008,Sí
1749,10-20-24,TEISA 1,Diésel,76.98,1.8,138.56,Bus,138.56,Efectivo,Unidad 404,13.000008,Sí
1750,10-20-24,TEISA 2,Extra,52.34,2.4,125.62,Bus,125.62,Transferencia,Unidad 101,17.000007,Sí
1751,10-20-24,TEISA 1,Extra,15.75,2.4,37.8,Motocicleta,37.79,Tarjeta,KLM-4321,20.0:41,Sí
1752,10-21-24,TEISA 1,Extra,47.98,2.4,115.15,Bus,115.15,Transferencia,Unidad 101,17.000008,Sí
1753,10-21-24,TEISA 1,Extra,19.82,2.4,47.57,Bus,47.56,Transferencia,ABC-1234,21.0:29,No
1754,10-21-24,TEISA 1,Diésel,63.36,1.8,114.05,Bus,114.04,Efectivo,Unidad 202,17.0:19,Sí
1755,10-21-24,TEISA 1,Diésel,26.89,1.8,48.4,Bus,48.4,Efectivo,TUV-8765,7.0:17,Sí
1756,10-21-24,TEISA 1,Extra,26.89,2.4,64.54,Motocicleta,64.53,Efectivo,XYZ-5678,7.0:35,No
1757,10-21-24,TEISA 2,Súper,43.14,3.1,133.73,Bus,133.73,Transferencia,Unidad 303,8.0:23,Sí
1758,10-22-24,TEISA 1,Extra,31.51,2.4,75.62,SUV,75.62,Efectivo,KLM-4321,7.0:18,No
1759,10-22-24,TEISA 1,Diésel,25.72,1.8,46.3,Sedán,46.3,Tarjeta,KLM-4321,21.0:45,Sí
1760,10-22-24,TEISA 1,Súper,22.93,3.1,71.08,SUV,71.09,Tarjeta,TUV-8765,5.000003,Sí
1761,10-22-24,TEISA 1,Súper,19.06,3.1,59.09,Sedán,59.08,Efectivo,KLM-4321,19.0000000,Sí
1762,10-22-24,TEISA 1,Extra,10.4,2.4,24.96,Camioneta,24.96,Tarjeta,KLM-4321,17.0000000,Sí
1763,10-22-24,TEISA 2,Súper,15.47,3.1,47.96,Motocicleta,47.96,Efectivo,TUV-8765,21.0000000,No
1764,10-23-24,TEISA 1,Diésel,62.57,1.8,112.63,Bus,112.63,Tarjeta,Unidad 101,9.0000000,Sí
1765,10-23-24,TEISA 1,Extra,56.42,2.4,135.41,Bus,135.41,Efectivo,Unidad 404,10.0:28,Sí
1766,10-23-24,TEISA 1,Súper,6.52,3.1,20.21,Camioneta,20.21,Tarjeta,ABC-1234,12.0:37,Sí
1767,10-23-24,TEISA 1,Diésel,23.49,1.8,42.28,Sedán,42.28,Efectivo,KLM-4321,5.0:18,No
1768,10-24-24,TEISA 1,Diésel,88.22,1.8,158.8,Bus,158.8,Tarjeta,Unidad 101,13.0:44,Sí
1769,10-24-24,TEISA 1,Diésel,23.19,1.8,41.74,Camioneta,41.74,Tarjeta,ABC-1234,12.0:21,Sí
1770,10-24-24,TEISA 1,Diésel,38.34,1.8,69.01,Bus,69.01,Efectivo,TUV-8765,11.0:25,No
1771,10-24-24,TEISA 1,Súper,21.05,3.1,65.26,Sedán,65.24,Efectivo,ABC-1234,9.000006,Sí
1772,10-25-24,TEISA 2,Súper,43.71,3.1,135.5,Bus,135.49,Efectivo,Unidad 202,12.0:52,Sí
1773,10-25-24,TEISA 1,Súper,24.01,3.1,74.43,Motocicleta,74.44,Efectivo,TUV-8765,7.0:53,No
1774,10-25-24,TEISA 1,Súper,6.69,3.1,20.74,SUV,20.74,Efectivo,TUV-8765,8.0000000,No
1775,10-25-24,TEISA 1,Extra,12.09,2.4,29.02,Camioneta,29.02,Transferencia,TUV-8765,7.0:13,Sí
1776,10-25-24,TEISA 1,Extra,68.25,2.4,163.8,Bus,163.79,Efectivo,Unidad 202,14.0:33,Sí
1777,10-25-24,TEISA 1,Diésel,21.31,1.8,38.36,Camioneta,38.36,Transferencia,ABC-1234,5.0:44,Sí
1778,10-26-24,TEISA 1,Súper,56.59,3.1,175.43,Bus,175.42,Transferencia,Unidad 101,18.0:16,Sí
1779,10-26-24,TEISA 1,Extra,14.53,2.4,34.87,Motocicleta,34.86,Tarjeta,KLM-4321,7.000008,No
1780,10-26-24,TEISA 1,Súper,35.36,3.1,109.62,Bus,109.61,Efectivo,Unidad 303,12.0:42,Sí
1781,10-26-24,TEISA 1,Extra,22.43,2.4,53.83,Camioneta,53.82,Efectivo,KLM-4321,19.0:27,Sí
1782,10-26-24,TEISA 1,Diésel,13.37,1.8,24.07,Camioneta,24.06,Tarjeta,ABC-1234,9.0:54,Sí
1783,10-26-24,TEISA 1,Diésel,33.02,1.8,59.44,Motocicleta,59.44,Tarjeta,TUV-8765,9.0000000,Sí
1784,10-27-24,TEISA 1,Súper,14.43,3.1,44.73,SUV,44.73,Tarjeta,KLM-4321,18.0:16,No
1785,10-27-24,TEISA 1,Extra,18.2,2.4,43.68,Sedán,43.68,Efectivo,KLM-4321,13.0:27,Sí
1786,10-27-24,TEISA 1,Diésel,9.27,1.8,16.69,SUV,16.68,Tarjeta,TUV-8765,17.000004,Sí
1787,10-27-24,TEISA 1,Diésel,31.54,1.8,56.77,Bus,56.78,Efectivo,KLM-4321,20.0:24,Sí
1788,10-28-24,TEISA 1,Diésel,34.1,1.8,61.38,Motocicleta,61.38,Efectivo,KLM-4321,10.0:48,No
1789,10-28-24,TEISA 1,Diésel,9.89,1.8,17.8,Sedán,17.8,Transferencia,TUV-8765,20.0:21,No
1790,10-28-24,TEISA 1,Extra,27.93,2.4,67.03,Camioneta,67.04,Efectivo,TUV-8765,16.0000000,Sí
1791,10-28-24,TEISA 1,Diésel,34.31,1.8,61.76,Motocicleta,61.76,Efectivo,XYZ-5678,12.0:32,No
1792,10-28-24,TEISA 1,Súper,6.84,3.1,21.2,Bus,21.21,Transferencia,XYZ-5678,21.0:12,No
1793,10-28-24,TEISA 1,Extra,22.9,2.4,54.96,Motocicleta,54.97,Efectivo,XYZ-5678,14.0:42,No
1794,10-28-24,TEISA 1,Diésel,29.88,1.8,53.78,Camioneta,53.78,Tarjeta,ABC-1234,17.0:19,Sí
1795,10-29-24,TEISA 1,Extra,81.19,2.4,194.86,Bus,194.85,Transferencia,Unidad 404,15.0:46,Sí
1796,10-29-24,TEISA 1,Extra,6.26,2.4,15.02,Sedán,15.03,Efectivo,ABC-1234,16.0:44,Sí
1797,10-29-24,TEISA 1,Súper,62.34,3.1,193.25,Bus,193.26,Efectivo,Unidad 404,14.0:17,Sí
1798,10-29-24,TEISA 1,Diésel,39.52,1.8,71.14,SUV,71.14,Transferencia,ABC-1234,15.0000000,No
1799,10-29-24,TEISA 1,Diésel,92.69,1.8,166.84,Bus,166.85,Efectivo,Unidad 404,5.0000000,Sí
1800,10-29-24,TEISA 1,Extra,18.11,2.4,43.46,Camioneta,43.46,Transferencia,KLM-4321,10.0:57,No
1801,10-29-24,TEISA 1,Diésel,35.82,1.8,64.48,Camioneta,64.48,Tarjeta,KLM-4321,11.0:39,Sí
1802,10-29-24,TEISA 1,Súper,53.41,3.1,165.57,Bus,165.57,Transferencia,Unidad 101,8.0:26,Sí
1803,10-30-24,TEISA 1,Diésel,42.97,1.8,77.35,Bus,77.34,Efectivo,ABC-1234,19.000007,Sí
1804,10-30-24,TEISA 1,Extra,24.0,2.4,57.6,Motocicleta,57.59,Tarjeta,ABC-1234,6.0:12,No
1805,10-30-24,TEISA 1,Diésel,18.96,1.8,34.13,Bus,34.12,Tarjeta,TUV-8765,14.000007,Sí
1806,10-30-24,TEISA 1,Súper,14.11,3.1,43.74,Sedán,43.73,Transferencia,ABC-1234,15.0:35,Sí
1807,10-30-24,TEISA 1,Diésel,68.54,1.8,123.37,Bus,123.37,Tarjeta,Unidad 303,20.0:37,Sí
1808,10-30-24,TEISA 1,Súper,5.24,3.1,16.24,SUV,16.25,Transferencia,TUV-8765,15.0000000,Sí
1809,10-31-24,TEISA 1,Súper,16.46,3.1,51.03,Camioneta,51.04,Transferencia,XYZ-5678,20.0000000,Sí
1810,10-31-24,TEISA 1,Extra,80.8,2.4,193.92,Bus,193.91,Transferencia,Unidad 404,13.000003,Sí
1811,10-31-24,TEISA 1,Diésel,19.15,1.8,34.47,Camioneta,34.47,Transferencia,ABC-1234,16.0:58,No
1812,10-31-24,TEISA 1,Extra,63.37,2.4,152.09,Bus,152.08,Transferencia,Unidad 101,13.0:14,Sí
1813,10-31-24,TEISA 1,Súper,35.94,3.1,111.41,Bus,111.42,Tarjeta,Unidad 303,17.000004,Sí
1814,10-31-24,TEISA 2,Diésel,41.12,1.8,74.02,Motocicleta,74.02,Tarjeta,XYZ-5678,12.0:44,No
1815,11-01-24,TEISA 1,Diésel,82.41,1.8,148.34,Bus,148.33,Efectivo,Unidad 303,19.0:18,Sí
1816,11-01-24,TEISA 1,Súper,6.06,3.1,18.79,Bus,18.78,Tarjeta,TUV-8765,5.0:21,No
1817,11-01-24,TEISA 1,Diésel,71.76,1.8,129.17,Bus,129.17,Tarjeta,Unidad 101,9.0:19,Sí
1818,11-01-24,TEISA 1,Súper,5.46,3.1,16.93,Camioneta,16.92,Efectivo,TUV-8765,12.0:35,No
1819,11-01-24,TEISA 1,Súper,14.43,3.1,44.73,Camioneta,44.74,Tarjeta,ABC-1234,10.0:54,Sí
1820,11-01-24,TEISA 1,Súper,11.57,3.1,35.87,Camioneta,35.86,Tarjeta,KLM-4321,11.0:31,Sí
1821,11-02-24,TEISA 1,Diésel,23.71,1.8,42.68,Bus,42.67,Efectivo,KLM-4321,21.0:13,No
1822,11-02-24,TEISA 1,Diésel,90.67,1.8,163.21,Bus,163.2,Efectivo,Unidad 101,7.0:51,Sí
1823,11-02-24,TEISA 1,Extra,20.25,2.4,48.6,Sedán,48.6,Tarjeta,ABC-1234,17.0:48,Sí
1824,11-02-24,TEISA 1,Extra,10.11,2.4,24.26,Sedán,24.26,Efectivo,ABC-1234,6.0:14,No
1825,11-02-24,TEISA 1,Súper,14.14,3.1,43.83,Sedán,43.82,Tarjeta,XYZ-5678,20.0:55,Sí
1826,11-03-24,TEISA 1,Súper,19.73,3.1,61.16,Camioneta,61.16,Transferencia,XYZ-5678,11.0:57,No
1827,11-03-24,TEISA 2,Súper,52.11,3.1,161.54,Bus,161.53,Tarjeta,Unidad 101,9.000009,Sí
1828,11-03-24,TEISA 1,Diésel,27.71,1.8,49.88,SUV,49.87,Transferencia,XYZ-5678,15.0:36,Sí
1829,11-03-24,TEISA 1,Extra,26.85,2.4,64.44,Camioneta,64.45,Tarjeta,XYZ-5678,20.000005,Sí
1830,11-04-24,TEISA 1,Súper,47.19,3.1,146.29,Bus,146.28,Transferencia,Unidad 101,20.0:17,Sí
1831,11-04-24,TEISA 2,Diésel,41.04,1.8,73.87,Sedán,73.88,Tarjeta,ABC-1234,7.0:46,No
1832,11-04-24,TEISA 1,Extra,66.82,2.4,160.37,Bus,160.37,Transferencia,Unidad 101,9.0:17,Sí
1833,11-04-24,TEISA 1,Diésel,6.67,1.8,12.01,Bus,12.01,Tarjeta,ABC-1234,9.0:24,Sí
1834,11-04-24,TEISA 1,Súper,9.68,3.1,30.01,Sedán,30.01,Efectivo,XYZ-5678,15.0:31,Sí
1835,11-04-24,TEISA 1,Diésel,24.32,1.8,43.78,Sedán,43.77,Tarjeta,TUV-8765,7.0:58,No
1836,11-05-24,TEISA 1,Súper,20.55,3.1,63.71,Motocicleta,63.69,Tarjeta,ABC-1234,14.0:56,No
1837,11-05-24,TEISA 1,Diésel,67.06,1.8,120.71,Bus,120.71,Transferencia,Unidad 202,18.0:17,Sí
1838,11-05-24,TEISA 1,Diésel,31.81,1.8,57.26,Bus,57.25,Tarjeta,TUV-8765,21.0:27,Sí
1839,11-05-24,TEISA 1,Diésel,39.36,1.8,70.85,Camioneta,70.84,Tarjeta,KLM-4321,15.0:12,No
1840,11-05-24,TEISA 1,Súper,54.97,3.1,170.41,Bus,170.42,Efectivo,Unidad 303,15.000003,Sí
1841,11-05-24,TEISA 1,Diésel,19.8,1.8,35.64,Bus,35.64,Transferencia,XYZ-5678,20.0:39,No
1842,11-06-24,TEISA 2,Extra,19.5,2.4,46.8,Motocicleta,46.81,Tarjeta,TUV-8765,21.0:49,No
1843,11-06-24,TEISA 1,Diésel,12.57,1.8,22.63,Bus,22.63,Efectivo,KLM-4321,10.0000000,Sí
1844,11-06-24,TEISA 1,Diésel,68.71,1.8,123.68,Bus,123.68,Transferencia,Unidad 303,6.000006,Sí
1845,11-06-24,TEISA 1,Extra,45.6,2.4,109.44,Bus,109.45,Efectivo,Unidad 303,7.0000000,Sí
1846,11-06-24,TEISA 1,Diésel,106.76,1.8,192.17,Bus,192.16,Transferencia,Unidad 303,15.0:41,Sí
1847,11-07-24,TEISA 1,Súper,57.45,3.1,178.1,Bus,178.1,Transferencia,Unidad 303,18.0:52,Sí
1848,11-07-24,TEISA 1,Diésel,16.3,1.8,29.34,Camioneta,29.34,Transferencia,KLM-4321,10.000005,No
1849,11-07-24,TEISA 1,Diésel,71.36,1.8,128.45,Bus,128.45,Efectivo,Unidad 101,8.0:39,Sí
1850,11-07-24,TEISA 1,Diésel,20.26,1.8,36.47,Bus,36.47,Tarjeta,ABC-1234,20.0:32,Sí
1851,11-07-24,TEISA 2,Súper,25.52,3.1,79.11,SUV,79.11,Tarjeta,ABC-1234,15.000002,No
1852,11-07-24,TEISA 1,Extra,16.92,2.4,40.61,Camioneta,40.6,Tarjeta,XYZ-5678,6.0:27,Sí
1853,11-07-24,TEISA 1,Extra,31.5,2.4,75.6,SUV,75.61,Tarjeta,KLM-4321,12.0:51,No
1854,11-07-24,TEISA 2,Diésel,7.04,1.8,12.67,SUV,12.68,Tarjeta,ABC-1234,16.0:54,Sí
1855,11-08-24,TEISA 1,Extra,32.21,2.4,77.3,SUV,77.3,Transferencia,KLM-4321,5.0000000,Sí
1856,11-08-24,TEISA 1,Extra,12.66,2.4,30.38,Sedán,30.38,Tarjeta,KLM-4321,18.0:47,No
1857,11-08-24,TEISA 1,Diésel,30.62,1.8,55.12,Motocicleta,55.11,Tarjeta,TUV-8765,17.0:48,No
1858,11-08-24,TEISA 1,Súper,15.87,3.1,49.2,Motocicleta,49.19,Efectivo,ABC-1234,18.0:43,No
1859,11-09-24,TEISA 1,Extra,48.48,2.4,116.35,Bus,116.34,Transferencia,Unidad 202,5.000005,Sí
1860,11-09-24,TEISA 2,Extra,29.1,2.4,69.84,Motocicleta,69.83,Tarjeta,ABC-1234,19.0000000,Sí
1861,11-09-24,TEISA 1,Diésel,8.92,1.8,16.06,Bus,16.05,Efectivo,KLM-4321,20.000003,Sí
1862,11-09-24,TEISA 1,Extra,10.03,2.4,24.07,Motocicleta,24.07,Tarjeta,TUV-8765,17.0:38,No
1863,11-09-24,TEISA 1,Diésel,36.41,1.8,65.54,Sedán,65.54,Tarjeta,TUV-8765,11.0:12,Sí
1864,11-09-24,TEISA 1,Extra,42.19,2.4,101.26,Bus,101.26,Tarjeta,Unidad 101,9.0:57,Sí
1865,11-09-24,TEISA 1,Diésel,29.09,1.8,52.36,Bus,52.37,Efectivo,KLM-4321,8.0:55,No
1866,11-10-24,TEISA 1,Súper,17.89,3.1,55.46,Sedán,55.46,Efectivo,TUV-8765,9.0:17,Sí
1867,11-10-24,TEISA 2,Súper,13.62,3.1,42.22,Sedán,42.21,Tarjeta,XYZ-5678,12.0:27,No
1868,11-10-24,TEISA 1,Diésel,14.79,1.8,26.62,Bus,26.63,Transferencia,ABC-1234,10.0:36,No
1869,11-10-24,TEISA 1,Extra,4.17,2.4,10.01,Motocicleta,10.02,Tarjeta,XYZ-5678,20.0:26,Sí
1870,11-11-24,TEISA 1,Súper,56.01,3.1,173.63,Bus,173.62,Tarjeta,Unidad 404,5.0:34,Sí
1871,11-11-24,TEISA 2,Diésel,73.37,1.8,132.07,Bus,132.07,Efectivo,Unidad 202,17.0:56,Sí
1872,11-11-24,TEISA 2,Diésel,26.42,1.8,47.56,Motocicleta,47.56,Transferencia,ABC-1234,19.0:55,No
1873,11-11-24,TEISA 1,Diésel,102.07,1.8,183.73,Bus,183.73,Efectivo,Unidad 202,5.0000000,Sí
1874,11-11-24,TEISA 1,Diésel,43.81,1.8,78.86,Motocicleta,78.86,Tarjeta,ABC-1234,12.0:19,No
1875,11-12-24,TEISA 1,Extra,9.85,2.4,23.64,Camioneta,23.65,Efectivo,ABC-1234,12.0:26,Sí
1876,11-12-24,TEISA 1,Diésel,15.25,1.8,27.45,Motocicleta,27.45,Tarjeta,KLM-4321,20.0:34,Sí
1877,11-12-24,TEISA 1,Diésel,22.21,1.8,39.98,Sedán,39.98,Transferencia,XYZ-5678,14.0:57,No
1878,11-12-24,TEISA 1,Súper,42.05,3.1,130.35,Bus,130.34,Transferencia,Unidad 404,9.0:59,Sí
1879,11-12-24,TEISA 1,Extra,57.93,2.4,139.03,Bus,139.04,Tarjeta,Unidad 202,20.0:53,Sí
1880,11-12-24,TEISA 1,Diésel,34.0,1.8,61.2,SUV,61.2,Efectivo,ABC-1234,17.000009,Sí
1881,11-13-24,TEISA 1,Diésel,72.72,1.8,130.9,Bus,130.89,Efectivo,Unidad 303,8.0:11,Sí
1882,11-13-24,TEISA 1,Extra,31.52,2.4,75.65,Sedán,75.64,Efectivo,TUV-8765,9.0000000,No
1883,11-13-24,TEISA 1,Diésel,101.59,1.8,182.86,Bus,182.87,Tarjeta,Unidad 303,7.0:29,Sí
1884,11-13-24,TEISA 1,Súper,50.99,3.1,158.07,Bus,158.06,Transferencia,Unidad 202,13.0:26,Sí
1885,11-13-24,TEISA 1,Extra,58.22,2.4,139.73,Bus,139.73,Transferencia,Unidad 303,18.0:31,Sí
1886,11-13-24,TEISA 1,Diésel,12.24,1.8,22.03,Sedán,22.04,Transferencia,ABC-1234,16.0:48,No
1887,11-13-24,TEISA 1,Súper,12.83,3.1,39.77,Camioneta,39.77,Transferencia,KLM-4321,14.0:13,No
1888,11-14-24,TEISA 1,Extra,79.76,2.4,191.42,Bus,191.42,Efectivo,Unidad 404,12.0:51,Sí
1889,11-14-24,TEISA 1,Súper,35.55,3.1,110.2,Bus,110.2,Transferencia,Unidad 101,16.0:55,Sí
1890,11-14-24,TEISA 2,Extra,72.85,2.4,174.84,Bus,174.85,Efectivo,Unidad 202,14.0:29,Sí
1891,11-14-24,TEISA 1,Diésel,92.86,1.8,167.15,Bus,167.15,Tarjeta,Unidad 101,12.0:47,Sí
1892,11-14-24,TEISA 2,Diésel,37.72,1.8,67.9,SUV,67.9,Efectivo,TUV-8765,7.0:45,No
1893,11-14-24,TEISA 1,Extra,16.46,2.4,39.5,Sedán,39.5,Transferencia,ABC-1234,17.0:41,No
1894,11-14-24,TEISA 1,Súper,44.87,3.1,139.1,Bus,139.1,Efectivo,Unidad 404,17.0:38,Sí
1895,11-14-24,TEISA 1,Extra,28.78,2.4,69.07,Bus,69.07,Tarjeta,KLM-4321,14.000004,Sí
1896,11-15-24,TEISA 2,Diésel,14.08,1.8,25.34,Sedán,25.34,Efectivo,ABC-1234,15.0:44,No
1897,11-15-24,TEISA 1,Diésel,73.98,1.8,133.16,Bus,133.17,Tarjeta,Unidad 101,7.0:31,Sí
1898,11-15-24,TEISA 2,Diésel,64.64,1.8,116.35,Bus,116.36,Efectivo,Unidad 303,6.0000000,Sí
1899,11-15-24,TEISA 1,Diésel,24.77,1.8,44.59,Sedán,44.59,Efectivo,ABC-1234,11.0:18,Sí
1900,11-15-24,TEISA 1,Súper,13.2,3.1,40.92,Bus,40.93,Transferencia,KLM-4321,17.0000000,Sí
1901,11-15-24,TEISA 2,Diésel,104.87,1.8,188.77,Bus,188.77,Transferencia,Unidad 404,15.0:15,Sí
1902,11-15-24,TEISA 1,Diésel,76.44,1.8,137.59,Bus,137.59,Tarjeta,Unidad 101,14.0:14,Sí
1903,11-15-24,TEISA 1,Súper,23.24,3.1,72.04,Camioneta,72.04,Transferencia,ABC-1234,12.0:11,Sí
1904,11-16-24,TEISA 1,Súper,51.71,3.1,160.3,Bus,160.3,Transferencia,Unidad 101,12.0:26,Sí
1905,11-16-24,TEISA 1,Súper,36.09,3.1,111.88,Bus,111.89,Tarjeta,Unidad 404,17.000008,Sí
1906,11-16-24,TEISA 1,Diésel,92.61,1.8,166.7,Bus,166.7,Tarjeta,Unidad 404,14.0:24,Sí
1907,11-16-24,TEISA 1,Diésel,98.27,1.8,176.89,Bus,176.89,Tarjeta,Unidad 101,18.0:31,Sí
1908,11-17-24,TEISA 2,Extra,32.95,2.4,79.08,Bus,79.07,Transferencia,KLM-4321,13.000003,No
1909,11-17-24,TEISA 1,Súper,57.96,3.1,179.68,Bus,179.68,Tarjeta,Unidad 404,7.0:49,Sí
1910,11-17-24,TEISA 2,Extra,18.95,2.4,45.48,Motocicleta,45.47,Tarjeta,XYZ-5678,19.0:27,Sí
1911,11-17-24,TEISA 1,Extra,6.11,2.4,14.66,Sedán,14.67,Transferencia,KLM-4321,9.000004,Sí
1912,11-17-24,TEISA 1,Diésel,34.06,1.8,61.31,Camioneta,61.3,Efectivo,ABC-1234,8.000005,Sí
1913,11-17-24,TEISA 2,Extra,7.47,2.4,17.93,Sedán,17.93,Tarjeta,TUV-8765,18.0000000,Sí
1914,11-17-24,TEISA 1,Súper,19.19,3.1,59.49,Camioneta,59.49,Tarjeta,KLM-4321,13.0:21,No
1915,11-17-24,TEISA 1,Súper,23.96,3.1,74.28,SUV,74.29,Tarjeta,ABC-1234,20.000001,No
1916,11-18-24,TEISA 1,Súper,61.1,3.1,189.41,Bus,189.41,Tarjeta,Unidad 202,21.0:45,Sí
1917,11-18-24,TEISA 1,Diésel,28.39,1.8,51.1,Sedán,51.11,Transferencia,KLM-4321,21.0:45,No
1918,11-18-24,TEISA 1,Súper,7.7,3.1,23.87,Sedán,23.86,Transferencia,KLM-4321,18.0:41,Sí
1919,11-18-24,TEISA 1,Súper,24.96,3.1,77.38,Sedán,77.39,Tarjeta,TUV-8765,13.0:19,Sí
1920,11-18-24,TEISA 1,Diésel,7.52,1.8,13.54,Bus,13.54,Transferencia,XYZ-5678,16.0:13,No
1921,11-18-24,TEISA 1,Súper,39.96,3.1,123.88,Bus,123.87,Tarjeta,Unidad 202,21.0000000,Sí
1922,11-19-24,TEISA 1,Extra,43.7,2.4,104.88,Bus,104.89,Efectivo,Unidad 303,21.0:52,Sí
1923,11-19-24,TEISA 1,Extra,5.82,2.4,13.97,Camioneta,13.97,Transferencia,TUV-8765,13.0:13,Sí
1924,11-19-24,TEISA 1,Extra,30.39,2.4,72.94,Sedán,72.93,Tarjeta,TUV-8765,12.000001,Sí
1925,11-19-24,TEISA 1,Extra,21.97,2.4,52.73,Motocicleta,52.73,Tarjeta,KLM-4321,13.0:39,No
1926,11-19-24,TEISA 1,Súper,21.68,3.1,67.21,Bus,67.21,Transferencia,KLM-4321,18.0:13,No
1927,11-19-24,TEISA 1,Diésel,25.35,1.8,45.63,Bus,45.63,Transferencia,ABC-1234,21.0:21,No
1928,11-19-24,TEISA 1,Extra,46.5,2.4,111.6,Bus,111.59,Efectivo,Unidad 202,13.0:59,Sí
1929,11-20-24,TEISA 1,Diésel,43.33,1.8,77.99,Bus,77.99,Tarjeta,ABC-1234,11.0:24,Sí
1930,11-20-24,TEISA 1,Súper,13.42,3.1,41.6,SUV,41.59,Efectivo,KLM-4321,5.0:14,Sí
1931,11-20-24,TEISA 1,Diésel,43.67,1.8,78.61,Sedán,78.61,Tarjeta,XYZ-5678,14.0:53,No
1932,11-20-24,TEISA 1,Extra,19.1,2.4,45.84,Bus,45.85,Efectivo,KLM-4321,19.000008,No
1933,11-20-24,TEISA 1,Diésel,84.96,1.8,152.93,Bus,152.93,Tarjeta,Unidad 202,12.0000000,Sí
1934,11-21-24,TEISA 1,Súper,48.74,3.1,151.09,Bus,151.08,Efectivo,Unidad 303,14.0000000,Sí
1935,11-21-24,TEISA 1,Diésel,10.14,1.8,18.25,SUV,18.26,Tarjeta,ABC-1234,15.0:37,Sí
1936,11-21-24,TEISA 1,Súper,18.98,3.1,58.84,Sedán,58.84,Transferencia,ABC-1234,20.0:53,No
1937,11-21-24,TEISA 1,Diésel,22.2,1.8,39.96,SUV,39.96,Tarjeta,KLM-4321,9.0:19,No
1938,11-21-24,TEISA 1,Extra,31.19,2.4,74.86,Camioneta,74.86,Tarjeta,KLM-4321,11.0000000,Sí
1939,11-21-24,TEISA 1,Extra,26.18,2.4,62.83,Motocicleta,62.84,Tarjeta,XYZ-5678,20.0:11,Sí
1940,11-21-24,TEISA 2,Súper,13.26,3.1,41.11,Camioneta,41.1,Tarjeta,XYZ-5678,9.000007,No
1941,11-21-24,TEISA 2,Súper,56.27,3.1,174.44,Bus,174.44,Tarjeta,Unidad 404,13.0:26,Sí
1942,11-22-24,TEISA 1,Extra,17.8,2.4,42.72,Camioneta,42.73,Transferencia,TUV-8765,21.0:51,Sí
1943,11-22-24,TEISA 1,Diésel,26.25,1.8,47.25,Camioneta,47.25,Transferencia,XYZ-5678,14.0000000,Sí
1944,11-22-24,TEISA 1,Extra,15.74,2.4,37.78,SUV,37.77,Efectivo,KLM-4321,16.0:18,Sí
1945,11-22-24,TEISA 1,Extra,12.74,2.4,30.58,SUV,30.58,Transferencia,XYZ-5678,11.0:41,No
1946,11-22-24,TEISA 2,Extra,64.08,2.4,153.79,Bus,153.8,Efectivo,Unidad 101,16.0000000,Sí
1947,11-22-24,TEISA 1,Extra,28.77,2.4,69.05,Camioneta,69.05,Efectivo,TUV-8765,8.0:32,Sí
1948,11-23-24,TEISA 1,Diésel,56.74,1.8,102.13,Bus,102.13,Efectivo,Unidad 202,18.0:55,Sí
1949,11-23-24,TEISA 1,Extra,16.52,2.4,39.65,Sedán,39.64,Transferencia,XYZ-5678,19.0:13,No
1950,11-23-24,TEISA 1,Diésel,32.68,1.8,58.82,Motocicleta,58.83,Efectivo,TUV-8765,10.0:38,Sí
1951,11-23-24,TEISA 1,Súper,7.14,3.1,22.13,Camioneta,22.13,Transferencia,KLM-4321,16.0:52,No
1952,11-23-24,TEISA 1,Diésel,83.58,1.8,150.44,Bus,150.45,Efectivo,Unidad 404,15.0:37,Sí
1953,11-24-24,TEISA 1,Diésel,87.76,1.8,157.97,Bus,157.96,Tarjeta,Unidad 303,20.0:43,Sí
1954,11-24-24,TEISA 1,Súper,38.72,3.1,120.03,Bus,120.02,Tarjeta,Unidad 101,14.0:17,Sí
1955,11-24-24,TEISA 1,Extra,27.55,2.4,66.12,Motocicleta,66.12,Efectivo,KLM-4321,20.0:37,Sí
1956,11-24-24,TEISA 1,Súper,42.75,3.1,132.53,Bus,132.54,Transferencia,Unidad 404,14.0:46,Sí
1957,11-25-24,TEISA 1,Súper,17.36,3.1,53.82,Sedán,53.82,Efectivo,XYZ-5678,19.0:17,No
1958,11-25-24,TEISA 1,Extra,13.52,2.4,32.45,Sedán,32.44,Tarjeta,ABC-1234,16.000004,Sí
1959,11-25-24,TEISA 1,Súper,25.56,3.1,79.24,SUV,79.25,Efectivo,KLM-4321,12.0:31,No
1960,11-25-24,TEISA 1,Extra,22.34,2.4,53.62,Sedán,53.62,Transferencia,TUV-8765,0.0:22,No
1961,11-25-24,TEISA 1,Extra,7.68,2.4,18.43,Bus,18.42,Transferencia,ABC-1234,12.0:31,No
1962,11-25-24,TEISA 1,Súper,55.21,3.1,171.15,Bus,171.14,Tarjeta,Unidad 202,14.0:52,Sí
1963,11-25-24,TEISA 1,Diésel,43.77,1.8,78.79,Bus,78.79,Efectivo,XYZ-5678,12.0:42,Sí
1964,11-25-24,TEISA 1,Diésel,19.25,1.8,34.65,Bus,34.65,Transferencia,KLM-4321,10.0:18,No
1965,11-26-24,TEISA 1,Súper,34.14,3.1,105.83,Bus,105.83,Efectivo,Unidad 202,11.0:54,Sí
1966,11-26-24,TEISA 1,Súper,12.59,3.1,39.03,Sedán,39.03,Transferencia,KLM-4321,18.0:41,No
1967,11-26-24,TEISA 1,Diésel,34.85,1.8,62.73,SUV,62.73,Tarjeta,TUV-8765,10.0:29,No
1968,11-26-24,TEISA 1,Súper,4.56,3.1,14.14,Bus,14.15,Efectivo,KLM-4321,13.0:59,Sí
1969,11-26-24,TEISA 1,Súper,12.7,3.1,39.37,Sedán,39.36,Tarjeta,KLM-4321,10.0000000,No
1970,11-26-24,TEISA 1,Extra,19.0,2.4,45.6,Bus,45.61,Efectivo,ABC-1234,6.0:59,Sí
1971,11-27-24,TEISA 1,Diésel,27.01,1.8,48.62,SUV,48.62,Transferencia,TUV-8765,18.0:51,Sí
1972,11-27-24,TEISA 1,Extra,17.86,2.4,42.86,Camioneta,42.87,Efectivo,KLM-4321,9.0:47,No
1973,11-27-24,TEISA 2,Extra,15.4,2.4,36.96,Bus,36.95,Tarjeta,XYZ-5678,19.0:18,No
1974,11-27-24,TEISA 1,Diésel,42.68,1.8,76.82,Motocicleta,76.82,Efectivo,ABC-1234,11.0:31,No
1975,11-27-24,TEISA 1,Súper,7.76,3.1,24.06,Camioneta,24.05,Transferencia,KLM-4321,14.0:32,No
1976,11-28-24,TEISA 1,Súper,15.12,3.1,46.87,Sedán,46.88,Transferencia,KLM-4321,15.000004,No
1977,11-28-24,TEISA 1,Súper,21.0,3.1,65.1,Sedán,65.09,Transferencia,TUV-8765,17.0:43,Sí
1978,11-28-24,TEISA 1,Súper,5.55,3.1,17.2,Sedán,17.22,Efectivo,TUV-8765,19.0:25,Sí
1979,11-28-24,TEISA 1,Diésel,5.63,1.8,10.13,Camioneta,10.14,Tarjeta,XYZ-5678,11.0:19,No
1980,11-28-24,TEISA 2,Extra,78.43,2.4,188.23,Bus,188.23,Efectivo,Unidad 303,7.0:29,Sí
1981,11-28-24,TEISA 2,Extra,6.5,2.4,15.6,Camioneta,15.6,Transferencia,TUV-8765,18.0000000,No
1982,11-28-24,TEISA 1,Extra,22.83,2.4,54.79,Camioneta,54.8,Efectivo,XYZ-5678,6.0:35,No
1983,11-28-24,TEISA 1,Súper,6.27,3.1,19.44,Sedán,19.43,Efectivo,XYZ-5678,8.0:21,No
1984,11-29-24,TEISA 1,Súper,8.01,3.1,24.83,Sedán,24.83,Efectivo,TUV-8765,0.0:22,Sí
1985,11-29-24,TEISA 1,Diésel,22.7,1.8,40.86,Sedán,40.86,Efectivo,ABC-1234,9.0:37,Sí
1986,11-29-24,TEISA 1,Súper,17.04,3.1,52.82,Sedán,52.82,Transferencia,ABC-1234,6.000009,No
1987,11-29-24,TEISA 1,Súper,43.19,3.1,133.89,Bus,133.88,Efectivo,Unidad 202,19.0:24,Sí
1988,11-29-24,TEISA 1,Súper,47.42,3.1,147.0,Bus,147.01,Transferencia,Unidad 101,12.0:46,Sí
1989,11-29-24,TEISA 1,Súper,16.91,3.1,52.42,Sedán,52.41,Tarjeta,TUV-8765,9.0:41,No
1990,11-30-24,TEISA 1,Extra,16.76,2.4,40.22,Bus,40.22,Tarjeta,XYZ-5678,17.0:45,Sí
1991,11-30-24,TEISA 1,Extra,6.62,2.4,15.89,Camioneta,15.9,Efectivo,KLM-4321,15.0:44,No
1992,11-30-24,TEISA 1,Súper,7.76,3.1,24.06,Bus,24.05,Tarjeta,ABC-1234,19.0:37,No
1993,11-30-24,TEISA 1,Súper,11.16,3.1,34.6,Bus,34.61,Tarjeta,KLM-4321,6.0:57,No
1994,11-30-24,TEISA 1,Diésel,95.24,1.8,171.43,Bus,171.43,Efectivo,Unidad 303,14.0000000,Sí
1995,11-30-24,TEISA 2,Diésel,7.16,1.8,12.89,Camioneta,12.88,Transferencia,XYZ-5678,21.0:27,Sí
1996,12-01-24,TEISA 1,Diésel,43.45,1.8,78.21,Camioneta,78.21,Transferencia,XYZ-5678,11.0:42,Sí
1997,12-01-24,TEISA 1,Extra,80.95,2.4,194.28,Bus,194.29,Tarjeta,Unidad 202,14.0:11,Sí
1998,12-01-24,TEISA 1,Extra,17.5,2.4,42.0,Bus,42.01,Tarjeta,ABC-1234,9.0:44,Sí
1999,12-01-24,TEISA 1,Extra,45.57,2.4,109.37,Bus,109.37,Tarjeta,Unidad 404,15.0:49,Sí
2000,12-01-24,TEISA 1,Extra,74.53,2.4,178.87,Bus,178.88,Efectivo,Unidad 101,13.0:37,Sí
2001,12-01-24,TEISA 1,Súper,24.46,3.1,75.83,SUV,75.84,Efectivo,KLM-4321,20.0:18,Sí
2002,12-01-24,TEISA 1,Extra,27.72,2.4,66.53,Motocicleta,66.52,Transferencia,KLM-4321,9.0:51,No
2003,12-01-24,TEISA 1,Súper,8.28,3.1,25.67,Motocicleta,25.66,Efectivo,ABC-1234,16.0:13,Sí
2004,12-02-24,TEISA 2,Súper,24.1,3.1,74.71,Bus,74.7,Tarjeta,ABC-1234,7.0:57,Sí
2005,12-02-24,TEISA 1,Diésel,64.34,1.8,115.81,Bus,115.82,Tarjeta,Unidad 404,10.0:32,Sí
2006,12-02-24,TEISA 1,Extra,82.43,2.4,197.83,Bus,197.83,Efectivo,Unidad 404,18.000005,Sí
2007,12-02-24,TEISA 1,Súper,9.12,3.1,28.27,Bus,28.27,Tarjeta,ABC-1234,5.0:47,Sí
2008,12-02-24,TEISA 1,Diésel,31.62,1.8,56.92,Motocicleta,56.91,Tarjeta,ABC-1234,13.0:44,No
2009,12-02-24,TEISA 1,Extra,15.9,2.4,38.16,Motocicleta,38.17,Transferencia,TUV-8765,21.0:39,Sí
2010,12-02-24,TEISA 1,Diésel,37.83,1.8,68.09,SUV,68.09,Tarjeta,KLM-4321,5.0:57,No
2011,12-02-24,TEISA 2,Diésel,31.19,1.8,56.14,Bus,56.15,Tarjeta,TUV-8765,15.0:33,No
2012,12-03-24,TEISA 2,Diésel,5.66,1.8,10.19,Motocicleta,10.19,Transferencia,ABC-1234,10.0:35,Sí
2013,12-03-24,TEISA 1,Diésel,102.63,1.8,184.73,Bus,184.73,Efectivo,Unidad 101,15.0000000,Sí
2014,12-03-24,TEISA 2,Extra,71.41,2.4,171.38,Bus,171.38,Tarjeta,Unidad 202,21.000006,Sí
2015,12-03-24,TEISA 1,Súper,15.02,3.1,46.56,SUV,46.56,Efectivo,KLM-4321,11.000002,Sí
2016,12-03-24,TEISA 1,Súper,14.58,3.1,45.2,Motocicleta,45.21,Efectivo,TUV-8765,13.0:48,Sí
2017,12-03-24,TEISA 1,Súper,17.08,3.1,52.95,Bus,52.95,Efectivo,XYZ-5678,12.0:35,No
2018,12-03-24,TEISA 2,Súper,37.23,3.1,115.41,Bus,115.41,Efectivo,Unidad 404,8.0:38,Sí
2019,12-04-24,TEISA 2,Diésel,43.23,1.8,77.81,Bus,77.82,Tarjeta,XYZ-5678,9.0:58,No
2020,12-04-24,TEISA 1,Extra,27.66,2.4,66.38,SUV,66.38,Tarjeta,KLM-4321,16.000007,No
2021,12-04-24,TEISA 1,Diésel,26.6,1.8,47.88,Bus,47.88,Efectivo,KLM-4321,14.0000000,Sí
2022,12-04-24,TEISA 2,Extra,29.9,2.4,71.76,Camioneta,71.76,Transferencia,TUV-8765,8.000006,No
2023,12-04-24,TEISA 1,Súper,9.47,3.1,29.36,SUV,29.37,Transferencia,KLM-4321,9.0:19,No
2024,12-04-24,TEISA 1,Súper,8.82,3.1,27.34,Sedán,27.35,Transferencia,KLM-4321,19.0000000,Sí
2025,12-04-24,TEISA 1,Diésel,21.79,1.8,39.22,Camioneta,39.23,Efectivo,XYZ-5678,9.0:25,Sí
2026,12-05-24,TEISA 1,Extra,27.21,2.4,65.3,Bus,65.3,Tarjeta,XYZ-5678,6.0:25,No
2027,12-05-24,TEISA 1,Diésel,22.22,1.8,40.0,Motocicleta,39.99,Transferencia,ABC-1234,15.000008,No
2028,12-05-24,TEISA 1,Diésel,40.28,1.8,72.5,Camioneta,72.51,Tarjeta,TUV-8765,7.0000000,Sí
2029,12-05-24,TEISA 1,Súper,50.05,3.1,155.16,Bus,155.17,Tarjeta,Unidad 404,8.0:26,Sí
2030,12-05-24,TEISA 1,Diésel,33.72,1.8,60.7,SUV,60.69,Transferencia,TUV-8765,21.0:54,Sí
2031,12-06-24,TEISA 1,Extra,18.22,2.4,43.73,Motocicleta,43.72,Efectivo,TUV-8765,7.0:53,Sí
2032,12-06-24,TEISA 1,Extra,19.92,2.4,47.81,Camioneta,47.8,Tarjeta,TUV-8765,12.000004,No
2033,12-06-24,TEISA 1,Extra,10.72,2.4,25.73,SUV,25.73,Transferencia,KLM-4321,5.0000000,No
2034,12-06-24,TEISA 1,Extra,73.03,2.4,175.27,Bus,175.27,Tarjeta,Unidad 101,9.000002,Sí
2035,12-07-24,TEISA 2,Extra,53.5,2.4,128.4,Bus,128.41,Efectivo,Unidad 303,11.0:29,Sí
2036,12-07-24,TEISA 1,Súper,14.58,3.1,45.2,Sedán,45.21,Efectivo,XYZ-5678,20.0:15,Sí
2037,12-07-24,TEISA 2,Diésel,79.61,1.8,143.3,Bus,143.3,Tarjeta,Unidad 202,18.000001,Sí
2038,12-07-24,TEISA 1,Súper,23.86,3.1,73.97,Motocicleta,73.97,Transferencia,ABC-1234,17.0:41,No
2039,12-07-24,TEISA 1,Extra,4.47,2.4,10.73,SUV,10.73,Efectivo,TUV-8765,21.0:28,No
2040,12-07-24,TEISA 2,Súper,17.07,3.1,52.92,Sedán,52.91,Tarjeta,XYZ-5678,21.0:32,No
2041,12-08-24,TEISA 1,Extra,22.98,2.4,55.15,Camioneta,55.16,Tarjeta,KLM-4321,19.000001,Sí
2042,12-08-24,TEISA 2,Extra,22.26,2.4,53.42,SUV,53.42,Tarjeta,TUV-8765,14.0:14,Sí
2043,12-08-24,TEISA 1,Súper,32.84,3.1,101.8,Bus,101.81,Tarjeta,Unidad 404,6.0:53,Sí
2044,12-08-24,TEISA 2,Extra,19.42,2.4,46.61,Bus,46.6,Transferencia,KLM-4321,18.0:38,Sí
2045,12-08-24,TEISA 2,Extra,43.23,2.4,103.75,Bus,103.76,Transferencia,Unidad 101,18.0:17,Sí
2046,12-08-24,TEISA 1,Diésel,26.29,1.8,47.32,Sedán,47.32,Tarjeta,XYZ-5678,14.0:13,No
2047,12-08-24,TEISA 1,Extra,5.53,2.4,13.27,Sedán,13.28,Transferencia,XYZ-5678,20.0:36,Sí
2048,12-08-24,TEISA 1,Súper,4.22,3.1,13.08,Bus,13.07,Efectivo,TUV-8765,11.000001,Sí
2049,12-09-24,TEISA 1,Súper,63.5,3.1,196.85,Bus,196.86,Efectivo,Unidad 303,20.0:51,Sí
2050,12-09-24,TEISA 1,Súper,16.89,3.1,52.36,Motocicleta,52.36,Transferencia,ABC-1234,11.000008,Sí
2051,12-09-24,TEISA 1,Diésel,62.79,1.8,113.02,Bus,113.02,Transferencia,Unidad 202,10.0:38,Sí
2052,12-09-24,TEISA 1,Extra,30.57,2.4,73.37,Camioneta,73.36,Tarjeta,TUV-8765,8.0:59,No
2053,12-09-24,TEISA 1,Extra,18.23,2.4,43.75,Camioneta,43.75,Transferencia,ABC-1234,7.0:26,Sí
2054,12-09-24,TEISA 1,Súper,10.16,3.1,31.5,Sedán,31.49,Tarjeta,KLM-4321,17.0000000,Sí
2055,12-09-24,TEISA 1,Súper,24.46,3.1,75.83,Bus,75.84,Tarjeta,XYZ-5678,10.0:55,Sí
2056,12-09-24,TEISA 2,Extra,66.33,2.4,159.19,Bus,159.2,Tarjeta,Unidad 303,17.0:29,Sí
2057,12-10-24,TEISA 1,Diésel,43.18,1.8,77.72,Sedán,77.72,Tarjeta,KLM-4321,13.0:28,No
2058,12-10-24,TEISA 2,Extra,22.32,2.4,53.57,Camioneta,53.58,Efectivo,TUV-8765,14.0:19,No
2059,12-10-24,TEISA 1,Extra,69.43,2.4,166.63,Bus,166.63,Transferencia,Unidad 303,20.0000000,Sí
2060,12-10-24,TEISA 1,Extra,60.71,2.4,145.7,Bus,145.7,Tarjeta,Unidad 202,17.0:52,Sí
2061,12-10-24,TEISA 1,Súper,20.15,3.1,62.46,SUV,62.46,Transferencia,KLM-4321,14.0:47,Sí
2062,12-11-24,TEISA 1,Diésel,104.62,1.8,188.32,Bus,188.31,Tarjeta,Unidad 303,15.0:32,Sí
2063,12-11-24,TEISA 2,Diésel,6.97,1.8,12.55,Bus,12.55,Efectivo,ABC-1234,14.0:47,Sí
2064,12-11-24,TEISA 1,Súper,25.6,3.1,79.36,Motocicleta,79.36,Tarjeta,KLM-4321,12.0:41,Sí
2065,12-11-24,TEISA 1,Diésel,16.09,1.8,28.96,SUV,28.96,Efectivo,ABC-1234,16.0:27,No
2066,12-12-24,TEISA 1,Diésel,23.96,1.8,43.13,Bus,43.12,Efectivo,KLM-4321,15.0:24,Sí
2067,12-12-24,TEISA 1,Diésel,18.86,1.8,33.95,Bus,33.95,Transferencia,KLM-4321,20.0:43,No
2068,12-12-24,TEISA 1,Súper,6.6,3.1,20.46,Bus,20.46,Efectivo,TUV-8765,19.000001,Sí
2069,12-12-24,TEISA 1,Extra,63.32,2.4,151.97,Bus,151.97,Tarjeta,Unidad 404,9.000004,Sí
2070,12-12-24,TEISA 1,Diésel,28.4,1.8,51.12,Camioneta,51.12,Tarjeta,KLM-4321,5.0:47,No
2071,12-13-24,TEISA 1,Diésel,96.34,1.8,173.41,Bus,173.42,Efectivo,Unidad 404,20.0:31,Sí
2072,12-13-24,TEISA 1,Diésel,26.18,1.8,47.12,Bus,47.13,Transferencia,KLM-4321,19.000006,No
2073,12-13-24,TEISA 1,Súper,21.64,3.1,67.08,Camioneta,67.09,Tarjeta,XYZ-5678,15.0:35,Sí
2074,12-13-24,TEISA 1,Extra,13.15,2.4,31.56,Motocicleta,31.56,Tarjeta,XYZ-5678,10.0:15,No
2075,12-13-24,TEISA 1,Extra,10.24,2.4,24.58,Sedán,24.58,Efectivo,KLM-4321,17.0:49,No
2076,12-13-24,TEISA 1,Súper,23.78,3.1,73.72,Camioneta,73.71,Tarjeta,TUV-8765,5.000005,No
2077,12-13-24,TEISA 1,Extra,11.32,2.4,27.17,Bus,27.17,Tarjeta,ABC-1234,11.0:28,Sí
2078,12-14-24,TEISA 1,Súper,20.75,3.1,64.33,Motocicleta,64.33,Efectivo,TUV-8765,11.0:33,No
2079,12-14-24,TEISA 2,Diésel,25.29,1.8,45.52,Sedán,45.52,Efectivo,KLM-4321,18.0:54,No
2080,12-14-24,TEISA 1,Diésel,8.41,1.8,15.14,Motocicleta,15.14,Transferencia,KLM-4321,12.0:32,Sí
2081,12-14-24,TEISA 2,Diésel,65.04,1.8,117.07,Bus,117.07,Tarjeta,Unidad 303,7.0:19,Sí
2082,12-14-24,TEISA 1,Extra,31.07,2.4,74.57,SUV,74.57,Efectivo,KLM-4321,8.0:43,No
2083,12-14-24,TEISA 1,Súper,11.13,3.1,34.5,Motocicleta,34.51,Efectivo,TUV-8765,11.0:59,Sí
2084,12-14-24,TEISA 1,Diésel,43.59,1.8,78.46,Sedán,78.47,Tarjeta,ABC-1234,13.0000000,No
2085,12-15-24,TEISA 1,Súper,23.91,3.1,74.12,Camioneta,74.11,Transferencia,KLM-4321,13.000007,Sí
2086,12-15-24,TEISA 1,Súper,13.13,3.1,40.7,Motocicleta,40.71,Efectivo,KLM-4321,19.0:21,No
2087,12-15-24,TEISA 2,Diésel,105.17,1.8,189.31,Bus,189.3,Efectivo,Unidad 404,14.0:12,Sí
2088,12-15-24,TEISA 1,Diésel,69.52,1.8,125.14,Bus,125.13,Tarjeta,Unidad 303,6.000003,Sí
2089,12-15-24,TEISA 1,Diésel,22.28,1.8,40.1,Bus,40.1,Tarjeta,KLM-4321,5.000003,No
2090,12-15-24,TEISA 1,Súper,21.81,3.1,67.61,Motocicleta,67.62,Efectivo,TUV-8765,6.000005,No
2091,12-16-24,TEISA 1,Diésel,31.51,1.8,56.72,Bus,56.71,Tarjeta,XYZ-5678,6.0:13,Sí
2092,12-16-24,TEISA 1,Diésel,7.7,1.8,13.86,Bus,13.86,Tarjeta,ABC-1234,15.0:31,No
2093,12-16-24,TEISA 1,Diésel,38.58,1.8,69.44,Motocicleta,69.45,Tarjeta,XYZ-5678,21.0:13,Sí
2094,12-16-24,TEISA 2,Súper,62.89,3.1,194.96,Bus,194.95,Tarjeta,Unidad 202,5.0:23,Sí
2095,12-17-24,TEISA 1,Diésel,39.18,1.8,70.52,Sedán,70.52,Transferencia,ABC-1234,10.0:23,No
2096,12-17-24,TEISA 1,Súper,19.4,3.1,60.14,Motocicleta,60.15,Efectivo,XYZ-5678,7.0:57,No
2097,12-17-24,TEISA 1,Súper,42.19,3.1,130.79,Bus,130.78,Tarjeta,Unidad 202,20.0:18,Sí
2098,12-17-24,TEISA 1,Extra,33.19,2.4,79.66,Motocicleta,79.66,Efectivo,XYZ-5678,18.0:35,No
2099,12-17-24,TEISA 1,Extra,50.62,2.4,121.49,Bus,121.5,Tarjeta,Unidad 303,17.0:43,Sí
2100,12-18-24,TEISA 1,Extra,7.08,2.4,16.99,SUV,16.98,Transferencia,ABC-1234,11.0:21,No
2101,12-18-24,TEISA 1,Extra,20.06,2.4,48.14,SUV,48.15,Efectivo,ABC-1234,17.0:15,Sí
2102,12-18-24,TEISA 1,Extra,70.41,2.4,168.98,Bus,168.99,Transferencia,Unidad 303,8.0:33,Sí
2103,12-18-24,TEISA 1,Súper,47.45,3.1,147.09,Bus,147.08,Efectivo,Unidad 303,21.0000000,Sí
2104,12-18-24,TEISA 1,Súper,56.29,3.1,174.5,Bus,174.51,Transferencia,Unidad 404,13.0:57,Sí
2105,12-18-24,TEISA 1,Súper,15.76,3.1,48.86,Motocicleta,48.85,Efectivo,KLM-4321,21.000008,Sí
2106,12-19-24,TEISA 2,Diésel,7.89,1.8,14.2,Bus,14.21,Tarjeta,KLM-4321,18.0:59,Sí
2107,12-19-24,TEISA 1,Extra,27.42,2.4,65.81,Camioneta,65.8,Efectivo,TUV-8765,8.0:37,No
2108,12-19-24,TEISA 1,Extra,5.78,2.4,13.87,Sedán,13.86,Efectivo,TUV-8765,17.0:46,Sí
2109,12-19-24,TEISA 1,Súper,41.28,3.1,127.97,Bus,127.98,Efectivo,Unidad 101,10.000005,Sí
2110,12-19-24,TEISA 1,Súper,13.83,3.1,42.87,SUV,42.88,Efectivo,TUV-8765,18.0:21,Sí
2111,12-19-24,TEISA 1,Súper,20.58,3.1,63.8,Sedán,63.81,Efectivo,XYZ-5678,14.0:14,Sí
2112,12-20-24,TEISA 1,Diésel,37.38,1.8,67.28,Camioneta,67.29,Transferencia,ABC-1234,12.000004,No
2113,12-20-24,TEISA 1,Extra,20.03,2.4,48.07,Motocicleta,48.06,Transferencia,TUV-8765,7.000008,No
2114,12-20-24,TEISA 2,Diésel,77.52,1.8,139.54,Bus,139.53,Tarjeta,Unidad 202,17.0:55,Sí
2115,12-20-24,TEISA 1,Diésel,25.53,1.8,45.95,Sedán,45.96,Tarjeta,XYZ-5678,14.0:43,No
2116,12-20-24,TEISA 1,Diésel,28.67,1.8,51.61,Bus,51.61,Transferencia,KLM-4321,6.0:32,No
2117,12-20-24,TEISA 1,Súper,11.4,3.1,35.34,Bus,35.35,Efectivo,XYZ-5678,15.0:19,No
2118,12-20-24,TEISA 1,Súper,13.44,3.1,41.66,SUV,41.65,Transferencia,ABC-1234,7.000007,No
2119,12-21-24,TEISA 1,Súper,14.14,3.1,43.83,Bus,43.83,Tarjeta,ABC-1234,11.000003,No
2120,12-21-24,TEISA 1,Súper,46.34,3.1,143.65,Bus,143.65,Transferencia,Unidad 202,6.0:33,Sí
2121,12-21-24,TEISA 1,Extra,81.44,2.4,195.46,Bus,195.45,Transferencia,Unidad 202,8.0:16,Sí
2122,12-21-24,TEISA 1,Súper,7.4,3.1,22.94,SUV,22.95,Efectivo,XYZ-5678,5.0:16,Sí
2123,12-21-24,TEISA 1,Extra,50.98,2.4,122.35,Bus,122.35,Efectivo,Unidad 101,11.000008,Sí
2124,12-21-24,TEISA 1,Diésel,25.77,1.8,46.39,Bus,46.39,Tarjeta,KLM-4321,13.0000000,No
2125,12-21-24,TEISA 2,Diésel,31.29,1.8,56.32,Bus,56.33,Transferencia,ABC-1234,20.000006,No
2126,12-22-24,TEISA 1,Extra,10.27,2.4,24.65,Camioneta,24.64,Efectivo,TUV-8765,11.0:31,Sí
2127,12-22-24,TEISA 1,Extra,22.37,2.4,53.69,Camioneta,53.68,Efectivo,ABC-1234,6.0:59,Sí
2128,12-22-24,TEISA 1,Súper,11.3,3.1,35.03,Bus,35.02,Tarjeta,TUV-8765,18.000004,Sí
2129,12-22-24,TEISA 2,Súper,3.8,3.1,11.78,Sedán,11.78,Transferencia,KLM-4321,12.0:14,Sí
2130,12-22-24,TEISA 1,Súper,14.08,3.1,43.65,Sedán,43.65,Tarjeta,ABC-1234,11.0:14,No
2131,12-22-24,TEISA 1,Súper,22.35,3.1,69.29,Motocicleta,69.3,Transferencia,ABC-1234,21.0:33,No
2132,12-22-24,TEISA 1,Extra,27.81,2.4,66.74,Bus,66.74,Tarjeta,TUV-8765,16.0:35,No
2133,12-22-24,TEISA 1,Súper,47.46,3.1,147.13,Bus,147.12,Tarjeta,Unidad 303,20.0:33,Sí
2134,12-23-24,TEISA 1,Extra,27.83,2.4,66.79,SUV,66.8,Tarjeta,TUV-8765,20.0:21,Sí
2135,12-23-24,TEISA 1,Extra,67.82,2.4,162.77,Bus,162.76,Transferencia,Unidad 404,16.0:43,Sí
2136,12-23-24,TEISA 1,Extra,19.07,2.4,45.77,SUV,45.77,Transferencia,ABC-1234,5.0:34,No
2137,12-23-24,TEISA 1,Súper,54.04,3.1,167.52,Bus,167.52,Tarjeta,Unidad 202,14.0:53,Sí
2138,12-23-24,TEISA 1,Súper,20.75,3.1,64.33,SUV,64.34,Transferencia,ABC-1234,11.0:55,No
2139,12-23-24,TEISA 1,Extra,30.32,2.4,72.77,Sedán,72.77,Tarjeta,TUV-8765,20.000008,Sí
2140,12-23-24,TEISA 1,Súper,43.13,3.1,133.7,Bus,133.71,Efectivo,Unidad 303,14.0:44,Sí
2141,12-24-24,TEISA 1,Extra,30.47,2.4,73.13,Bus,73.12,Efectivo,KLM-4321,0.0:22,Sí
2142,12-24-24,TEISA 1,Extra,29.25,2.4,70.2,Camioneta,70.19,Transferencia,ABC-1234,7.0:21,Sí
2143,12-24-24,TEISA 2,Diésel,33.74,1.8,60.73,Camioneta,60.74,Efectivo,TUV-8765,10.0:19,Sí
2144,12-24-24,TEISA 2,Extra,73.82,2.4,177.17,Bus,177.17,Efectivo,Unidad 101,9.0000000,Sí
2145,12-24-24,TEISA 1,Súper,43.14,3.1,133.73,Bus,133.74,Tarjeta,Unidad 404,9.0:43,Sí
2146,12-24-24,TEISA 1,Súper,12.47,3.1,38.66,SUV,38.67,Transferencia,TUV-8765,6.0:29,Sí
2147,12-24-24,TEISA 1,Diésel,21.33,1.8,38.39,Sedán,38.39,Transferencia,TUV-8765,17.0:19,No
2148,12-25-24,TEISA 1,Extra,19.48,2.4,46.75,SUV,46.75,Tarjeta,TUV-8765,16.0:19,Sí
2149,12-25-24,TEISA 1,Extra,67.91,2.4,162.98,Bus,162.98,Tarjeta,Unidad 101,11.0:47,Sí
2150,12-25-24,TEISA 1,Súper,45.31,3.1,140.46,Bus,140.47,Tarjeta,Unidad 404,19.0:46,Sí
2151,12-25-24,TEISA 1,Extra,32.85,2.4,78.84,Sedán,78.83,Transferencia,ABC-1234,5.0:35,Sí
2152,12-25-24,TEISA 1,Extra,24.12,2.4,57.89,SUV,57.89,Transferencia,ABC-1234,15.000005,Sí
2153,12-26-24,TEISA 1,Diésel,35.59,1.8,64.06,Bus,64.07,Tarjeta,ABC-1234,12.0:47,Sí
2154,12-26-24,TEISA 1,Diésel,29.53,1.8,53.15,SUV,53.16,Transferencia,TUV-8765,17.0:33,No
2155,12-26-24,TEISA 1,Diésel,43.07,1.8,77.53,Sedán,77.52,Efectivo,TUV-8765,10.0:12,Sí
2156,12-26-24,TEISA 1,Diésel,9.28,1.8,16.7,SUV,16.71,Efectivo,KLM-4321,21.0:53,Sí
2157,12-26-24,TEISA 1,Diésel,58.49,1.8,105.28,Bus,105.28,Tarjeta,Unidad 303,6.0:15,Sí
2158,12-26-24,TEISA 1,Extra,47.16,2.4,113.18,Bus,113.19,Transferencia,Unidad 101,18.0:37,Sí
2159,12-26-24,TEISA 2,Súper,57.23,3.1,177.41,Bus,177.4,Tarjeta,Unidad 303,8.000009,Sí
2160,12-27-24,TEISA 1,Diésel,40.49,1.8,72.88,Motocicleta,72.89,Tarjeta,XYZ-5678,9.000002,Sí
2161,12-27-24,TEISA 1,Diésel,42.83,1.8,77.09,Camioneta,77.1,Tarjeta,XYZ-5678,12.0:44,No
2162,12-27-24,TEISA 1,Diésel,29.56,1.8,53.21,Camioneta,53.21,Transferencia,TUV-8765,0.0:22,Sí
2163,12-27-24,TEISA 1,Diésel,42.57,1.8,76.63,Sedán,76.63,Tarjeta,ABC-1234,13.000003,No
2164,12-27-24,TEISA 1,Diésel,12.44,1.8,22.39,Motocicleta,22.4,Tarjeta,TUV-8765,10.0:58,No
2165,12-28-24,TEISA 1,Extra,74.25,2.4,178.2,Bus,178.21,Tarjeta,Unidad 101,20.000006,Sí
2166,12-28-24,TEISA 1,Diésel,105.85,1.8,190.53,Bus,190.53,Efectivo,Unidad 303,12.0:51,Sí
2167,12-28-24,TEISA 1,Extra,9.12,2.4,21.89,SUV,21.89,Efectivo,ABC-1234,21.0:19,No
2168,12-28-24,TEISA 1,Extra,63.23,2.4,151.75,Bus,151.74,Tarjeta,Unidad 101,10.0:46,Sí
2169,12-28-24,TEISA 1,Extra,80.89,2.4,194.14,Bus,194.14,Efectivo,Unidad 404,17.0:31,Sí
2170,12-28-24,TEISA 1,Diésel,96.19,1.8,173.14,Bus,173.15,Transferencia,Unidad 202,11.0:26,Sí
2171,12-28-24,TEISA 2,Diésel,74.49,1.8,134.08,Bus,134.09,Efectivo,Unidad 202,11.0:38,Sí
2172,12-29-24,TEISA 2,Diésel,31.16,1.8,56.09,Camioneta,56.08,Efectivo,TUV-8765,11.0:52,No
2173,12-29-24,TEISA 1,Diésel,59.01,1.8,106.22,Bus,106.21,Transferencia,Unidad 101,20.0:54,Sí
2174,12-29-24,TEISA 1,Diésel,16.56,1.8,29.81,Sedán,29.81,Tarjeta,KLM-4321,11.0:11,Sí
2175,12-29-24,TEISA 1,Súper,15.83,3.1,49.07,Sedán,49.08,Efectivo,KLM-4321,16.0:23,No
2176,12-29-24,TEISA 2,Diésel,35.67,1.8,64.21,Motocicleta,64.2,Tarjeta,ABC-1234,6.0:11,No
2177,12-29-24,TEISA 1,Diésel,28.28,1.8,50.9,SUV,50.91,Efectivo,TUV-8765,21.0:36,No
2178,12-29-24,TEISA 1,Extra,11.56,2.4,27.74,Motocicleta,27.74,Transferencia,XYZ-5678,19.0:25,Sí
2179,12-30-24,TEISA 1,Diésel,44.42,1.8,79.96,Sedán,79.95,Efectivo,XYZ-5678,13.0000000,No
2180,12-30-24,TEISA 1,Súper,24.43,3.1,75.73,Camioneta,75.72,Tarjeta,TUV-8765,8.000003,No
2181,12-30-24,TEISA 2,Diésel,11.93,1.8,21.47,Motocicleta,21.48,Transferencia,TUV-8765,16.0:26,Sí
2182,12-30-24,TEISA 1,Súper,18.87,3.1,58.5,Motocicleta,58.5,Efectivo,KLM-4321,12.0:36,No
2183,12-30-24,TEISA 1,Diésel,108.27,1.8,194.89,Bus,194.89,Efectivo,Unidad 404,5.0:56,Sí
2184,12-31-24,TEISA 1,Súper,56.18,3.1,174.16,Bus,174.17,Efectivo,Unidad 404,8.0:36,Sí
2185,12-31-24,TEISA 1,Súper,21.58,3.1,66.9,Sedán,66.89,Tarjeta,TUV-8765,7.0:18,No
2186,12-31-24,TEISA 1,Súper,18.77,3.1,58.19,Motocicleta,58.2,Transferencia,TUV-8765,12.0:17,Sí
2187,12-31-24,TEISA 1,Diésel,21.47,1.8,38.65,SUV,38.64,Transferencia,XYZ-5678,10.0:58,No
2188,12-31-24,TEISA 1,Súper,44.04,3.1,136.52,Bus,136.51,Efectivo,Unidad 404,9.0:24,Sí
2189,12-31-24,TEISA 1,Súper,50.83,3.1,157.57,Bus,157.57,Tarjeta,Unidad 404,12.0:43,Sí
2190,12-31-24,TEISA 1,Súper,21.51,3.1,66.68,Motocicleta,66.68,Tarjeta,KLM-4321,9.0000000,No
2191,12-31-24,TEISA 1,Extra,67.94,2.4,163.06,Bus,163.05,Tarjeta,Unidad 404,17.0:44,Sí
2192,01-01-25,TEISA 1,Diésel,19.91,1.8,35.84,Sedán,35.83,Tarjeta,TUV-8765,16.0000000,Sí
2193,01-01-25,TEISA 1,Extra,31.92,2.4,76.61,SUV,76.6,Transferencia,KLM-4321,6.0:29,No
2194,01-01-25,TEISA 1,Súper,9.81,3.1,30.41,Sedán,30.4,Efectivo,ABC-1234,16.0:11,No
2195,01-01-25,TEISA 2,Súper,34.81,3.1,107.91,Bus,107.92,Transferencia,Unidad 404,13.000004,Sí
2196,01-01-25,TEISA 1,Extra,67.28,2.4,161.47,Bus,161.46,Efectivo,Unidad 303,9.000004,Sí
2197,01-02-25,TEISA 1,Diésel,79.32,1.8,142.78,Bus,142.77,Efectivo,Unidad 404,6.0:14,Sí
2198,01-02-25,TEISA 2,Diésel,6.42,1.8,11.56,SUV,11.55,Tarjeta,KLM-4321,12.0:19,No
2199,01-02-25,TEISA 2,Súper,61.79,3.1,191.55,Bus,191.55,Tarjeta,Unidad 202,5.0:52,Sí
2200,01-02-25,TEISA 1,Diésel,9.69,1.8,17.44,Bus,17.44,Efectivo,XYZ-5678,16.000007,No
2201,01-02-25,TEISA 2,Extra,44.16,2.4,105.98,Bus,105.99,Efectivo,Unidad 404,7.0:18,Sí
2202,01-03-25,TEISA 2,Súper,7.62,3.1,23.62,SUV,23.61,Transferencia,XYZ-5678,5.0:49,No
2203,01-03-25,TEISA 2,Diésel,83.47,1.8,150.25,Bus,150.24,Efectivo,Unidad 101,14.0:23,Sí
2204,01-03-25,TEISA 1,Súper,16.4,3.1,50.84,Sedán,50.85,Tarjeta,ABC-1234,17.0:49,Sí
2205,01-03-25,TEISA 1,Diésel,62.85,1.8,113.13,Bus,113.13,Transferencia,Unidad 303,12.000005,Sí
2206,01-03-25,TEISA 1,Diésel,25.73,1.8,46.31,Bus,46.31,Transferencia,ABC-1234,19.0000000,Sí
2207,01-03-25,TEISA 1,Diésel,27.73,1.8,49.91,Motocicleta,49.91,Efectivo,ABC-1234,21.0:49,Sí
2208,01-03-25,TEISA 1,Extra,28.25,2.4,67.8,Motocicleta,67.79,Efectivo,KLM-4321,6.0:47,Sí
2209,01-04-25,TEISA 1,Súper,21.29,3.1,66.0,SUV,66.0,Tarjeta,KLM-4321,6.0:51,Sí
2210,01-04-25,TEISA 1,Diésel,18.42,1.8,33.16,Sedán,33.15,Efectivo,ABC-1234,8.0:49,No
2211,01-04-25,TEISA 1,Extra,23.56,2.4,56.54,Sedán,56.55,Transferencia,TUV-8765,17.0000000,No
2212,01-04-25,TEISA 2,Extra,19.65,2.4,47.16,Motocicleta,47.16,Efectivo,KLM-4321,19.0:26,No
2213,01-05-25,TEISA 2,Extra,10.05,2.4,24.12,SUV,24.13,Tarjeta,KLM-4321,11.0:24,Sí
2214,01-05-25,TEISA 1,Extra,33.1,2.4,79.44,Sedán,79.45,Transferencia,KLM-4321,19.0:44,Sí
2215,01-05-25,TEISA 1,Súper,17.09,3.1,52.98,Bus,52.98,Tarjeta,TUV-8765,20.0:29,No
2216,01-05-25,TEISA 1,Súper,47.21,3.1,146.35,Bus,146.34,Tarjeta,Unidad 404,16.0:44,Sí
2217,01-05-25,TEISA 1,Súper,20.29,3.1,62.9,Motocicleta,62.91,Transferencia,TUV-8765,5.0:19,No
2218,01-06-25,TEISA 1,Súper,24.6,3.1,76.26,Motocicleta,76.27,Tarjeta,KLM-4321,9.0:33,Sí
2219,01-06-25,TEISA 1,Súper,55.15,3.1,170.97,Bus,170.96,Tarjeta,Unidad 404,20.0000000,Sí
2220,01-06-25,TEISA 1,Extra,4.22,2.4,10.13,Bus,10.13,Tarjeta,XYZ-5678,5.0:35,Sí
2221,01-06-25,TEISA 1,Diésel,109.12,1.8,196.42,Bus,196.41,Transferencia,Unidad 202,20.0:37,Sí
2222,01-06-25,TEISA 1,Extra,7.72,2.4,18.53,Bus,18.53,Tarjeta,XYZ-5678,15.0:51,Sí
2223,01-07-25,TEISA 1,Extra,10.58,2.4,25.39,SUV,25.39,Transferencia,XYZ-5678,12.0:52,Sí
2224,01-07-25,TEISA 1,Diésel,6.43,1.8,11.57,Camioneta,11.58,Efectivo,KLM-4321,11.0:49,Sí
2225,01-07-25,TEISA 1,Súper,49.8,3.1,154.38,Bus,154.37,Tarjeta,Unidad 101,0.0:22,Sí
2226,01-07-25,TEISA 1,Súper,12.79,3.1,39.65,SUV,39.66,Tarjeta,ABC-1234,21.0:52,No
2227,01-07-25,TEISA 1,Extra,26.06,2.4,62.54,Sedán,62.54,Tarjeta,XYZ-5678,9.0:51,Sí
2228,01-07-25,TEISA 1,Extra,48.88,2.4,117.31,Bus,117.3,Tarjeta,Unidad 202,21.0:27,Sí
2229,01-08-25,TEISA 2,Diésel,42.31,1.8,76.16,Sedán,76.15,Transferencia,TUV-8765,10.0000000,No
2230,01-08-25,TEISA 1,Súper,12.25,3.1,37.98,Bus,37.98,Tarjeta,TUV-8765,18.0:18,No
2231,01-08-25,TEISA 2,Diésel,98.59,1.8,177.46,Bus,177.47,Transferencia,Unidad 101,5.0:37,Sí
2232,01-08-25,TEISA 1,Diésel,25.13,1.8,45.23,Bus,45.24,Tarjeta,TUV-8765,9.0:45,Sí
2233,01-08-25,TEISA 1,Súper,23.33,3.1,72.32,Bus,72.32,Efectivo,TUV-8765,19.0:15,Sí
2234,01-09-25,TEISA 1,Diésel,23.29,1.8,41.92,SUV,41.93,Transferencia,ABC-1234,18.0:37,Sí
2235,01-09-25,TEISA 1,Extra,25.34,2.4,60.82,Motocicleta,60.82,Tarjeta,XYZ-5678,5.0:17,Sí
2236,01-09-25,TEISA 1,Extra,26.65,2.4,63.96,Motocicleta,63.95,Tarjeta,XYZ-5678,10.0:23,Sí
2237,01-09-25,TEISA 1,Súper,3.92,3.1,12.15,SUV,12.15,Tarjeta,XYZ-5678,13.0:41,No
2238,01-09-25,TEISA 1,Extra,18.86,2.4,45.26,Camioneta,45.27,Tarjeta,TUV-8765,13.0:16,No
2239,01-09-25,TEISA 1,Extra,71.63,2.4,171.91,Bus,171.91,Efectivo,Unidad 404,15.0:29,Sí
2240,01-09-25,TEISA 1,Extra,14.82,2.4,35.57,Bus,35.56,Tarjeta,TUV-8765,20.0:25,No
2241,01-10-25,TEISA 1,Extra,16.81,2.4,40.34,Sedán,40.34,Tarjeta,ABC-1234,19.000004,Sí
2242,01-10-25,TEISA 1,Súper,25.4,3.1,78.74,Bus,78.74,Transferencia,TUV-8765,10.0:29,Sí
2243,01-10-25,TEISA 1,Súper,8.37,3.1,25.95,Bus,25.95,Efectivo,XYZ-5678,8.0:47,Sí
2244,01-10-25,TEISA 1,Súper,25.62,3.1,79.42,Motocicleta,79.43,Efectivo,ABC-1234,20.0:27,No
2245,01-10-25,TEISA 1,Súper,39.65,3.1,122.91,Bus,122.91,Efectivo,Unidad 101,11.0:58,Sí
2246,01-10-25,TEISA 1,Diésel,106.22,1.8,191.2,Bus,191.2,Efectivo,Unidad 303,17.0:18,Sí
2247,01-10-25,TEISA 1,Súper,3.48,3.1,10.79,Sedán,10.8,Transferencia,TUV-8765,10.0:13,No
2248,01-11-25,TEISA 2,Extra,19.06,2.4,45.74,SUV,45.74,Tarjeta,XYZ-5678,14.000001,No
2249,01-11-25,TEISA 2,Súper,12.88,3.1,39.93,Camioneta,39.94,Transferencia,KLM-4321,5.000006,No
2250,01-11-25,TEISA 1,Extra,30.93,2.4,74.23,Motocicleta,74.22,Efectivo,ABC-1234,21.0:32,Sí
2251,01-11-25,TEISA 1,Súper,59.05,3.1,183.06,Bus,183.05,Efectivo,Unidad 101,20.0:49,Sí
2252,01-11-25,TEISA 1,Extra,22.99,2.4,55.18,SUV,55.17,Efectivo,TUV-8765,12.000005,No
2253,01-11-25,TEISA 1,Súper,17.17,3.1,53.23,Sedán,53.24,Efectivo,TUV-8765,20.0:16,Sí
2254,01-12-25,TEISA 1,Súper,19.29,3.1,59.8,Camioneta,59.79,Efectivo,KLM-4321,8.0:34,Sí
2255,01-12-25,TEISA 2,Diésel,12.1,1.8,21.78,Motocicleta,21.78,Transferencia,ABC-1234,21.0000000,No
2256,01-12-25,TEISA 1,Diésel,62.44,1.8,112.39,Bus,112.39,Tarjeta,Unidad 202,5.0:43,Sí
2257,01-12-25,TEISA 1,Diésel,14.54,1.8,26.17,SUV,26.18,Tarjeta,TUV-8765,17.0:19,Sí
2258,01-12-25,TEISA 2,Extra,42.2,2.4,101.28,Bus,101.29,Transferencia,Unidad 404,10.0:47,Sí
2259,01-12-25,TEISA 1,Extra,11.91,2.4,28.58,Camioneta,28.58,Efectivo,ABC-1234,8.0:29,Sí
2260,01-12-25,TEISA 1,Súper,52.86,3.1,163.87,Bus,163.88,Tarjeta,Unidad 202,10.0:33,Sí
2261,01-13-25,TEISA 2,Extra,28.15,2.4,67.56,Motocicleta,67.56,Efectivo,ABC-1234,12.000004,Sí
2262,01-13-25,TEISA 1,Diésel,29.7,1.8,53.46,SUV,53.46,Tarjeta,ABC-1234,17.0:23,Sí
2263,01-13-25,TEISA 1,Extra,21.87,2.4,52.49,Motocicleta,52.49,Tarjeta,KLM-4321,15.000007,No
2264,01-13-25,TEISA 1,Súper,10.86,3.1,33.67,SUV,33.68,Tarjeta,ABC-1234,9.0:51,No
2265,01-13-25,TEISA 1,Súper,4.93,3.1,15.28,Camioneta,15.29,Transferencia,XYZ-5678,18.0:21,No
2266,01-13-25,TEISA 1,Súper,23.63,3.1,73.25,Camioneta,73.24,Transferencia,TUV-8765,5.000007,No
2267,01-13-25,TEISA 1,Súper,56.49,3.1,175.12,Bus,175.13,Transferencia,Unidad 404,20.0:33,Sí
2268,01-13-25,TEISA 1,Diésel,16.98,1.8,30.56,Bus,30.56,Tarjeta,XYZ-5678,17.0000000,No
2269,01-14-25,TEISA 1,Extra,28.2,2.4,67.68,Bus,67.69,Transferencia,KLM-4321,11.0:43,No
2270,01-14-25,TEISA 1,Súper,45.03,3.1,139.59,Bus,139.6,Transferencia,Unidad 303,16.0:35,Sí
2271,01-14-25,TEISA 1,Súper,23.29,3.1,72.2,Bus,72.2,Efectivo,TUV-8765,13.0:37,No
2272,01-14-25,TEISA 1,Diésel,82.64,1.8,148.75,Bus,148.75,Tarjeta,Unidad 101,7.000009,Sí
2273,01-15-25,TEISA 1,Diésel,41.92,1.8,75.46,Sedán,75.46,Transferencia,KLM-4321,11.000008,Sí
2274,01-15-25,TEISA 1,Diésel,8.76,1.8,15.77,SUV,15.77,Tarjeta,XYZ-5678,6.0:25,Sí
2275,01-15-25,TEISA 1,Diésel,90.71,1.8,163.28,Bus,163.27,Tarjeta,Unidad 404,18.000004,Sí
2276,01-15-25,TEISA 1,Súper,25.67,3.1,79.58,Motocicleta,79.57,Transferencia,TUV-8765,16.0000000,No
2277,01-15-25,TEISA 1,Diésel,36.67,1.8,66.01,Sedán,66.01,Tarjeta,KLM-4321,19.0:52,No
2278,01-15-25,TEISA 1,Diésel,43.18,1.8,77.72,Bus,77.72,Tarjeta,XYZ-5678,19.0:41,No
2279,01-16-25,TEISA 2,Súper,11.02,3.1,34.16,Camioneta,34.16,Transferencia,KLM-4321,12.0:26,Sí
2280,01-16-25,TEISA 1,Diésel,9.07,1.8,16.33,Sedán,16.32,Efectivo,ABC-1234,14.0:57,No
2281,01-16-25,TEISA 1,Súper,22.67,3.1,70.28,SUV,70.28,Tarjeta,TUV-8765,18.0:24,Sí
2282,01-16-25,TEISA 1,Súper,17.16,3.1,53.2,SUV,53.19,Efectivo,XYZ-5678,6.0:31,Sí
2283,01-16-25,TEISA 2,Diésel,18.81,1.8,33.86,Bus,33.86,Tarjeta,KLM-4321,21.0:46,No
2284,01-16-25,TEISA 2,Súper,12.29,3.1,38.1,Sedán,38.11,Efectivo,TUV-8765,7.0:25,No
2285,01-17-25,TEISA 2,Extra,78.77,2.4,189.05,Bus,189.05,Transferencia,Unidad 303,16.0:52,Sí
2286,01-17-25,TEISA 1,Extra,21.23,2.4,50.95,SUV,50.94,Tarjeta,TUV-8765,7.0:41,No
2287,01-17-25,TEISA 1,Extra,15.8,2.4,37.92,Bus,37.93,Tarjeta,KLM-4321,12.0:14,Sí
2288,01-17-25,TEISA 1,Extra,70.84,2.4,170.02,Bus,170.02,Transferencia,Unidad 101,5.0:13,Sí
2289,01-17-25,TEISA 1,Diésel,102.42,1.8,184.36,Bus,184.35,Tarjeta,Unidad 404,9.0:35,Sí
2290,01-17-25,TEISA 1,Extra,19.66,2.4,47.18,Motocicleta,47.19,Transferencia,KLM-4321,17.0000000,Sí
2291,01-18-25,TEISA 1,Diésel,56.15,1.8,101.07,Bus,101.07,Efectivo,Unidad 101,8.0:13,Sí
2292,01-18-25,TEISA 1,Extra,8.25,2.4,19.8,Camioneta,19.81,Tarjeta,KLM-4321,13.0:15,No
2293,01-18-25,TEISA 1,Extra,7.39,2.4,17.74,Motocicleta,17.73,Transferencia,KLM-4321,12.0000000,No
2294,01-18-25,TEISA 1,Diésel,77.3,1.8,139.14,Bus,139.14,Tarjeta,Unidad 303,11.0000000,Sí
2295,01-18-25,TEISA 1,Diésel,102.1,1.8,183.78,Bus,183.78,Transferencia,Unidad 101,13.0000000,Sí
2296,01-19-25,TEISA 1,Súper,58.27,3.1,180.64,Bus,180.64,Efectivo,Unidad 303,16.0:46,Sí
2297,01-19-25,TEISA 2,Extra,28.44,2.4,68.26,Bus,68.25,Transferencia,XYZ-5678,9.000005,No
2298,01-19-25,TEISA 1,Diésel,20.78,1.8,37.4,Sedán,37.41,Tarjeta,ABC-1234,15.0:16,No
2299,01-19-25,TEISA 1,Diésel,104.15,1.8,187.47,Bus,187.47,Transferencia,Unidad 303,14.0:46,Sí
2300,01-19-25,TEISA 1,Súper,61.69,3.1,191.24,Bus,191.24,Tarjeta,Unidad 404,21.000002,Sí
2301,01-20-25,TEISA 1,Diésel,31.45,1.8,56.61,Sedán,56.61,Efectivo,XYZ-5678,6.0:13,Sí
2302,01-20-25,TEISA 1,Extra,17.57,2.4,42.17,Camioneta,42.18,Transferencia,KLM-4321,19.0:15,Sí
2303,01-20-25,TEISA 1,Súper,50.34,3.1,156.05,Bus,156.05,Tarjeta,Unidad 404,15.0:36,Sí
2304,01-20-25,TEISA 1,Súper,36.85,3.1,114.24,Bus,114.24,Efectivo,Unidad 303,14.0:54,Sí
2305,01-20-25,TEISA 1,Diésel,43.8,1.8,78.84,Bus,78.84,Efectivo,TUV-8765,14.000004,Sí
2306,01-20-25,TEISA 1,Súper,9.67,3.1,29.98,Sedán,29.98,Transferencia,XYZ-5678,19.0:23,Sí
2307,01-20-25,TEISA 1,Extra,10.08,2.4,24.19,Sedán,24.18,Efectivo,KLM-4321,14.0:25,No
2308,01-20-25,TEISA 2,Diésel,77.23,1.8,139.01,Bus,139.01,Efectivo,Unidad 202,7.0:34,Sí
2309,01-21-25,TEISA 2,Extra,43.97,2.4,105.53,Bus,105.53,Transferencia,Unidad 404,18.0:57,Sí
2310,01-21-25,TEISA 1,Súper,14.15,3.1,43.87,Bus,43.85,Transferencia,XYZ-5678,17.0:13,Sí
2311,01-21-25,TEISA 1,Extra,31.32,2.4,75.17,Bus,75.16,Tarjeta,KLM-4321,8.0:39,No
2312,01-21-25,TEISA 1,Extra,64.78,2.4,155.47,Bus,155.47,Tarjeta,Unidad 202,20.000003,Sí
2313,01-21-25,TEISA 1,Súper,4.85,3.1,15.04,Motocicleta,15.02,Efectivo,ABC-1234,19.0:28,Sí
2314,01-21-25,TEISA 1,Súper,48.47,3.1,150.26,Bus,150.26,Tarjeta,Unidad 202,18.000006,Sí
2315,01-21-25,TEISA 1,Diésel,82.81,1.8,149.06,Bus,149.06,Tarjeta,Unidad 404,9.0:53,Sí
2316,01-21-25,TEISA 1,Extra,32.4,2.4,77.76,Camioneta,77.75,Tarjeta,KLM-4321,8.0:47,No
2317,01-22-25,TEISA 1,Súper,5.52,3.1,17.11,Camioneta,17.12,Efectivo,KLM-4321,18.0:32,No
2318,01-22-25,TEISA 1,Extra,61.38,2.4,147.31,Bus,147.31,Efectivo,Unidad 202,11.0:12,Sí
2319,01-22-25,TEISA 1,Extra,29.8,2.4,71.52,Camioneta,71.53,Efectivo,XYZ-5678,18.0:59,Sí
2320,01-22-25,TEISA 1,Súper,35.61,3.1,110.39,Bus,110.38,Efectivo,Unidad 404,7.0:48,Sí
2321,01-23-25,TEISA 2,Extra,32.77,2.4,78.65,Bus,78.64,Efectivo,XYZ-5678,8.0:11,Sí
2322,01-23-25,TEISA 1,Diésel,19.58,1.8,35.24,SUV,35.25,Transferencia,KLM-4321,8.0:16,No
2323,01-23-25,TEISA 1,Diésel,79.92,1.8,143.86,Bus,143.86,Tarjeta,Unidad 101,9.0000000,Sí
2324,01-23-25,TEISA 1,Diésel,29.34,1.8,52.81,Bus,52.81,Transferencia,KLM-4321,20.0:13,Sí
2325,01-24-25,TEISA 1,Extra,60.95,2.4,146.28,Bus,146.29,Tarjeta,Unidad 202,7.0:31,Sí
2326,01-24-25,TEISA 1,Extra,30.63,2.4,73.51,Bus,73.52,Transferencia,TUV-8765,11.0:31,No
2327,01-24-25,TEISA 1,Diésel,12.23,1.8,22.01,SUV,22.02,Tarjeta,ABC-1234,7.0:23,Sí
2328,01-24-25,TEISA 1,Extra,8.98,2.4,21.55,Sedán,21.56,Transferencia,KLM-4321,6.000001,Sí
2329,01-25-25,TEISA 1,Extra,6.11,2.4,14.66,Camioneta,14.66,Tarjeta,KLM-4321,9.0:53,No
2330,01-25-25,TEISA 1,Súper,19.51,3.1,60.48,Bus,60.47,Transferencia,XYZ-5678,14.0:44,Sí
2331,01-25-25,TEISA 1,Extra,43.05,2.4,103.32,Bus,103.33,Efectivo,Unidad 303,21.0:32,Sí
2332,01-25-25,TEISA 1,Extra,20.77,2.4,49.85,Motocicleta,49.84,Transferencia,KLM-4321,15.0:46,Sí
2333,01-25-25,TEISA 2,Súper,6.92,3.1,21.45,Bus,21.44,Tarjeta,XYZ-5678,11.0:47,No
2334,01-25-25,TEISA 1,Extra,7.0,2.4,16.8,Bus,16.79,Efectivo,XYZ-5678,15.0:34,Sí
2335,01-25-25,TEISA 1,Extra,48.99,2.4,117.58,Bus,117.58,Efectivo,Unidad 303,16.000001,Sí
2336,01-25-25,TEISA 1,Extra,10.71,2.4,25.7,Camioneta,25.71,Transferencia,ABC-1234,9.0:48,Sí
2337,01-26-25,TEISA 1,Extra,55.5,2.4,133.2,Bus,133.19,Transferencia,Unidad 303,16.0:13,Sí
2338,01-26-25,TEISA 2,Súper,6.54,3.1,20.27,Bus,20.26,Transferencia,ABC-1234,11.0:52,Sí
2339,01-26-25,TEISA 1,Súper,18.28,3.1,56.67,Sedán,56.66,Efectivo,XYZ-5678,15.0:43,Sí
2340,01-26-25,TEISA 1,Súper,17.15,3.1,53.16,Camioneta,53.17,Transferencia,TUV-8765,8.0:38,Sí
2341,01-26-25,TEISA 1,Diésel,27.58,1.8,49.64,Bus,49.65,Efectivo,ABC-1234,9.0000000,No
2342,01-26-25,TEISA 1,Diésel,19.68,1.8,35.42,Motocicleta,35.43,Efectivo,ABC-1234,13.0000000,No
2343,01-26-25,TEISA 1,Extra,55.47,2.4,133.13,Bus,133.13,Tarjeta,Unidad 404,5.0:56,Sí
2344,01-26-25,TEISA 1,Extra,12.45,2.4,29.88,Motocicleta,29.89,Efectivo,ABC-1234,16.000009,Sí
2345,01-27-25,TEISA 2,Diésel,74.18,1.8,133.52,Bus,133.52,Tarjeta,Unidad 101,12.0:31,Sí
2346,01-27-25,TEISA 1,Diésel,19.61,1.8,35.3,SUV,35.3,Transferencia,KLM-4321,6.0:58,Sí
2347,01-27-25,TEISA 2,Súper,51.69,3.1,160.24,Bus,160.23,Transferencia,Unidad 101,21.0:28,Sí
2348,01-27-25,TEISA 2,Súper,60.23,3.1,186.71,Bus,186.7,Transferencia,Unidad 101,8.0:27,Sí
2349,01-27-25,TEISA 1,Diésel,24.09,1.8,43.36,Bus,43.37,Efectivo,XYZ-5678,11.0:55,No
2350,01-28-25,TEISA 1,Extra,61.06,2.4,146.54,Bus,146.55,Tarjeta,Unidad 202,15.000009,Sí
2351,01-28-25,TEISA 1,Extra,5.54,2.4,13.3,Motocicleta,13.29,Transferencia,KLM-4321,20.0:16,No
2352,01-28-25,TEISA 1,Súper,17.05,3.1,52.86,Camioneta,52.87,Efectivo,KLM-4321,13.000005,Sí
2353,01-28-25,TEISA 1,Extra,7.36,2.4,17.66,Camioneta,17.66,Tarjeta,XYZ-5678,21.0:27,Sí
2354,01-28-25,TEISA 1,Diésel,18.57,1.8,33.43,Bus,33.43,Transferencia,KLM-4321,7.0:48,No
2355,01-28-25,TEISA 1,Súper,54.77,3.1,169.79,Bus,169.8,Efectivo,Unidad 101,17.0:36,Sí
2356,01-28-25,TEISA 1,Súper,23.24,3.1,72.04,SUV,72.05,Tarjeta,KLM-4321,9.0:39,No
2357,01-29-25,TEISA 1,Diésel,65.43,1.8,117.77,Bus,117.78,Tarjeta,Unidad 303,19.0:26,Sí
2358,01-29-25,TEISA 1,Diésel,26.73,1.8,48.11,Sedán,48.12,Transferencia,XYZ-5678,0.0:22,No
2359,01-29-25,TEISA 1,Extra,23.98,2.4,57.55,Sedán,57.54,Transferencia,XYZ-5678,12.0000000,No
2360,01-29-25,TEISA 1,Súper,5.85,3.1,18.13,SUV,18.14,Tarjeta,ABC-1234,21.000002,Sí
2361,01-29-25,TEISA 1,Diésel,94.49,1.8,170.08,Bus,170.08,Efectivo,Unidad 303,20.000006,Sí
2362,01-29-25,TEISA 1,Súper,6.45,3.1,20.0,Camioneta,20.01,Efectivo,XYZ-5678,19.0:17,No
2363,01-30-25,TEISA 2,Extra,82.76,2.4,198.62,Bus,198.62,Tarjeta,Unidad 202,14.0:58,Sí
2364,01-30-25,TEISA 1,Extra,66.82,2.4,160.37,Bus,160.36,Tarjeta,Unidad 101,16.0:52,Sí
2365,01-30-25,TEISA 1,Extra,23.85,2.4,57.24,Motocicleta,57.24,Tarjeta,KLM-4321,13.0:34,No
2366,01-30-25,TEISA 1,Súper,17.59,3.1,54.53,Bus,54.54,Efectivo,XYZ-5678,19.0:23,Sí
2367,01-31-25,TEISA 1,Diésel,34.76,1.8,62.57,Motocicleta,62.57,Transferencia,TUV-8765,16.0:35,No
2368,01-31-25,TEISA 1,Diésel,104.61,1.8,188.3,Bus,188.29,Tarjeta,Unidad 202,21.0:26,Sí
2369,01-31-25,TEISA 1,Extra,69.11,2.4,165.86,Bus,165.87,Efectivo,Unidad 303,5.0:59,Sí
2370,01-31-25,TEISA 2,Súper,53.0,3.1,164.3,Bus,164.31,Transferencia,Unidad 101,9.0:55,Sí
2371,01-31-25,TEISA 1,Diésel,38.56,1.8,69.41,Bus,69.4,Efectivo,XYZ-5678,18.0000000,No
2372,02-01-25,TEISA 1,Súper,14.75,3.1,45.73,Camioneta,45.71,Tarjeta,KLM-4321,11.000002,No
2373,02-01-25,TEISA 2,Diésel,80.07,1.8,144.13,Bus,144.12,Tarjeta,Unidad 202,10.0:14,Sí
2374,02-01-25,TEISA 1,Diésel,106.93,1.8,192.47,Bus,192.48,Transferencia,Unidad 101,15.0:58,Sí
2375,02-01-25,TEISA 1,Diésel,24.37,1.8,43.87,Camioneta,43.87,Transferencia,XYZ-5678,7.0:43,Sí
2376,02-02-25,TEISA 1,Súper,11.0,3.1,34.1,Bus,34.1,Tarjeta,XYZ-5678,18.0:31,No
2377,02-02-25,TEISA 1,Extra,10.32,2.4,24.77,Sedán,24.77,Tarjeta,TUV-8765,19.0:19,No
2378,02-02-25,TEISA 1,Extra,18.13,2.4,43.51,Sedán,43.51,Transferencia,KLM-4321,17.0000000,No
2379,02-02-25,TEISA 2,Diésel,38.56,1.8,69.41,Camioneta,69.4,Tarjeta,ABC-1234,16.000004,No
2380,02-02-25,TEISA 1,Diésel,13.69,1.8,24.64,SUV,24.65,Efectivo,TUV-8765,7.0:33,Sí
2381,02-02-25,TEISA 2,Súper,32.31,3.1,100.16,Bus,100.16,Efectivo,Unidad 303,20.0:58,Sí
2382,02-02-25,TEISA 1,Súper,7.06,3.1,21.89,Camioneta,21.89,Transferencia,ABC-1234,10.0:31,No
2383,02-03-25,TEISA 1,Diésel,19.94,1.8,35.89,SUV,35.89,Tarjeta,TUV-8765,19.0:51,No
2384,02-03-25,TEISA 1,Diésel,32.21,1.8,57.98,SUV,57.97,Tarjeta,XYZ-5678,0.0:22,Sí
2385,02-03-25,TEISA 1,Diésel,10.24,1.8,18.43,Bus,18.43,Efectivo,ABC-1234,5.0000000,No
2386,02-03-25,TEISA 1,Extra,13.33,2.4,31.99,Bus,32.0,Transferencia,TUV-8765,9.0:39,Sí
2387,02-03-25,TEISA 1,Súper,50.97,3.1,158.01,Bus,158.01,Transferencia,Unidad 404,18.0000000,Sí
2388,02-03-25,TEISA 1,Súper,14.51,3.1,44.98,Motocicleta,44.97,Tarjeta,KLM-4321,17.0:44,Sí
2389,02-03-25,TEISA 1,Extra,16.38,2.4,39.31,Bus,39.32,Transferencia,XYZ-5678,5.000008,No
2390,02-03-25,TEISA 2,Diésel,38.07,1.8,68.53,Sedán,68.52,Transferencia,ABC-1234,6.0:14,Sí
2391,02-04-25,TEISA 1,Súper,14.28,3.1,44.27,Camioneta,44.26,Transferencia,TUV-8765,12.0:39,No
2392,02-04-25,TEISA 1,Extra,51.75,2.4,124.2,Bus,124.19,Efectivo,Unidad 202,10.0:13,Sí
2393,02-04-25,TEISA 1,Extra,27.93,2.4,67.03,Bus,67.04,Efectivo,ABC-1234,15.0:23,Sí
2394,02-04-25,TEISA 2,Súper,25.35,3.1,78.59,Motocicleta,78.6,Tarjeta,XYZ-5678,17.0:49,No
2395,02-04-25,TEISA 1,Súper,9.5,3.1,29.45,Sedán,29.46,Efectivo,XYZ-5678,12.0:37,No
2396,02-05-25,TEISA 2,Diésel,15.32,1.8,27.58,Motocicleta,27.57,Efectivo,TUV-8765,16.0:35,Sí
2397,02-05-25,TEISA 1,Extra,63.75,2.4,153.0,Bus,153.01,Transferencia,Unidad 101,15.0:35,Sí
2398,02-05-25,TEISA 1,Extra,4.8,2.4,11.52,SUV,11.52,Transferencia,ABC-1234,14.0000000,Sí
2399,02-05-25,TEISA 1,Súper,9.17,3.1,28.43,Camioneta,28.44,Transferencia,ABC-1234,19.0:11,No
2400,02-05-25,TEISA 1,Extra,15.4,2.4,36.96,Motocicleta,36.97,Efectivo,KLM-4321,5.0:43,Sí
2401,02-06-25,TEISA 1,Extra,63.56,2.4,152.54,Bus,152.54,Efectivo,Unidad 404,11.0:33,Sí
2402,02-06-25,TEISA 1,Extra,79.0,2.4,189.6,Bus,189.6,Tarjeta,Unidad 303,9.0:33,Sí
2403,02-06-25,TEISA 1,Súper,43.03,3.1,133.39,Bus,133.4,Tarjeta,Unidad 202,20.0:12,Sí
2404,02-06-25,TEISA 1,Diésel,8.34,1.8,15.01,SUV,15.02,Transferencia,ABC-1234,21.0:32,Sí
2405,02-07-25,TEISA 1,Extra,44.76,2.4,107.42,Bus,107.42,Tarjeta,Unidad 101,14.0:45,Sí
2406,02-07-25,TEISA 2,Diésel,35.06,1.8,63.11,Sedán,63.1,Tarjeta,TUV-8765,19.000005,Sí
2407,02-07-25,TEISA 1,Extra,19.38,2.4,46.51,Motocicleta,46.5,Transferencia,TUV-8765,14.0:11,Sí
2408,02-07-25,TEISA 1,Extra,31.27,2.4,75.05,Bus,75.05,Tarjeta,TUV-8765,18.0:43,Sí
2409,02-07-25,TEISA 1,Súper,5.5,3.1,17.05,Motocicleta,17.04,Transferencia,KLM-4321,0.0:22,Sí
2410,02-08-25,TEISA 1,Diésel,34.41,1.8,61.94,Motocicleta,61.93,Efectivo,KLM-4321,14.000004,No
2411,02-08-25,TEISA 1,Extra,78.4,2.4,188.16,Bus,188.15,Tarjeta,Unidad 404,19.0:46,Sí
2412,02-08-25,TEISA 1,Diésel,16.21,1.8,29.18,Motocicleta,29.17,Tarjeta,KLM-4321,20.0:51,Sí
2413,02-08-25,TEISA 2,Diésel,37.21,1.8,66.98,Motocicleta,66.97,Efectivo,TUV-8765,21.0:39,Sí
2414,02-08-25,TEISA 2,Extra,22.91,2.4,54.98,Motocicleta,54.98,Tarjeta,TUV-8765,5.0:41,No
2415,02-08-25,TEISA 2,Diésel,33.51,1.8,60.32,Camioneta,60.32,Tarjeta,TUV-8765,12.0:14,No
2416,02-08-25,TEISA 1,Diésel,20.87,1.8,37.57,Camioneta,37.57,Tarjeta,XYZ-5678,17.0:55,No
2417,02-09-25,TEISA 2,Súper,16.95,3.1,52.55,Motocicleta,52.54,Transferencia,KLM-4321,21.0:44,Sí
2418,02-09-25,TEISA 1,Extra,21.28,2.4,51.07,Sedán,51.08,Efectivo,XYZ-5678,5.0:14,No
2419,02-09-25,TEISA 2,Extra,46.72,2.4,112.13,Bus,112.12,Tarjeta,Unidad 404,10.0:43,Sí
2420,02-09-25,TEISA 1,Extra,17.13,2.4,41.11,Bus,41.12,Tarjeta,XYZ-5678,6.0:17,Sí
2421,02-09-25,TEISA 1,Súper,9.37,3.1,29.05,Motocicleta,29.05,Transferencia,TUV-8765,6.0:24,Sí
2422,02-09-25,TEISA 1,Extra,62.3,2.4,149.52,Bus,149.52,Efectivo,Unidad 404,6.0:49,Sí
2423,02-09-25,TEISA 1,Extra,25.06,2.4,60.14,Sedán,60.15,Tarjeta,XYZ-5678,21.0:44,Sí
2424,02-10-25,TEISA 1,Súper,23.68,3.1,73.41,Camioneta,73.41,Efectivo,XYZ-5678,14.0:49,No
2425,02-10-25,TEISA 1,Extra,28.29,2.4,67.9,Bus,67.9,Transferencia,TUV-8765,14.0:59,Sí
2426,02-10-25,TEISA 2,Súper,25.59,3.1,79.33,Sedán,79.33,Efectivo,XYZ-5678,16.0:55,No
2427,02-10-25,TEISA 1,Diésel,98.84,1.8,177.91,Bus,177.92,Efectivo,Unidad 101,5.0:49,Sí
2428,02-11-25,TEISA 1,Súper,41.28,3.1,127.97,Bus,127.96,Efectivo,Unidad 404,9.0:34,Sí
2429,02-11-25,TEISA 2,Súper,53.3,3.1,165.23,Bus,165.22,Efectivo,Unidad 404,20.000009,Sí
2430,02-11-25,TEISA 1,Extra,58.75,2.4,141.0,Bus,141.0,Efectivo,Unidad 303,15.0:11,Sí
2431,02-11-25,TEISA 1,Súper,18.31,3.1,56.76,Camioneta,56.75,Tarjeta,TUV-8765,5.0:53,Sí
2432,02-11-25,TEISA 1,Súper,57.62,3.1,178.62,Bus,178.63,Transferencia,Unidad 101,7.0:42,Sí
2433,02-11-25,TEISA 1,Diésel,26.64,1.8,47.95,Motocicleta,47.96,Transferencia,KLM-4321,8.0:41,No
2434,02-12-25,TEISA 1,Súper,56.36,3.1,174.72,Bus,174.73,Transferencia,Unidad 101,5.0:54,Sí
2435,02-12-25,TEISA 1,Súper,10.71,3.1,33.2,SUV,33.19,Efectivo,KLM-4321,16.000007,No
2436,02-12-25,TEISA 1,Diésel,64.53,1.8,116.15,Bus,116.15,Efectivo,Unidad 303,6.0:48,Sí
2437,02-12-25,TEISA 1,Diésel,25.57,1.8,46.03,Motocicleta,46.03,Efectivo,KLM-4321,15.0:29,No
2438,02-13-25,TEISA 1,Súper,5.99,3.1,18.57,Motocicleta,18.56,Efectivo,ABC-1234,10.0:24,No
2439,02-13-25,TEISA 1,Súper,5.3,3.1,16.43,Motocicleta,16.44,Tarjeta,TUV-8765,6.0:15,No
2440,02-13-25,TEISA 1,Súper,21.05,3.1,65.26,Sedán,65.25,Tarjeta,XYZ-5678,14.0:35,No
2441,02-13-25,TEISA 1,Súper,15.94,3.1,49.41,Sedán,49.41,Efectivo,TUV-8765,6.0:39,No
2442,02-13-25,TEISA 1,Diésel,35.07,1.8,63.13,Sedán,63.13,Tarjeta,TUV-8765,12.0:44,Sí
2443,02-14-25,TEISA 1,Súper,58.88,3.1,182.53,Bus,182.52,Transferencia,Unidad 202,0.0:22,Sí
2444,02-14-25,TEISA 1,Extra,28.64,2.4,68.74,Bus,68.73,Efectivo,XYZ-5678,18.0:44,Sí
2445,02-14-25,TEISA 1,Súper,11.2,3.1,34.72,Bus,34.72,Tarjeta,TUV-8765,20.0:49,Sí
2446,02-14-25,TEISA 1,Extra,19.73,2.4,47.35,Sedán,47.34,Transferencia,KLM-4321,19.0:34,No
2447,02-14-25,TEISA 1,Extra,11.14,2.4,26.74,SUV,26.73,Tarjeta,ABC-1234,9.000007,No
2448,02-15-25,TEISA 1,Extra,49.58,2.4,118.99,Bus,118.99,Tarjeta,Unidad 101,15.0:37,Sí
2449,02-15-25,TEISA 1,Súper,17.91,3.1,55.52,Motocicleta,55.53,Tarjeta,ABC-1234,17.0:45,Sí
2450,02-15-25,TEISA 1,Diésel,62.06,1.8,111.71,Bus,111.7,Efectivo,Unidad 101,12.000001,Sí
2451,02-15-25,TEISA 1,Súper,16.81,3.1,52.11,Bus,52.11,Efectivo,TUV-8765,20.0:15,Sí
2452,02-15-25,TEISA 1,Extra,59.97,2.4,143.93,Bus,143.93,Efectivo,Unidad 404,20.0:54,Sí
2453,02-15-25,TEISA 2,Súper,5.14,3.1,15.93,SUV,15.93,Efectivo,KLM-4321,5.0:51,No
2454,02-15-25,TEISA 1,Diésel,103.28,1.8,185.9,Bus,185.9,Transferencia,Unidad 101,10.0:38,Sí
2455,02-15-25,TEISA 2,Súper,4.15,3.1,12.87,Camioneta,12.86,Efectivo,KLM-4321,12.0:41,Sí
2456,02-16-25,TEISA 1,Diésel,101.03,1.8,181.85,Bus,181.85,Transferencia,Unidad 101,19.000006,Sí
2457,02-16-25,TEISA 1,Súper,21.04,3.1,65.22,Motocicleta,65.21,Tarjeta,KLM-4321,21.0:38,No
2458,02-16-25,TEISA 1,Extra,16.15,2.4,38.76,Sedán,38.76,Transferencia,XYZ-5678,10.0:39,No
2459,02-16-25,TEISA 1,Extra,9.58,2.4,22.99,Bus,22.99,Tarjeta,ABC-1234,12.0:16,No
2460,02-16-25,TEISA 1,Diésel,5.87,1.8,10.57,Motocicleta,10.57,Tarjeta,KLM-4321,10.0:26,Sí
2461,02-17-25,TEISA 1,Extra,16.52,2.4,39.65,SUV,39.66,Tarjeta,TUV-8765,12.0:45,No
2462,02-17-25,TEISA 1,Diésel,34.07,1.8,61.33,SUV,61.33,Tarjeta,KLM-4321,11.0:52,No
2463,02-17-25,TEISA 1,Súper,6.85,3.1,21.23,Bus,21.25,Efectivo,XYZ-5678,12.0:51,Sí
2464,02-17-25,TEISA 1,Súper,40.51,3.1,125.58,Bus,125.57,Efectivo,Unidad 303,11.0:38,Sí
2465,02-17-25,TEISA 1,Extra,32.51,2.4,78.02,SUV,78.03,Efectivo,TUV-8765,21.0:25,No
2466,02-17-25,TEISA 1,Súper,32.45,3.1,100.6,Bus,100.58,Efectivo,Unidad 202,5.0:41,Sí
2467,02-17-25,TEISA 1,Extra,22.88,2.4,54.91,Camioneta,54.91,Efectivo,XYZ-5678,20.0:49,No
2468,02-17-25,TEISA 1,Súper,8.3,3.1,25.73,Bus,25.74,Transferencia,XYZ-5678,10.0:45,No
2469,02-18-25,TEISA 1,Extra,43.8,2.4,105.12,Bus,105.11,Tarjeta,Unidad 202,10.0:59,Sí
2470,02-18-25,TEISA 2,Súper,21.28,3.1,65.97,SUV,65.98,Tarjeta,XYZ-5678,15.0:24,Sí
2471,02-18-25,TEISA 1,Súper,62.87,3.1,194.9,Bus,194.89,Tarjeta,Unidad 101,20.0:24,Sí
2472,02-18-25,TEISA 1,Extra,29.2,2.4,70.08,Bus,70.07,Efectivo,KLM-4321,19.0000000,Sí
2473,02-18-25,TEISA 1,Súper,34.22,3.1,106.08,Bus,106.09,Tarjeta,Unidad 202,5.0000000,Sí
2474,02-18-25,TEISA 1,Diésel,61.63,1.8,110.93,Bus,110.93,Tarjeta,Unidad 101,18.0000000,Sí
2475,02-19-25,TEISA 1,Extra,9.29,2.4,22.3,SUV,22.29,Transferencia,TUV-8765,9.0:33,Sí
2476,02-19-25,TEISA 1,Diésel,20.05,1.8,36.09,Bus,36.09,Transferencia,TUV-8765,9.0:27,No
2477,02-19-25,TEISA 1,Extra,30.41,2.4,72.98,Bus,72.99,Efectivo,TUV-8765,6.0:45,Sí
2478,02-19-25,TEISA 2,Extra,9.12,2.4,21.89,SUV,21.89,Transferencia,KLM-4321,8.0:27,Sí
2479,02-19-25,TEISA 1,Extra,77.63,2.4,186.31,Bus,186.31,Transferencia,Unidad 404,7.0:49,Sí
2480,02-19-25,TEISA 2,Extra,80.73,2.4,193.75,Bus,193.76,Transferencia,Unidad 404,11.0000000,Sí
2481,02-19-25,TEISA 1,Extra,13.38,2.4,32.11,Bus,32.11,Transferencia,XYZ-5678,5.000005,No
2482,02-20-25,TEISA 1,Diésel,6.46,1.8,11.63,Sedán,11.63,Efectivo,TUV-8765,14.0:35,No
2483,02-20-25,TEISA 1,Súper,58.24,3.1,180.54,Bus,180.54,Transferencia,Unidad 202,18.0:35,Sí
2484,02-20-25,TEISA 1,Extra,69.92,2.4,167.81,Bus,167.81,Efectivo,Unidad 404,16.0:31,Sí
2485,02-20-25,TEISA 2,Diésel,5.67,1.8,10.21,Sedán,10.2,Tarjeta,KLM-4321,16.0:44,No
2486,02-20-25,TEISA 1,Extra,59.0,2.4,141.6,Bus,141.6,Transferencia,Unidad 101,21.0000000,Sí
2487,02-20-25,TEISA 1,Diésel,11.12,1.8,20.02,SUV,20.01,Tarjeta,KLM-4321,8.0:54,Sí
2488,02-20-25,TEISA 2,Súper,17.63,3.1,54.65,Motocicleta,54.66,Transferencia,XYZ-5678,15.0:49,No
2489,02-21-25,TEISA 2,Súper,58.74,3.1,182.09,Bus,182.09,Tarjeta,Unidad 202,18.0:14,Sí
2490,02-21-25,TEISA 1,Diésel,83.37,1.8,150.07,Bus,150.07,Efectivo,Unidad 303,18.0:59,Sí
2491,02-21-25,TEISA 1,Diésel,42.23,1.8,76.01,Sedán,76.01,Efectivo,XYZ-5678,21.0:19,No
2492,02-21-25,TEISA 1,Súper,19.63,3.1,60.85,Camioneta,60.85,Efectivo,XYZ-5678,8.0:46,No
2493,02-21-25,TEISA 1,Diésel,23.16,1.8,41.69,SUV,41.68,Transferencia,TUV-8765,19.0:12,Sí
2494,02-22-25,TEISA 2,Súper,5.72,3.1,17.73,Motocicleta,17.74,Transferencia,ABC-1234,12.0:23,Sí
2495,02-22-25,TEISA 1,Súper,18.78,3.1,58.22,Motocicleta,58.23,Tarjeta,TUV-8765,17.0000000,Sí
2496,02-22-25,TEISA 1,Extra,68.06,2.4,163.34,Bus,163.35,Efectivo,Unidad 101,18.0:23,Sí
2497,02-22-25,TEISA 1,Diésel,91.94,1.8,165.49,Bus,165.49,Tarjeta,Unidad 202,21.0:21,Sí
2498,02-22-25,TEISA 1,Súper,60.59,3.1,187.83,Bus,187.82,Efectivo,Unidad 404,20.0000000,Sí
2499,02-22-25,TEISA 1,Extra,52.95,2.4,127.08,Bus,127.07,Transferencia,Unidad 101,20.0:26,Sí
2500,02-22-25,TEISA 1,Súper,3.55,3.1,11.0,Bus,10.99,Tarjeta,TUV-8765,16.0:16,No
2501,02-23-25,TEISA 1,Diésel,22.0,1.8,39.6,Camioneta,39.6,Transferencia,ABC-1234,11.0:15,Sí
2502,02-23-25,TEISA 1,Extra,32.98,2.4,79.15,Sedán,79.15,Efectivo,ABC-1234,9.0000000,Sí
2503,02-23-25,TEISA 2,Súper,18.42,3.1,57.1,Motocicleta,57.09,Tarjeta,XYZ-5678,12.000002,Sí
2504,02-23-25,TEISA 1,Extra,69.86,2.4,167.66,Bus,167.67,Efectivo,Unidad 101,10.0:47,Sí
2505,02-24-25,TEISA 1,Diésel,40.45,1.8,72.81,Motocicleta,72.81,Transferencia,ABC-1234,13.0:56,No
2506,02-24-25,TEISA 1,Extra,12.84,2.4,30.82,Motocicleta,30.81,Tarjeta,XYZ-5678,9.0000000,Sí
2507,02-24-25,TEISA 2,Diésel,39.57,1.8,71.23,Camioneta,71.22,Efectivo,ABC-1234,11.000003,No
2508,02-24-25,TEISA 1,Súper,10.57,3.1,32.77,Bus,32.77,Efectivo,TUV-8765,15.000004,Sí
2509,02-24-25,TEISA 1,Extra,12.78,2.4,30.67,Motocicleta,30.66,Transferencia,KLM-4321,13.0:47,No
2510,02-24-25,TEISA 1,Súper,7.59,3.1,23.53,Bus,23.54,Efectivo,TUV-8765,21.0:24,No
2511,02-24-25,TEISA 1,Extra,49.37,2.4,118.49,Bus,118.49,Transferencia,Unidad 101,19.0:13,Sí
2512,02-24-25,TEISA 2,Súper,64.24,3.1,199.14,Bus,199.14,Tarjeta,Unidad 101,6.0:35,Sí
2513,02-25-25,TEISA 1,Diésel,23.37,1.8,42.07,SUV,42.06,Transferencia,ABC-1234,9.0000000,Sí
2514,02-25-25,TEISA 1,Súper,11.37,3.1,35.25,SUV,35.26,Efectivo,XYZ-5678,20.0:18,Sí
2515,02-25-25,TEISA 2,Súper,14.39,3.1,44.61,Motocicleta,44.6,Transferencia,XYZ-5678,20.0:27,No
2516,02-25-25,TEISA 1,Extra,25.43,2.4,61.03,Sedán,61.03,Tarjeta,TUV-8765,11.000006,Sí
2517,02-25-25,TEISA 1,Súper,23.35,3.1,72.39,SUV,72.38,Efectivo,TUV-8765,8.000003,Sí
2518,02-25-25,TEISA 1,Súper,5.3,3.1,16.43,Camioneta,16.42,Transferencia,TUV-8765,12.0:41,No
2519,02-26-25,TEISA 1,Súper,6.31,3.1,19.56,Sedán,19.56,Transferencia,KLM-4321,5.0:15,Sí
2520,02-26-25,TEISA 1,Súper,13.05,3.1,40.46,Sedán,40.47,Efectivo,TUV-8765,14.0:58,No
2521,02-26-25,TEISA 1,Extra,32.48,2.4,77.95,Camioneta,77.95,Transferencia,ABC-1234,7.0:33,Sí
2522,02-26-25,TEISA 2,Extra,10.74,2.4,25.78,Sedán,25.77,Tarjeta,KLM-4321,9.0:55,No
2523,02-26-25,TEISA 1,Diésel,10.92,1.8,19.66,Sedán,19.65,Efectivo,XYZ-5678,21.0000000,No
2524,02-26-25,TEISA 1,Diésel,23.35,1.8,42.03,SUV,42.03,Tarjeta,XYZ-5678,17.0:37,No
2525,02-27-25,TEISA 1,Extra,19.75,2.4,47.4,Bus,47.39,Transferencia,TUV-8765,5.0:33,No
2526,02-27-25,TEISA 1,Extra,68.19,2.4,163.66,Bus,163.65,Tarjeta,Unidad 202,15.000006,Sí
2527,02-27-25,TEISA 1,Diésel,5.57,1.8,10.03,Bus,10.03,Tarjeta,ABC-1234,11.0:51,No
2528,02-27-25,TEISA 1,Extra,65.13,2.4,156.31,Bus,156.31,Transferencia,Unidad 404,18.0:29,Sí
2529,02-27-25,TEISA 1,Diésel,24.52,1.8,44.14,Sedán,44.14,Tarjeta,XYZ-5678,7.0:48,Sí
2530,02-28-25,TEISA 1,Diésel,64.34,1.8,115.81,Bus,115.82,Transferencia,Unidad 404,13.0:28,Sí
2531,02-28-25,TEISA 2,Diésel,33.11,1.8,59.6,Camioneta,59.6,Transferencia,KLM-4321,0.0:22,No
2532,02-28-25,TEISA 1,Diésel,98.81,1.8,177.86,Bus,177.85,Tarjeta,Unidad 303,7.0000000,Sí
2533,02-28-25,TEISA 1,Súper,38.91,3.1,120.62,Bus,120.62,Transferencia,Unidad 202,17.0:38,Sí
2534,02-28-25,TEISA 1,Súper,11.65,3.1,36.12,Sedán,36.13,Efectivo,XYZ-5678,14.0:46,Sí
2535,02-28-25,TEISA 1,Diésel,105.82,1.8,190.48,Bus,190.47,Transferencia,Unidad 202,18.0:47,Sí
2536,02-28-25,TEISA 2,Súper,23.11,3.1,71.64,Sedán,71.65,Efectivo,ABC-1234,9.0:18,No
2537,02-28-25,TEISA 1,Diésel,7.38,1.8,13.28,Motocicleta,13.29,Tarjeta,ABC-1234,17.000002,No
2538,03-01-25,TEISA 1,Diésel,91.17,1.8,164.11,Bus,164.1,Efectivo,Unidad 404,10.0:12,Sí
2539,03-01-25,TEISA 1,Diésel,105.33,1.8,189.59,Bus,189.6,Tarjeta,Unidad 404,17.0:21,Sí
2540,03-01-25,TEISA 1,Diésel,27.56,1.8,49.61,Bus,49.6,Tarjeta,KLM-4321,12.000001,No
2541,03-01-25,TEISA 1,Súper,11.93,3.1,36.98,Bus,36.97,Efectivo,XYZ-5678,15.000005,Sí
2542,03-01-25,TEISA 1,Diésel,40.48,1.8,72.86,Camioneta,72.87,Transferencia,XYZ-5678,7.000005,No
2543,03-01-25,TEISA 1,Súper,10.07,3.1,31.22,Camioneta,31.22,Transferencia,TUV-8765,6.0:37,Sí
2544,03-01-25,TEISA 1,Súper,63.69,3.1,197.44,Bus,197.44,Tarjeta,Unidad 101,11.0:15,Sí
2545,03-02-25,TEISA 1,Diésel,108.94,1.8,196.09,Bus,196.09,Transferencia,Unidad 404,12.000003,Sí
2546,03-02-25,TEISA 1,Diésel,68.78,1.8,123.8,Bus,123.81,Tarjeta,Unidad 202,7.0000000,Sí
2547,03-02-25,TEISA 1,Diésel,32.24,1.8,58.03,Camioneta,58.04,Tarjeta,KLM-4321,8.0:24,Sí
2548,03-02-25,TEISA 1,Súper,53.32,3.1,165.29,Bus,165.3,Tarjeta,Unidad 404,20.0:14,Sí
2549,03-02-25,TEISA 1,Extra,16.23,2.4,38.95,Sedán,38.94,Transferencia,TUV-8765,19.0:39,No
2550,03-02-25,TEISA 1,Diésel,100.98,1.8,181.76,Bus,181.77,Efectivo,Unidad 303,15.0:41,Sí
2551,03-02-25,TEISA 1,Diésel,41.83,1.8,75.29,SUV,75.29,Tarjeta,TUV-8765,11.0:12,Sí
2552,03-03-25,TEISA 1,Súper,22.56,3.1,69.94,Bus,69.93,Tarjeta,KLM-4321,16.0:46,No
2553,03-03-25,TEISA 1,Diésel,6.58,1.8,11.84,Sedán,11.85,Transferencia,ABC-1234,9.0:25,No
2554,03-03-25,TEISA 1,Extra,76.87,2.4,184.49,Bus,184.48,Tarjeta,Unidad 202,21.0:36,Sí
2555,03-03-25,TEISA 1,Súper,41.65,3.1,129.12,Bus,129.1,Efectivo,Unidad 101,12.0000000,Sí
2556,03-03-25,TEISA 1,Súper,17.98,3.1,55.74,Sedán,55.73,Efectivo,ABC-1234,18.0000000,No
2557,03-03-25,TEISA 1,Extra,8.22,2.4,19.73,Bus,19.74,Efectivo,XYZ-5678,21.000008,No
2558,03-03-25,TEISA 1,Extra,4.28,2.4,10.27,SUV,10.28,Tarjeta,XYZ-5678,21.0:49,No
2559,03-03-25,TEISA 1,Súper,19.52,3.1,60.51,Bus,60.52,Transferencia,KLM-4321,20.0:51,No
2560,03-04-25,TEISA 1,Súper,46.8,3.1,145.08,Bus,145.07,Tarjeta,Unidad 404,18.0:14,Sí
2561,03-04-25,TEISA 1,Súper,5.77,3.1,17.89,Bus,17.9,Efectivo,TUV-8765,0.0:22,No
2562,03-04-25,TEISA 1,Súper,18.98,3.1,58.84,Motocicleta,58.83,Efectivo,ABC-1234,16.0:16,Sí
2563,03-04-25,TEISA 1,Extra,51.61,2.4,123.86,Bus,123.86,Transferencia,Unidad 303,6.0:15,Sí
2564,03-04-25,TEISA 1,Súper,6.96,3.1,21.58,Sedán,21.59,Tarjeta,KLM-4321,13.000004,No
2565,03-04-25,TEISA 1,Diésel,20.64,1.8,37.15,Bus,37.15,Transferencia,XYZ-5678,7.0:45,Sí
2566,03-04-25,TEISA 1,Diésel,36.0,1.8,64.8,Bus,64.8,Efectivo,KLM-4321,16.0:35,No
2567,03-04-25,TEISA 1,Extra,42.06,2.4,100.94,Bus,100.95,Efectivo,Unidad 404,18.0:18,Sí
2568,03-05-25,TEISA 1,Extra,4.42,2.4,10.61,SUV,10.62,Efectivo,TUV-8765,18.0:32,Sí
2569,03-05-25,TEISA 1,Diésel,19.39,1.8,34.9,Motocicleta,34.91,Tarjeta,ABC-1234,15.0:19,Sí
2570,03-05-25,TEISA 1,Extra,18.54,2.4,44.5,Bus,44.49,Efectivo,KLM-4321,9.0:37,Sí
2571,03-05-25,TEISA 2,Diésel,19.6,1.8,35.28,SUV,35.28,Tarjeta,TUV-8765,18.0:57,Sí
2572,03-06-25,TEISA 1,Diésel,85.51,1.8,153.92,Bus,153.91,Transferencia,Unidad 303,8.0:13,Sí
2573,03-06-25,TEISA 1,Extra,64.41,2.4,154.58,Bus,154.59,Tarjeta,Unidad 202,7.0:27,Sí
2574,03-06-25,TEISA 1,Extra,14.0,2.4,33.6,Camioneta,33.61,Tarjeta,KLM-4321,7.0:37,No
2575,03-06-25,TEISA 1,Diésel,67.06,1.8,120.71,Bus,120.7,Efectivo,Unidad 202,17.0:14,Sí
2576,03-06-25,TEISA 1,Extra,65.6,2.4,157.44,Bus,157.43,Tarjeta,Unidad 101,6.0:27,Sí
2577,03-06-25,TEISA 1,Súper,7.44,3.1,23.06,SUV,23.06,Efectivo,TUV-8765,13.000002,No
2578,03-06-25,TEISA 1,Súper,56.91,3.1,176.42,Bus,176.43,Transferencia,Unidad 404,13.0:45,Sí
2579,03-06-25,TEISA 1,Diésel,70.46,1.8,126.83,Bus,126.82,Efectivo,Unidad 101,21.0:17,Sí
2580,03-07-25,TEISA 1,Diésel,10.56,1.8,19.01,SUV,19.01,Tarjeta,TUV-8765,12.0:15,Sí
2581,03-07-25,TEISA 2,Extra,28.52,2.4,68.45,Sedán,68.46,Efectivo,TUV-8765,15.0:57,Sí
2582,03-07-25,TEISA 1,Súper,13.43,3.1,41.63,Camioneta,41.62,Transferencia,TUV-8765,21.0:57,No
2583,03-07-25,TEISA 2,Diésel,39.31,1.8,70.76,Bus,70.75,Efectivo,KLM-4321,20.000001,No
2584,03-07-25,TEISA 2,Diésel,89.72,1.8,161.5,Bus,161.49,Efectivo,Unidad 404,17.0000000,Sí
2585,03-08-25,TEISA 1,Súper,16.29,3.1,50.5,Camioneta,50.49,Efectivo,ABC-1234,13.0:42,No
2586,03-08-25,TEISA 1,Diésel,25.82,1.8,46.48,Camioneta,46.48,Efectivo,XYZ-5678,20.0:11,No
2587,03-08-25,TEISA 1,Diésel,74.55,1.8,134.19,Bus,134.19,Efectivo,Unidad 101,16.0:59,Sí
2588,03-08-25,TEISA 1,Diésel,105.97,1.8,190.75,Bus,190.75,Transferencia,Unidad 303,19.0:13,Sí
2589,03-08-25,TEISA 1,Súper,64.31,3.1,199.36,Bus,199.35,Tarjeta,Unidad 202,19.0000000,Sí
2590,03-08-25,TEISA 1,Súper,53.95,3.1,167.25,Bus,167.24,Efectivo,Unidad 101,16.0:29,Sí
2591,03-08-25,TEISA 1,Extra,12.49,2.4,29.98,SUV,29.98,Efectivo,KLM-4321,10.0:21,Sí
2592,03-08-25,TEISA 2,Diésel,98.63,1.8,177.53,Bus,177.53,Efectivo,Unidad 101,15.0:42,Sí
2593,03-09-25,TEISA 1,Extra,4.29,2.4,10.3,SUV,10.3,Transferencia,ABC-1234,14.0:25,No
2594,03-09-25,TEISA 1,Extra,7.68,2.4,18.43,SUV,18.42,Tarjeta,ABC-1234,14.0:44,No
2595,03-09-25,TEISA 1,Extra,55.09,2.4,132.22,Bus,132.22,Tarjeta,Unidad 303,18.0:45,Sí
2596,03-09-25,TEISA 1,Súper,11.93,3.1,36.98,Motocicleta,36.98,Efectivo,ABC-1234,15.0:32,Sí
2597,03-09-25,TEISA 2,Súper,3.54,3.1,10.97,SUV,10.98,Tarjeta,TUV-8765,13.0:46,No
2598,03-09-25,TEISA 2,Diésel,12.72,1.8,22.9,Motocicleta,22.89,Efectivo,ABC-1234,5.0:24,No
2599,03-10-25,TEISA 1,Diésel,18.91,1.8,34.04,Bus,34.03,Transferencia,XYZ-5678,10.0:45,Sí
2600,03-10-25,TEISA 1,Súper,17.39,3.1,53.91,Camioneta,53.9,Efectivo,KLM-4321,9.0:29,No
2601,03-10-25,TEISA 2,Súper,17.14,3.1,53.13,Sedán,53.13,Efectivo,ABC-1234,10.0:55,Sí
2602,03-10-25,TEISA 2,Súper,25.17,3.1,78.03,SUV,78.02,Tarjeta,ABC-1234,15.0:42,Sí
2603,03-10-25,TEISA 1,Diésel,71.29,1.8,128.32,Bus,128.32,Tarjeta,Unidad 404,14.0:33,Sí
2604,03-10-25,TEISA 1,Diésel,32.41,1.8,58.34,SUV,58.34,Tarjeta,KLM-4321,7.000003,No
2605,03-11-25,TEISA 1,Súper,14.06,3.1,43.59,Motocicleta,43.6,Tarjeta,KLM-4321,10.0:27,Sí
2606,03-11-25,TEISA 1,Extra,17.63,2.4,42.31,Sedán,42.31,Efectivo,XYZ-5678,12.0:44,Sí
2607,03-11-25,TEISA 1,Súper,61.81,3.1,191.61,Bus,191.61,Transferencia,Unidad 404,20.0000000,Sí
2608,03-11-25,TEISA 1,Extra,8.68,2.4,20.83,SUV,20.84,Efectivo,ABC-1234,12.0:54,Sí
2609,03-11-25,TEISA 1,Diésel,6.03,1.8,10.85,Sedán,10.85,Tarjeta,TUV-8765,21.0:14,Sí
2610,03-12-25,TEISA 1,Extra,30.2,2.4,72.48,SUV,72.47,Tarjeta,XYZ-5678,17.0:18,Sí
2611,03-12-25,TEISA 1,Extra,27.38,2.4,65.71,Bus,65.71,Transferencia,TUV-8765,8.0:33,No
2612,03-12-25,TEISA 1,Súper,62.83,3.1,194.77,Bus,194.77,Transferencia,Unidad 303,7.000006,Sí
2613,03-12-25,TEISA 1,Súper,15.35,3.1,47.59,Motocicleta,47.57,Efectivo,ABC-1234,17.0000000,No
2614,03-12-25,TEISA 1,Súper,13.37,3.1,41.45,Motocicleta,41.45,Tarjeta,XYZ-5678,19.000006,Sí
2615,03-12-25,TEISA 1,Extra,7.0,2.4,16.8,SUV,16.8,Tarjeta,KLM-4321,19.0:55,Sí
2616,03-12-25,TEISA 1,Súper,34.64,3.1,107.38,Bus,107.37,Tarjeta,Unidad 404,5.0:36,Sí
2617,03-12-25,TEISA 1,Extra,18.15,2.4,43.56,Bus,43.57,Transferencia,ABC-1234,10.0:55,No
2618,03-13-25,TEISA 1,Extra,25.31,2.4,60.74,Sedán,60.75,Transferencia,KLM-4321,19.0:21,No
2619,03-13-25,TEISA 1,Diésel,88.56,1.8,159.41,Bus,159.41,Transferencia,Unidad 202,21.0:31,Sí
2620,03-13-25,TEISA 1,Súper,5.35,3.1,16.59,Motocicleta,16.58,Transferencia,KLM-4321,17.0:27,Sí
2621,03-13-25,TEISA 1,Diésel,9.1,1.8,16.38,Bus,16.38,Efectivo,XYZ-5678,6.0:53,Sí
2622,03-14-25,TEISA 1,Diésel,36.54,1.8,65.77,Sedán,65.78,Efectivo,TUV-8765,5.0:17,Sí
2623,03-14-25,TEISA 1,Diésel,31.24,1.8,56.23,Bus,56.24,Efectivo,XYZ-5678,19.0:36,No
2624,03-14-25,TEISA 1,Diésel,11.21,1.8,20.18,Bus,20.18,Efectivo,TUV-8765,5.0:12,Sí
2625,03-14-25,TEISA 1,Súper,49.53,3.1,153.54,Bus,153.54,Transferencia,Unidad 202,11.0:45,Sí
2626,03-14-25,TEISA 1,Extra,57.94,2.4,139.06,Bus,139.06,Tarjeta,Unidad 202,15.0:54,Sí
2627,03-14-25,TEISA 1,Diésel,12.71,1.8,22.88,Bus,22.88,Tarjeta,TUV-8765,15.0:54,Sí
2628,03-14-25,TEISA 1,Diésel,56.65,1.8,101.97,Bus,101.97,Efectivo,Unidad 404,10.0:11,Sí
2629,03-15-25,TEISA 1,Súper,22.58,3.1,70.0,Motocicleta,70.0,Efectivo,ABC-1234,7.0:29,Sí
2630,03-15-25,TEISA 1,Súper,44.48,3.1,137.89,Bus,137.88,Efectivo,Unidad 101,5.0:44,Sí
2631,03-15-25,TEISA 1,Diésel,40.86,1.8,73.55,Bus,73.55,Transferencia,KLM-4321,16.0:52,Sí
2632,03-15-25,TEISA 2,Extra,16.59,2.4,39.82,Bus,39.81,Efectivo,XYZ-5678,7.000003,Sí
2633,03-15-25,TEISA 2,Extra,78.93,2.4,189.43,Bus,189.43,Efectivo,Unidad 404,10.0:32,Sí
2634,03-16-25,TEISA 1,Extra,30.62,2.4,73.49,SUV,73.48,Transferencia,XYZ-5678,15.0:45,No
2635,03-16-25,TEISA 1,Súper,17.17,3.1,53.23,Motocicleta,53.22,Transferencia,TUV-8765,12.0:49,No
2636,03-16-25,TEISA 1,Súper,21.24,3.1,65.84,Sedán,65.84,Efectivo,ABC-1234,14.0:33,No
2637,03-16-25,TEISA 1,Súper,14.42,3.1,44.7,Bus,44.69,Tarjeta,KLM-4321,6.000007,No
2638,03-17-25,TEISA 1,Súper,4.82,3.1,14.94,Motocicleta,14.95,Transferencia,TUV-8765,20.0:25,No
2639,03-17-25,TEISA 2,Extra,29.96,2.4,71.9,Camioneta,71.9,Transferencia,TUV-8765,14.0:57,Sí
2640,03-17-25,TEISA 1,Diésel,12.81,1.8,23.06,SUV,23.05,Tarjeta,KLM-4321,17.0:24,Sí
2641,03-17-25,TEISA 1,Súper,18.6,3.1,57.66,Sedán,57.66,Tarjeta,TUV-8765,14.0:44,Sí
2642,03-17-25,TEISA 1,Extra,22.07,2.4,52.97,Camioneta,52.98,Tarjeta,KLM-4321,14.000009,No
2643,03-17-25,TEISA 1,Diésel,39.61,1.8,71.3,Camioneta,71.3,Tarjeta,ABC-1234,5.0:58,No
2644,03-18-25,TEISA 1,Extra,21.0,2.4,50.4,Camioneta,50.39,Tarjeta,ABC-1234,20.0000000,No
2645,03-18-25,TEISA 1,Extra,23.04,2.4,55.3,Motocicleta,55.3,Tarjeta,XYZ-5678,16.0:58,No
2646,03-18-25,TEISA 1,Extra,26.77,2.4,64.25,SUV,64.25,Efectivo,XYZ-5678,14.0:49,No
2647,03-18-25,TEISA 2,Diésel,19.39,1.8,34.9,Motocicleta,34.9,Efectivo,ABC-1234,18.000006,No
2648,03-19-25,TEISA 1,Extra,14.9,2.4,35.76,Motocicleta,35.77,Transferencia,KLM-4321,18.0:28,Sí
2649,03-19-25,TEISA 1,Extra,27.44,2.4,65.86,Sedán,65.86,Efectivo,ABC-1234,15.0:42,No
2650,03-19-25,TEISA 2,Extra,9.01,2.4,21.62,Camioneta,21.63,Transferencia,ABC-1234,9.0:43,Sí
2651,03-19-25,TEISA 1,Diésel,44.34,1.8,79.81,Motocicleta,79.82,Tarjeta,TUV-8765,0.0:22,Sí
2652,03-19-25,TEISA 1,Súper,38.22,3.1,118.48,Bus,118.47,Efectivo,Unidad 303,19.0:42,Sí
2653,03-19-25,TEISA 1,Diésel,8.71,1.8,15.68,Camioneta,15.68,Tarjeta,TUV-8765,13.0000000,Sí
2654,03-20-25,TEISA 1,Diésel,20.31,1.8,36.56,Sedán,36.56,Efectivo,KLM-4321,10.0:42,Sí
2655,03-20-25,TEISA 2,Súper,20.69,3.1,64.14,Motocicleta,64.13,Efectivo,TUV-8765,15.0:31,Sí
2656,03-20-25,TEISA 1,Extra,31.04,2.4,74.5,Motocicleta,74.49,Efectivo,XYZ-5678,7.000004,Sí
2657,03-20-25,TEISA 1,Extra,32.98,2.4,79.15,SUV,79.15,Tarjeta,KLM-4321,17.0:12,No
2658,03-20-25,TEISA 2,Súper,9.97,3.1,30.91,Sedán,30.92,Tarjeta,ABC-1234,6.0:46,Sí
2659,03-21-25,TEISA 2,Diésel,28.88,1.8,51.98,SUV,51.99,Tarjeta,TUV-8765,15.0:32,Sí
2660,03-21-25,TEISA 2,Súper,37.14,3.1,115.13,Bus,115.12,Tarjeta,Unidad 303,17.0:36,Sí
2661,03-21-25,TEISA 1,Extra,76.88,2.4,184.51,Bus,184.51,Transferencia,Unidad 303,18.0:46,Sí
2662,03-21-25,TEISA 2,Extra,59.08,2.4,141.79,Bus,141.79,Efectivo,Unidad 101,14.0:49,Sí
2663,03-21-25,TEISA 1,Diésel,10.18,1.8,18.32,Bus,18.33,Efectivo,KLM-4321,12.0:36,Sí
2664,03-21-25,TEISA 1,Diésel,30.93,1.8,55.67,Camioneta,55.68,Efectivo,XYZ-5678,6.0:25,No
2665,03-21-25,TEISA 1,Diésel,31.5,1.8,56.7,SUV,56.7,Tarjeta,TUV-8765,8.0:35,No
2666,03-21-25,TEISA 1,Súper,19.49,3.1,60.42,Bus,60.43,Efectivo,TUV-8765,21.0:27,No
2667,03-22-25,TEISA 1,Diésel,79.0,1.8,142.2,Bus,142.2,Tarjeta,Unidad 101,7.0:35,Sí
2668,03-22-25,TEISA 1,Diésel,35.28,1.8,63.5,Camioneta,63.51,Efectivo,XYZ-5678,16.0:29,No
2669,03-22-25,TEISA 1,Súper,33.89,3.1,105.06,Bus,105.07,Transferencia,Unidad 202,18.000003,Sí
2670,03-22-25,TEISA 1,Súper,10.31,3.1,31.96,Motocicleta,31.95,Efectivo,ABC-1234,5.0:39,Sí
2671,03-22-25,TEISA 1,Súper,10.88,3.1,33.73,Sedán,33.73,Tarjeta,TUV-8765,16.0:53,Sí
2672,03-22-25,TEISA 1,Extra,27.0,2.4,64.8,SUV,64.8,Transferencia,KLM-4321,11.0000000,Sí
2673,03-23-25,TEISA 1,Extra,10.86,2.4,26.06,Camioneta,26.06,Transferencia,TUV-8765,5.000008,Sí
2674,03-23-25,TEISA 1,Diésel,29.24,1.8,52.63,Camioneta,52.64,Tarjeta,ABC-1234,15.000007,No
2675,03-23-25,TEISA 1,Súper,13.48,3.1,41.79,Bus,41.79,Efectivo,ABC-1234,15.0:51,No
2676,03-23-25,TEISA 1,Extra,32.83,2.4,78.79,Motocicleta,78.8,Tarjeta,TUV-8765,18.000002,Sí
2677,03-24-25,TEISA 1,Diésel,22.72,1.8,40.9,Motocicleta,40.9,Tarjeta,TUV-8765,21.0000000,Sí
2678,03-24-25,TEISA 1,Súper,5.46,3.1,16.93,Bus,16.94,Transferencia,XYZ-5678,12.0:43,No
2679,03-24-25,TEISA 2,Extra,11.56,2.4,27.74,Bus,27.74,Efectivo,ABC-1234,7.0000000,Sí
2680,03-24-25,TEISA 1,Diésel,34.21,1.8,61.58,Bus,61.57,Transferencia,ABC-1234,18.0:44,Sí
2681,03-25-25,TEISA 1,Extra,20.5,2.4,49.2,Camioneta,49.2,Tarjeta,KLM-4321,7.000008,No
2682,03-25-25,TEISA 2,Súper,20.25,3.1,62.77,Bus,62.79,Tarjeta,ABC-1234,8.0:15,No
2683,03-25-25,TEISA 1,Extra,69.52,2.4,166.85,Bus,166.85,Tarjeta,Unidad 303,11.0:57,Sí
2684,03-25-25,TEISA 1,Extra,20.41,2.4,48.98,Bus,48.99,Transferencia,XYZ-5678,12.0:48,Sí
2685,03-25-25,TEISA 1,Diésel,25.73,1.8,46.31,SUV,46.31,Transferencia,TUV-8765,6.0:58,Sí
2686,03-26-25,TEISA 2,Extra,7.92,2.4,19.01,SUV,19.02,Tarjeta,XYZ-5678,15.0:49,No
2687,03-26-25,TEISA 1,Súper,20.58,3.1,63.8,Camioneta,63.8,Tarjeta,ABC-1234,8.0:49,Sí
2688,03-26-25,TEISA 1,Extra,69.6,2.4,167.04,Bus,167.03,Efectivo,Unidad 303,20.0000000,Sí
2689,03-26-25,TEISA 1,Extra,21.41,2.4,51.38,Camioneta,51.39,Efectivo,ABC-1234,20.000001,Sí
2690,03-26-25,TEISA 1,Diésel,29.31,1.8,52.76,SUV,52.75,Transferencia,TUV-8765,10.0:54,Sí
2691,03-26-25,TEISA 1,Diésel,28.73,1.8,51.71,Motocicleta,51.72,Transferencia,KLM-4321,6.0000000,No
2692,03-26-25,TEISA 1,Extra,10.47,2.4,25.13,Motocicleta,25.12,Transferencia,TUV-8765,13.0:26,Sí
2693,03-26-25,TEISA 1,Diésel,25.32,1.8,45.58,SUV,45.57,Tarjeta,KLM-4321,11.0:25,No
2694,03-27-25,TEISA 1,Súper,23.43,3.1,72.63,Motocicleta,72.64,Efectivo,ABC-1234,21.0:45,No
2695,03-27-25,TEISA 1,Extra,58.07,2.4,139.37,Bus,139.36,Efectivo,Unidad 303,16.000002,Sí
2696,03-27-25,TEISA 1,Súper,18.66,3.1,57.85,Camioneta,57.84,Transferencia,KLM-4321,7.000002,No
2697,03-27-25,TEISA 1,Diésel,82.48,1.8,148.46,Bus,148.47,Tarjeta,Unidad 101,21.0:52,Sí
2698,03-27-25,TEISA 1,Diésel,38.18,1.8,68.72,Camioneta,68.73,Transferencia,KLM-4321,21.000002,Sí
2699,03-27-25,TEISA 1,Súper,16.64,3.1,51.58,Bus,51.59,Transferencia,ABC-1234,19.0:56,Sí
2700,03-28-25,TEISA 1,Súper,8.95,3.1,27.74,SUV,27.74,Transferencia,KLM-4321,5.0:17,No
2701,03-28-25,TEISA 1,Extra,45.43,2.4,109.03,Bus,109.04,Tarjeta,Unidad 202,5.0:42,Sí
2702,03-28-25,TEISA 1,Súper,20.27,3.1,62.84,Motocicleta,62.85,Tarjeta,TUV-8765,19.0:34,No
2703,03-28-25,TEISA 1,Diésel,27.89,1.8,50.2,Camioneta,50.2,Efectivo,XYZ-5678,7.0:18,No
2704,03-28-25,TEISA 1,Diésel,25.72,1.8,46.3,Camioneta,46.3,Tarjeta,ABC-1234,13.0:56,No
2705,03-28-25,TEISA 1,Diésel,36.06,1.8,64.91,Motocicleta,64.91,Tarjeta,KLM-4321,19.000008,Sí
2706,03-29-25,TEISA 1,Extra,10.55,2.4,25.32,SUV,25.31,Tarjeta,KLM-4321,6.000004,Sí
2707,03-29-25,TEISA 1,Diésel,12.79,1.8,23.02,SUV,23.03,Tarjeta,XYZ-5678,17.0:14,Sí
2708,03-29-25,TEISA 1,Extra,76.68,2.4,184.03,Bus,184.04,Transferencia,Unidad 101,19.0:32,Sí
2709,03-29-25,TEISA 1,Diésel,35.23,1.8,63.41,Motocicleta,63.41,Efectivo,TUV-8765,5.0:31,No
2710,03-29-25,TEISA 1,Diésel,103.56,1.8,186.41,Bus,186.41,Transferencia,Unidad 404,8.0:18,Sí
2711,03-29-25,TEISA 1,Súper,8.34,3.1,25.85,Bus,25.84,Transferencia,XYZ-5678,7.0:51,Sí
2712,03-30-25,TEISA 1,Diésel,69.31,1.8,124.76,Bus,124.75,Efectivo,Unidad 404,11.0:56,Sí
2713,03-30-25,TEISA 1,Extra,43.08,2.4,103.39,Bus,103.39,Transferencia,Unidad 101,7.0:24,Sí
2714,03-30-25,TEISA 1,Diésel,9.67,1.8,17.41,Motocicleta,17.4,Efectivo,ABC-1234,13.0:56,No
2715,03-30-25,TEISA 1,Súper,56.85,3.1,176.24,Bus,176.23,Transferencia,Unidad 303,17.0:31,Sí
2716,03-30-25,TEISA 1,Súper,18.51,3.1,57.38,Bus,57.39,Transferencia,TUV-8765,14.0:14,Sí
2717,03-30-25,TEISA 1,Súper,13.55,3.1,42.01,Bus,42.02,Efectivo,KLM-4321,13.0:44,No
2718,03-31-25,TEISA 1,Súper,57.25,3.1,177.47,Bus,177.48,Tarjeta,Unidad 202,14.0:36,Sí
2719,03-31-25,TEISA 2,Súper,64.33,3.1,199.42,Bus,199.41,Efectivo,Unidad 101,18.0000000,Sí
2720,03-31-25,TEISA 1,Diésel,10.14,1.8,18.25,SUV,18.25,Transferencia,XYZ-5678,6.0:57,No
2721,03-31-25,TEISA 1,Súper,62.07,3.1,192.42,Bus,192.41,Tarjeta,Unidad 202,12.0:33,Sí
2722,04-01-25,TEISA 1,Extra,63.02,2.4,151.25,Bus,151.25,Tarjeta,Unidad 202,18.000003,Sí
2723,04-01-25,TEISA 1,Diésel,39.84,1.8,71.71,Sedán,71.71,Transferencia,TUV-8765,19.0000000,Sí
2724,04-01-25,TEISA 2,Extra,33.32,2.4,79.97,SUV,79.96,Tarjeta,ABC-1234,10.0:52,Sí
2725,04-01-25,TEISA 1,Extra,13.92,2.4,33.41,Camioneta,33.41,Tarjeta,ABC-1234,10.0:35,No
2726,04-01-25,TEISA 2,Súper,16.31,3.1,50.56,Camioneta,50.55,Efectivo,TUV-8765,11.0000000,No
2727,04-01-25,TEISA 2,Súper,23.83,3.1,73.87,Motocicleta,73.88,Tarjeta,KLM-4321,19.0000000,No
2728,04-02-25,TEISA 1,Extra,28.28,2.4,67.87,Bus,67.87,Transferencia,XYZ-5678,8.0:49,No
2729,04-02-25,TEISA 2,Extra,75.92,2.4,182.21,Bus,182.21,Tarjeta,Unidad 404,7.0:39,Sí
2730,04-02-25,TEISA 1,Súper,52.04,3.1,161.32,Bus,161.32,Transferencia,Unidad 202,16.0:13,Sí
2731,04-02-25,TEISA 1,Diésel,38.52,1.8,69.34,Camioneta,69.33,Efectivo,XYZ-5678,21.0:29,No
2732,04-02-25,TEISA 1,Diésel,32.73,1.8,58.91,Camioneta,58.92,Tarjeta,TUV-8765,11.000007,No
2733,04-03-25,TEISA 2,Súper,18.52,3.1,57.41,SUV,57.42,Efectivo,ABC-1234,9.000001,Sí
2734,04-03-25,TEISA 1,Diésel,90.89,1.8,163.6,Bus,163.6,Tarjeta,Unidad 101,21.0:35,Sí
2735,04-03-25,TEISA 1,Extra,82.9,2.4,198.96,Bus,198.95,Transferencia,Unidad 101,5.0:11,Sí
2736,04-03-25,TEISA 1,Súper,49.52,3.1,153.51,Bus,153.52,Tarjeta,Unidad 101,5.0:39,Sí
2737,04-03-25,TEISA 1,Diésel,18.13,1.8,32.63,Sedán,32.63,Tarjeta,XYZ-5678,7.000001,Sí
2738,04-03-25,TEISA 1,Extra,29.24,2.4,70.18,Motocicleta,70.18,Efectivo,TUV-8765,8.0:47,Sí
2739,04-04-25,TEISA 1,Diésel,76.32,1.8,137.38,Bus,137.38,Efectivo,Unidad 404,10.000003,Sí
2740,04-04-25,TEISA 1,Extra,31.63,2.4,75.91,Bus,75.92,Tarjeta,TUV-8765,7.0:19,No
2741,04-04-25,TEISA 1,Súper,59.03,3.1,182.99,Bus,182.99,Transferencia,Unidad 404,6.0:52,Sí
2742,04-04-25,TEISA 2,Extra,13.98,2.4,33.55,SUV,33.56,Transferencia,XYZ-5678,9.0:42,Sí
2743,04-04-25,TEISA 1,Extra,6.5,2.4,15.6,SUV,15.6,Efectivo,ABC-1234,16.0:26,Sí
2744,04-04-25,TEISA 1,Extra,48.23,2.4,115.75,Bus,115.76,Transferencia,Unidad 303,19.0:28,Sí
2745,04-05-25,TEISA 1,Extra,7.7,2.4,18.48,Bus,18.48,Tarjeta,TUV-8765,8.000003,No
2746,04-05-25,TEISA 2,Súper,53.31,3.1,165.26,Bus,165.27,Transferencia,Unidad 404,6.0:43,Sí
2747,04-05-25,TEISA 2,Súper,54.33,3.1,168.42,Bus,168.42,Transferencia,Unidad 101,19.0:18,Sí
2748,04-05-25,TEISA 1,Extra,65.43,2.4,157.03,Bus,157.04,Tarjeta,Unidad 101,0.0:22,Sí
2749,04-05-25,TEISA 1,Diésel,43.73,1.8,78.71,Camioneta,78.72,Efectivo,XYZ-5678,18.000009,Sí
2750,04-05-25,TEISA 1,Diésel,30.67,1.8,55.21,Camioneta,55.21,Transferencia,XYZ-5678,9.0:35,Sí
2751,04-06-25,TEISA 1,Súper,25.48,3.1,78.99,Camioneta,79.0,Tarjeta,XYZ-5678,8.0:52,No
2752,04-06-25,TEISA 1,Diésel,84.76,1.8,152.57,Bus,152.56,Transferencia,Unidad 303,8.0:45,Sí
2753,04-06-25,TEISA 2,Diésel,14.07,1.8,25.33,Bus,25.33,Efectivo,ABC-1234,11.0:29,No
2754,04-06-25,TEISA 2,Diésel,27.53,1.8,49.55,Bus,49.55,Efectivo,TUV-8765,20.0:38,No
2755,04-06-25,TEISA 1,Diésel,70.08,1.8,126.14,Bus,126.15,Transferencia,Unidad 303,11.000002,Sí
2756,04-07-25,TEISA 1,Extra,72.23,2.4,173.35,Bus,173.34,Tarjeta,Unidad 303,13.0:25,Sí
2757,04-07-25,TEISA 1,Súper,17.76,3.1,55.06,SUV,55.06,Transferencia,TUV-8765,5.0:25,No
2758,04-07-25,TEISA 1,Diésel,42.98,1.8,77.36,Bus,77.37,Tarjeta,TUV-8765,10.000008,No
2759,04-07-25,TEISA 2,Súper,47.92,3.1,148.55,Bus,148.56,Efectivo,Unidad 404,10.000002,Sí
2760,04-07-25,TEISA 1,Súper,42.85,3.1,132.84,Bus,132.84,Tarjeta,Unidad 101,10.0:16,Sí
2761,04-07-25,TEISA 1,Súper,19.78,3.1,61.32,Sedán,61.31,Efectivo,ABC-1234,10.0:38,Sí
2762,04-07-25,TEISA 1,Diésel,99.58,1.8,179.24,Bus,179.25,Transferencia,Unidad 101,7.000005,Sí
2763,04-08-25,TEISA 1,Extra,14.28,2.4,34.27,Camioneta,34.28,Efectivo,ABC-1234,16.000003,Sí
2764,04-08-25,TEISA 1,Extra,30.5,2.4,73.2,Camioneta,73.21,Transferencia,ABC-1234,13.0:37,No
2765,04-08-25,TEISA 2,Súper,14.89,3.1,46.16,SUV,46.16,Efectivo,TUV-8765,20.0:14,Sí
2766,04-08-25,TEISA 1,Extra,44.11,2.4,105.86,Bus,105.86,Tarjeta,Unidad 101,17.0:59,Sí
2767,04-08-25,TEISA 2,Diésel,15.24,1.8,27.43,Camioneta,27.44,Transferencia,ABC-1234,14.0:53,Sí
2768,04-08-25,TEISA 1,Diésel,96.58,1.8,173.84,Bus,173.85,Transferencia,Unidad 202,8.0:39,Sí
2769,04-08-25,TEISA 1,Súper,3.44,3.1,10.66,Camioneta,10.66,Tarjeta,KLM-4321,6.0:42,No
2770,04-08-25,TEISA 1,Extra,13.21,2.4,31.7,Sedán,31.7,Transferencia,XYZ-5678,16.0:43,No
2771,04-09-25,TEISA 1,Extra,67.4,2.4,161.76,Bus,161.75,Efectivo,Unidad 303,11.0:17,Sí
2772,04-09-25,TEISA 1,Súper,4.77,3.1,14.79,SUV,14.79,Efectivo,ABC-1234,14.0:41,No
2773,04-09-25,TEISA 1,Súper,24.43,3.1,75.73,Bus,75.73,Transferencia,ABC-1234,14.0:12,Sí
2774,04-09-25,TEISA 1,Extra,9.73,2.4,23.35,SUV,23.36,Transferencia,XYZ-5678,19.0:43,Sí
2775,04-09-25,TEISA 2,Diésel,10.64,1.8,19.15,Camioneta,19.15,Transferencia,KLM-4321,10.0:13,No
2776,04-09-25,TEISA 1,Diésel,100.33,1.8,180.59,Bus,180.59,Efectivo,Unidad 303,8.0:49,Sí
2777,04-09-25,TEISA 1,Extra,83.29,2.4,199.9,Bus,199.9,Tarjeta,Unidad 202,17.000001,Sí
2778,04-09-25,TEISA 1,Súper,12.48,3.1,38.69,SUV,38.68,Transferencia,XYZ-5678,8.0:38,Sí
2779,04-10-25,TEISA 1,Súper,7.94,3.1,24.61,SUV,24.6,Tarjeta,XYZ-5678,10.0:25,No
2780,04-10-25,TEISA 1,Súper,33.94,3.1,105.21,Bus,105.22,Efectivo,Unidad 202,15.0:19,Sí
2781,04-10-25,TEISA 1,Extra,19.12,2.4,45.89,Bus,45.9,Efectivo,KLM-4321,12.0:25,Sí
2782,04-10-25,TEISA 1,Extra,26.4,2.4,63.36,Sedán,63.36,Tarjeta,ABC-1234,21.000008,Sí
2783,04-10-25,TEISA 1,Extra,78.28,2.4,187.87,Bus,187.88,Transferencia,Unidad 101,7.0:35,Sí
2784,04-10-25,TEISA 1,Extra,33.15,2.4,79.56,SUV,79.55,Transferencia,TUV-8765,13.0:19,No
2785,04-10-25,TEISA 1,Diésel,88.05,1.8,158.49,Bus,158.49,Efectivo,Unidad 202,14.000003,Sí
2786,04-11-25,TEISA 1,Extra,6.53,2.4,15.67,Sedán,15.68,Transferencia,TUV-8765,8.0:56,Sí
2787,04-11-25,TEISA 1,Extra,47.47,2.4,113.93,Bus,113.92,Efectivo,Unidad 202,16.0:11,Sí
2788,04-11-25,TEISA 1,Diésel,24.06,1.8,43.31,Motocicleta,43.31,Transferencia,XYZ-5678,10.0:43,No
2789,04-11-25,TEISA 1,Diésel,106.92,1.8,192.46,Bus,192.45,Transferencia,Unidad 404,18.0:35,Sí
2790,04-11-25,TEISA 2,Extra,20.73,2.4,49.75,Camioneta,49.76,Tarjeta,TUV-8765,11.000008,No
2791,04-11-25,TEISA 1,Extra,42.73,2.4,102.55,Bus,102.56,Efectivo,Unidad 303,7.0:45,Sí
2792,04-11-25,TEISA 1,Súper,19.01,3.1,58.93,Camioneta,58.94,Tarjeta,KLM-4321,20.0:52,No
2793,04-11-25,TEISA 1,Diésel,17.15,1.8,30.87,SUV,30.87,Efectivo,XYZ-5678,10.0:25,No
2794,04-12-25,TEISA 1,Extra,9.7,2.4,23.28,Motocicleta,23.28,Efectivo,TUV-8765,5.000009,No
2795,04-12-25,TEISA 1,Extra,11.94,2.4,28.66,Motocicleta,28.66,Efectivo,XYZ-5678,16.000001,No
2796,04-12-25,TEISA 1,Diésel,12.14,1.8,21.85,Camioneta,21.86,Transferencia,ABC-1234,13.0:23,Sí
2797,04-12-25,TEISA 1,Súper,43.66,3.1,135.35,Bus,135.34,Tarjeta,Unidad 202,15.0:43,Sí
2798,04-12-25,TEISA 1,Diésel,106.82,1.8,192.28,Bus,192.27,Tarjeta,Unidad 101,15.0:32,Sí
2799,04-12-25,TEISA 1,Súper,20.69,3.1,64.14,Motocicleta,64.14,Tarjeta,XYZ-5678,13.0:59,Sí
2800,04-12-25,TEISA 1,Diésel,28.48,1.8,51.26,SUV,51.27,Efectivo,KLM-4321,9.0:58,Sí
2801,04-13-25,TEISA 1,Extra,70.49,2.4,169.18,Bus,169.17,Transferencia,Unidad 404,17.0:41,Sí
2802,04-13-25,TEISA 1,Súper,39.79,3.1,123.35,Bus,123.35,Transferencia,Unidad 202,10.0:57,Sí
2803,04-13-25,TEISA 1,Diésel,96.33,1.8,173.39,Bus,173.39,Transferencia,Unidad 303,21.0000000,Sí
2804,04-13-25,TEISA 2,Diésel,32.31,1.8,58.16,SUV,58.16,Tarjeta,ABC-1234,15.0:19,No
2805,04-13-25,TEISA 1,Extra,46.41,2.4,111.38,Bus,111.39,Transferencia,Unidad 404,20.0:13,Sí
2806,04-13-25,TEISA 1,Diésel,56.23,1.8,101.21,Bus,101.22,Efectivo,Unidad 202,6.0:56,Sí
2807,04-14-25,TEISA 1,Diésel,98.27,1.8,176.89,Bus,176.88,Tarjeta,Unidad 202,9.000009,Sí
2808,04-14-25,TEISA 2,Súper,7.0,3.1,21.7,Sedán,21.7,Tarjeta,KLM-4321,14.0000000,Sí
2809,04-14-25,TEISA 1,Diésel,25.27,1.8,45.49,Motocicleta,45.49,Tarjeta,XYZ-5678,19.0000000,No
2810,04-14-25,TEISA 1,Extra,32.2,2.4,77.28,Camioneta,77.29,Tarjeta,XYZ-5678,11.0:43,No
2811,04-14-25,TEISA 1,Extra,5.96,2.4,14.3,SUV,14.31,Tarjeta,XYZ-5678,6.0:51,No
2812,04-15-25,TEISA 1,Súper,3.76,3.1,11.66,Motocicleta,11.66,Efectivo,KLM-4321,17.0000000,No
2813,04-15-25,TEISA 1,Extra,83.08,2.4,199.39,Bus,199.38,Transferencia,Unidad 303,13.0:27,Sí
2814,04-15-25,TEISA 1,Súper,15.53,3.1,48.14,Sedán,48.15,Transferencia,TUV-8765,7.000009,No
2815,04-15-25,TEISA 1,Extra,8.63,2.4,20.71,Motocicleta,20.72,Tarjeta,TUV-8765,9.000002,No
2816,04-15-25,TEISA 1,Extra,69.98,2.4,167.95,Bus,167.94,Efectivo,Unidad 404,6.0:55,Sí
2817,04-16-25,TEISA 1,Diésel,36.04,1.8,64.87,Bus,64.87,Efectivo,TUV-8765,19.000005,Sí
2818,04-16-25,TEISA 1,Extra,66.29,2.4,159.1,Bus,159.1,Tarjeta,Unidad 303,15.0:48,Sí
2819,04-16-25,TEISA 2,Súper,6.06,3.1,18.79,Bus,18.8,Efectivo,KLM-4321,12.000004,No
2820,04-16-25,TEISA 1,Extra,5.34,2.4,12.82,SUV,12.81,Tarjeta,XYZ-5678,21.0:31,No
2821,04-16-25,TEISA 1,Extra,53.26,2.4,127.82,Bus,127.83,Efectivo,Unidad 202,21.0:51,Sí
2822,04-16-25,TEISA 1,Extra,63.67,2.4,152.81,Bus,152.82,Tarjeta,Unidad 202,9.000002,Sí
2823,04-17-25,TEISA 2,Extra,14.08,2.4,33.79,Sedán,33.78,Transferencia,KLM-4321,10.0:59,Sí
2824,04-17-25,TEISA 1,Diésel,37.99,1.8,68.38,Motocicleta,68.39,Transferencia,XYZ-5678,19.000002,Sí
2825,04-17-25,TEISA 1,Súper,10.04,3.1,31.12,Bus,31.11,Transferencia,ABC-1234,10.0:36,No
2826,04-17-25,TEISA 1,Diésel,21.06,1.8,37.91,Sedán,37.9,Efectivo,ABC-1234,9.0:58,No
2827,04-18-25,TEISA 2,Extra,72.13,2.4,173.11,Bus,173.12,Tarjeta,Unidad 303,13.0:56,Sí
2828,04-18-25,TEISA 1,Diésel,33.28,1.8,59.9,Camioneta,59.9,Transferencia,ABC-1234,13.000009,No
2829,04-18-25,TEISA 1,Diésel,37.61,1.8,67.7,Camioneta,67.7,Efectivo,XYZ-5678,19.0:39,No
2830,04-18-25,TEISA 1,Súper,24.01,3.1,74.43,SUV,74.42,Tarjeta,TUV-8765,5.0:23,Sí
2831,04-19-25,TEISA 2,Diésel,76.71,1.8,138.08,Bus,138.08,Tarjeta,Unidad 101,0.0:22,Sí
2832,04-19-25,TEISA 1,Diésel,39.24,1.8,70.63,Sedán,70.64,Efectivo,TUV-8765,11.0:14,No
2833,04-19-25,TEISA 1,Súper,7.64,3.1,23.68,Bus,23.68,Transferencia,TUV-8765,6.000007,Sí
2834,04-19-25,TEISA 1,Diésel,41.93,1.8,75.47,Motocicleta,75.47,Efectivo,TUV-8765,21.0:51,No
2835,04-19-25,TEISA 1,Súper,25.04,3.1,77.62,Sedán,77.62,Transferencia,ABC-1234,17.0:56,No
2836,04-19-25,TEISA 2,Diésel,104.39,1.8,187.9,Bus,187.9,Tarjeta,Unidad 101,16.0000000,Sí
2837,04-19-25,TEISA 1,Diésel,98.95,1.8,178.11,Bus,178.11,Tarjeta,Unidad 303,11.0:44,Sí
2838,04-20-25,TEISA 1,Súper,60.2,3.1,186.62,Bus,186.63,Tarjeta,Unidad 202,6.0:51,Sí
2839,04-20-25,TEISA 1,Súper,25.51,3.1,79.08,SUV,79.09,Transferencia,TUV-8765,19.0:27,Sí
2840,04-20-25,TEISA 1,Diésel,85.81,1.8,154.46,Bus,154.46,Transferencia,Unidad 101,12.0:17,Sí
2841,04-20-25,TEISA 2,Diésel,9.53,1.8,17.15,Camioneta,17.16,Transferencia,KLM-4321,0.0:22,No
2842,04-20-25,TEISA 1,Súper,7.91,3.1,24.52,Sedán,24.53,Transferencia,TUV-8765,19.0:36,No
2843,04-20-25,TEISA 1,Diésel,95.93,1.8,172.67,Bus,172.68,Tarjeta,Unidad 303,18.0000000,Sí
2844,04-20-25,TEISA 1,Súper,8.29,3.1,25.7,Motocicleta,25.69,Efectivo,TUV-8765,19.000007,No
2845,04-21-25,TEISA 1,Extra,18.7,2.4,44.88,Bus,44.87,Tarjeta,XYZ-5678,14.000005,Sí
2846,04-21-25,TEISA 1,Extra,17.55,2.4,42.12,Sedán,42.11,Transferencia,ABC-1234,21.0:28,Sí
2847,04-21-25,TEISA 1,Súper,8.25,3.1,25.57,SUV,25.59,Efectivo,ABC-1234,19.0:11,Sí
2848,04-21-25,TEISA 2,Extra,26.05,2.4,62.52,Camioneta,62.52,Transferencia,ABC-1234,15.0:24,Sí
2849,04-21-25,TEISA 1,Diésel,14.84,1.8,26.71,Motocicleta,26.71,Tarjeta,TUV-8765,16.0:36,Sí
2850,04-21-25,TEISA 1,Súper,9.08,3.1,28.15,Bus,28.16,Tarjeta,XYZ-5678,18.0:47,No
2851,04-21-25,TEISA 1,Extra,11.8,2.4,28.32,Camioneta,28.33,Transferencia,TUV-8765,20.0:34,No
2852,04-22-25,TEISA 2,Súper,14.27,3.1,44.24,Camioneta,44.25,Efectivo,ABC-1234,11.000008,Sí
2853,04-22-25,TEISA 1,Extra,23.18,2.4,55.63,Motocicleta,55.62,Tarjeta,XYZ-5678,18.0:25,No
2854,04-22-25,TEISA 2,Diésel,16.16,1.8,29.09,Motocicleta,29.09,Tarjeta,XYZ-5678,6.0:13,No
2855,04-22-25,TEISA 1,Súper,25.28,3.1,78.37,Bus,78.37,Transferencia,XYZ-5678,5.0:52,No
2856,04-22-25,TEISA 1,Extra,11.86,2.4,28.46,Bus,28.46,Efectivo,XYZ-5678,9.0:44,No
2857,04-22-25,TEISA 1,Súper,62.04,3.1,192.32,Bus,192.31,Transferencia,Unidad 404,21.0:13,Sí
2858,04-22-25,TEISA 1,Súper,10.43,3.1,32.33,Bus,32.33,Tarjeta,ABC-1234,15.0:42,No
2859,04-22-25,TEISA 1,Súper,5.64,3.1,17.48,Sedán,17.49,Tarjeta,XYZ-5678,16.0:29,No
2860,04-23-25,TEISA 1,Súper,22.07,3.1,68.42,Camioneta,68.43,Efectivo,TUV-8765,15.0:39,No
2861,04-23-25,TEISA 1,Extra,4.72,2.4,11.33,Bus,11.33,Tarjeta,ABC-1234,17.0000000,Sí
2862,04-23-25,TEISA 1,Diésel,93.15,1.8,167.67,Bus,167.67,Efectivo,Unidad 303,14.000009,Sí
2863,04-23-25,TEISA 1,Súper,21.58,3.1,66.9,Camioneta,66.91,Transferencia,ABC-1234,21.000001,Sí
2864,04-23-25,TEISA 1,Extra,32.85,2.4,78.84,SUV,78.84,Transferencia,ABC-1234,13.0:59,No
2865,04-23-25,TEISA 1,Súper,16.3,3.1,50.53,Camioneta,50.53,Transferencia,XYZ-5678,8.0:47,No
2866,04-24-25,TEISA 1,Diésel,29.22,1.8,52.6,Bus,52.59,Efectivo,TUV-8765,20.0:36,No
2867,04-24-25,TEISA 1,Súper,59.1,3.1,183.21,Bus,183.22,Transferencia,Unidad 303,8.000005,Sí
2868,04-24-25,TEISA 1,Súper,23.79,3.1,73.75,Sedán,73.74,Transferencia,TUV-8765,14.0000000,Sí
2869,04-24-25,TEISA 1,Súper,43.86,3.1,135.97,Bus,135.98,Transferencia,Unidad 404,9.000001,Sí
2870,04-25-25,TEISA 1,Extra,26.87,2.4,64.49,Motocicleta,64.48,Efectivo,XYZ-5678,14.000002,Sí
2871,04-25-25,TEISA 2,Extra,5.02,2.4,12.05,Camioneta,12.04,Tarjeta,XYZ-5678,7.0:24,No
2872,04-25-25,TEISA 1,Diésel,12.79,1.8,23.02,Sedán,23.02,Tarjeta,XYZ-5678,5.0:26,Sí
2873,04-25-25,TEISA 1,Diésel,22.02,1.8,39.64,Motocicleta,39.64,Transferencia,XYZ-5678,5.0:48,No
2874,04-26-25,TEISA 1,Súper,54.1,3.1,167.71,Bus,167.72,Tarjeta,Unidad 101,8.0:51,Sí
2875,04-26-25,TEISA 1,Súper,24.47,3.1,75.86,SUV,75.86,Transferencia,XYZ-5678,12.0:25,No
2876,04-26-25,TEISA 1,Diésel,7.64,1.8,13.75,Sedán,13.76,Tarjeta,KLM-4321,17.0:26,Sí
2877,04-26-25,TEISA 1,Extra,58.27,2.4,139.85,Bus,139.84,Tarjeta,Unidad 101,10.0:15,Sí
2878,04-27-25,TEISA 1,Diésel,62.64,1.8,112.75,Bus,112.75,Transferencia,Unidad 404,17.0:34,Sí
2879,04-27-25,TEISA 1,Súper,46.15,3.1,143.06,Bus,143.05,Tarjeta,Unidad 202,5.0:42,Sí
2880,04-27-25,TEISA 1,Diésel,88.76,1.8,159.77,Bus,159.77,Efectivo,Unidad 303,19.0:27,Sí
2881,04-27-25,TEISA 1,Extra,32.09,2.4,77.02,Bus,77.02,Efectivo,ABC-1234,21.0:51,No
2882,04-27-25,TEISA 1,Diésel,12.04,1.8,21.67,Motocicleta,21.68,Efectivo,XYZ-5678,15.0:51,No
2883,04-28-25,TEISA 1,Diésel,17.8,1.8,32.04,Bus,32.04,Efectivo,XYZ-5678,18.0:33,No
2884,04-28-25,TEISA 1,Extra,73.38,2.4,176.11,Bus,176.11,Tarjeta,Unidad 202,12.0:33,Sí
2885,04-28-25,TEISA 2,Extra,6.26,2.4,15.02,Sedán,15.02,Efectivo,TUV-8765,15.0:26,Sí
2886,04-28-25,TEISA 1,Súper,15.08,3.1,46.75,SUV,46.74,Transferencia,ABC-1234,21.0:58,Sí
2887,04-28-25,TEISA 1,Diésel,36.27,1.8,65.29,Camioneta,65.28,Tarjeta,KLM-4321,17.0:14,No
2888,04-28-25,TEISA 1,Súper,8.51,3.1,26.38,Bus,26.38,Tarjeta,KLM-4321,11.0:41,No
2889,04-29-25,TEISA 1,Diésel,92.5,1.8,166.5,Bus,166.5,Tarjeta,Unidad 202,8.0:51,Sí
2890,04-29-25,TEISA 1,Diésel,62.88,1.8,113.18,Bus,113.18,Transferencia,Unidad 101,14.0:36,Sí
2891,04-29-25,TEISA 2,Diésel,78.56,1.8,141.41,Bus,141.4,Transferencia,Unidad 303,15.000005,Sí
2892,04-29-25,TEISA 1,Súper,18.54,3.1,57.47,Sedán,57.47,Transferencia,KLM-4321,8.0:54,Sí
2893,04-29-25,TEISA 1,Diésel,16.94,1.8,30.49,Sedán,30.5,Transferencia,XYZ-5678,14.0000000,No
2894,04-29-25,TEISA 1,Extra,79.59,2.4,191.02,Bus,191.01,Transferencia,Unidad 404,20.000009,Sí
2895,04-29-25,TEISA 2,Súper,7.61,3.1,23.59,Bus,23.58,Tarjeta,TUV-8765,6.0:15,Sí
2896,04-30-25,TEISA 1,Extra,30.49,2.4,73.18,SUV,73.18,Efectivo,XYZ-5678,10.0:49,Sí
2897,04-30-25,TEISA 2,Diésel,58.08,1.8,104.54,Bus,104.54,Efectivo,Unidad 101,19.000003,Sí
2898,04-30-25,TEISA 1,Diésel,25.13,1.8,45.23,Sedán,45.24,Efectivo,TUV-8765,16.0:31,No
2899,04-30-25,TEISA 1,Extra,19.28,2.4,46.27,Sedán,46.28,Tarjeta,TUV-8765,16.0:57,Sí
2900,04-30-25,TEISA 1,Extra,17.43,2.4,41.83,Bus,41.83,Efectivo,KLM-4321,13.0:55,Sí
2901,04-30-25,TEISA 1,Extra,55.49,2.4,133.18,Bus,133.17,Efectivo,Unidad 202,12.0:51,Sí
2902,04-30-25,TEISA 1,Diésel,20.81,1.8,37.46,Motocicleta,37.45,Tarjeta,TUV-8765,10.0:12,No
2903,04-30-25,TEISA 1,Súper,38.78,3.1,120.22,Bus,120.21,Tarjeta,Unidad 101,5.0:15,Sí
2904,05-01-25,TEISA 1,Súper,4.05,3.1,12.55,Camioneta,12.56,Efectivo,ABC-1234,5.000004,Sí
2905,05-01-25,TEISA 1,Súper,4.44,3.1,13.76,SUV,13.77,Efectivo,ABC-1234,20.0:43,No
2906,05-01-25,TEISA 1,Extra,31.36,2.4,75.26,Bus,75.27,Transferencia,KLM-4321,7.0000000,No
2907,05-01-25,TEISA 1,Extra,66.8,2.4,160.32,Bus,160.31,Efectivo,Unidad 303,20.000005,Sí
2908,05-01-25,TEISA 2,Extra,55.33,2.4,132.79,Bus,132.79,Tarjeta,Unidad 202,21.000007,Sí
2909,05-01-25,TEISA 1,Súper,55.28,3.1,171.37,Bus,171.36,Efectivo,Unidad 303,16.0:19,Sí
2910,05-01-25,TEISA 1,Diésel,17.62,1.8,31.72,Sedán,31.72,Tarjeta,XYZ-5678,6.0:11,Sí
2911,05-01-25,TEISA 1,Súper,11.73,3.1,36.36,Motocicleta,36.37,Tarjeta,ABC-1234,14.0:38,Sí
2912,05-02-25,TEISA 1,Diésel,34.99,1.8,62.98,Motocicleta,62.98,Tarjeta,XYZ-5678,19.0000000,Sí
2913,05-02-25,TEISA 1,Extra,26.42,2.4,63.41,SUV,63.41,Transferencia,TUV-8765,7.0:36,Sí
2914,05-02-25,TEISA 1,Diésel,20.46,1.8,36.83,Bus,36.82,Transferencia,KLM-4321,9.0:46,No
2915,05-02-25,TEISA 1,Diésel,14.77,1.8,26.59,Sedán,26.58,Efectivo,ABC-1234,8.0:59,Sí
2916,05-02-25,TEISA 1,Extra,30.36,2.4,72.86,Sedán,72.86,Transferencia,KLM-4321,21.0:56,Sí
2917,05-03-25,TEISA 1,Súper,6.17,3.1,19.13,Bus,19.14,Tarjeta,TUV-8765,20.0:29,Sí
2918,05-03-25,TEISA 1,Diésel,26.19,1.8,47.14,Bus,47.15,Efectivo,XYZ-5678,13.0:23,No
2919,05-03-25,TEISA 1,Extra,24.63,2.4,59.11,Camioneta,59.12,Tarjeta,TUV-8765,12.0:48,Sí
2920,05-03-25,TEISA 1,Diésel,13.11,1.8,23.6,SUV,23.59,Tarjeta,TUV-8765,18.0:31,No
2921,05-03-25,TEISA 1,Diésel,31.34,1.8,56.41,Sedán,56.42,Transferencia,XYZ-5678,19.000004,Sí
2922,05-03-25,TEISA 1,Extra,50.17,2.4,120.41,Bus,120.4,Tarjeta,Unidad 202,10.0:16,Sí
2923,05-04-25,TEISA 1,Súper,18.27,3.1,56.64,Sedán,56.64,Transferencia,TUV-8765,13.0:28,Sí
2924,05-04-25,TEISA 1,Extra,17.6,2.4,42.24,Camioneta,42.23,Transferencia,XYZ-5678,5.0:39,Sí
2925,05-04-25,TEISA 1,Diésel,13.97,1.8,25.15,Motocicleta,25.14,Transferencia,KLM-4321,9.0000000,No
2926,05-04-25,TEISA 1,Diésel,104.66,1.8,188.39,Bus,188.39,Tarjeta,Unidad 303,10.0:48,Sí
2927,05-04-25,TEISA 1,Súper,55.89,3.1,173.26,Bus,173.25,Efectivo,Unidad 202,7.0:56,Sí
2928,05-04-25,TEISA 1,Extra,53.59,2.4,128.62,Bus,128.61,Tarjeta,Unidad 303,9.0:42,Sí
2929,05-04-25,TEISA 1,Súper,11.74,3.1,36.39,Camioneta,36.4,Efectivo,XYZ-5678,15.0:31,No
2930,05-04-25,TEISA 1,Diésel,64.43,1.8,115.97,Bus,115.98,Transferencia,Unidad 404,17.0:35,Sí
2931,05-05-25,TEISA 1,Extra,50.3,2.4,120.72,Bus,120.71,Efectivo,Unidad 202,5.000006,Sí
2932,05-05-25,TEISA 2,Diésel,77.45,1.8,139.41,Bus,139.41,Transferencia,Unidad 101,15.000006,Sí
2933,05-05-25,TEISA 2,Extra,60.58,2.4,145.39,Bus,145.38,Efectivo,Unidad 404,16.0:37,Sí
2934,05-05-25,TEISA 1,Diésel,69.38,1.8,124.88,Bus,124.88,Efectivo,Unidad 101,21.0:16,Sí
2935,05-05-25,TEISA 2,Extra,69.13,2.4,165.91,Bus,165.91,Tarjeta,Unidad 404,12.0:58,Sí
2936,05-06-25,TEISA 1,Diésel,34.22,1.8,61.6,Bus,61.6,Efectivo,TUV-8765,9.0:26,Sí
2937,05-06-25,TEISA 1,Diésel,27.92,1.8,50.26,Motocicleta,50.25,Efectivo,TUV-8765,13.0:46,Sí
2938,05-06-25,TEISA 1,Extra,9.73,2.4,23.35,Sedán,23.36,Tarjeta,XYZ-5678,11.000007,Sí
2939,05-06-25,TEISA 1,Diésel,12.78,1.8,23.0,Camioneta,23.0,Tarjeta,XYZ-5678,15.0:14,Sí
2940,05-06-25,TEISA 1,Extra,4.47,2.4,10.73,Sedán,10.73,Transferencia,TUV-8765,14.0:51,Sí
2941,05-06-25,TEISA 1,Súper,16.52,3.1,51.21,Sedán,51.22,Tarjeta,KLM-4321,17.0:53,Sí
2942,05-06-25,TEISA 1,Súper,23.53,3.1,72.94,Sedán,72.95,Tarjeta,KLM-4321,12.000006,Sí
2943,05-07-25,TEISA 1,Extra,73.35,2.4,176.04,Bus,176.03,Tarjeta,Unidad 303,9.0:28,Sí
2944,05-07-25,TEISA 1,Súper,21.49,3.1,66.62,Motocicleta,66.63,Transferencia,ABC-1234,10.0:47,No
2945,05-07-25,TEISA 1,Extra,18.95,2.4,45.48,Motocicleta,45.49,Efectivo,ABC-1234,11.0:17,No
2946,05-07-25,TEISA 1,Diésel,39.76,1.8,71.57,Sedán,71.57,Transferencia,ABC-1234,12.000006,No
2947,05-07-25,TEISA 2,Extra,33.04,2.4,79.3,Bus,79.3,Efectivo,ABC-1234,13.0:11,Sí
2948,05-07-25,TEISA 1,Extra,65.68,2.4,157.63,Bus,157.64,Efectivo,Unidad 303,12.0000000,Sí
2949,05-07-25,TEISA 2,Diésel,85.14,1.8,153.25,Bus,153.26,Transferencia,Unidad 303,10.0:16,Sí
2950,05-07-25,TEISA 2,Diésel,36.73,1.8,66.11,Sedán,66.11,Efectivo,XYZ-5678,11.0:44,No
2951,05-08-25,TEISA 1,Extra,12.55,2.4,30.12,Motocicleta,30.13,Transferencia,TUV-8765,19.0:12,Sí
2952,05-08-25,TEISA 1,Diésel,70.17,1.8,126.31,Bus,126.31,Tarjeta,Unidad 202,10.000001,Sí
2953,05-08-25,TEISA 2,Súper,5.95,3.1,18.45,Camioneta,18.45,Efectivo,KLM-4321,10.0:31,No
2954,05-08-25,TEISA 2,Diésel,14.11,1.8,25.4,Camioneta,25.4,Tarjeta,XYZ-5678,10.0:42,No
2955,05-08-25,TEISA 1,Súper,7.51,3.1,23.28,Motocicleta,23.27,Transferencia,TUV-8765,19.0:31,No
2956,05-08-25,TEISA 1,Diésel,34.67,1.8,62.41,Camioneta,62.41,Efectivo,TUV-8765,14.0:41,Sí
2957,05-08-25,TEISA 1,Súper,17.35,3.1,53.79,SUV,53.77,Transferencia,XYZ-5678,7.000005,No
2958,05-09-25,TEISA 1,Súper,7.04,3.1,21.82,Motocicleta,21.83,Transferencia,XYZ-5678,20.0:14,No
2959,05-09-25,TEISA 1,Súper,14.08,3.1,43.65,Bus,43.64,Transferencia,XYZ-5678,18.000009,No
2960,05-09-25,TEISA 1,Extra,77.11,2.4,185.06,Bus,185.07,Tarjeta,Unidad 303,14.0:32,Sí
2961,05-09-25,TEISA 1,Diésel,5.78,1.8,10.4,Camioneta,10.4,Efectivo,XYZ-5678,8.0:38,No
2962,05-09-25,TEISA 1,Extra,66.62,2.4,159.89,Bus,159.88,Transferencia,Unidad 303,9.0:54,Sí
2963,05-09-25,TEISA 1,Súper,6.04,3.1,18.72,Motocicleta,18.71,Tarjeta,XYZ-5678,10.000007,No
2964,05-09-25,TEISA 1,Súper,19.9,3.1,61.69,Bus,61.69,Transferencia,TUV-8765,9.0000000,No
2965,05-09-25,TEISA 1,Diésel,104.91,1.8,188.84,Bus,188.83,Tarjeta,Unidad 404,13.0:49,Sí
2966,05-10-25,TEISA 1,Diésel,73.01,1.8,131.42,Bus,131.41,Transferencia,Unidad 404,20.0:33,Sí
2967,05-10-25,TEISA 1,Súper,20.53,3.1,63.64,Camioneta,63.65,Transferencia,KLM-4321,20.0000000,No
2968,05-10-25,TEISA 1,Extra,9.63,2.4,23.11,Camioneta,23.1,Efectivo,KLM-4321,14.0:28,No
2969,05-10-25,TEISA 1,Diésel,21.17,1.8,38.11,Motocicleta,38.11,Tarjeta,XYZ-5678,8.000001,Sí
2970,05-10-25,TEISA 1,Súper,56.06,3.1,173.79,Bus,173.8,Efectivo,Unidad 101,10.0:58,Sí
2971,05-10-25,TEISA 1,Extra,49.72,2.4,119.33,Bus,119.32,Efectivo,Unidad 404,11.0:58,Sí
2972,05-10-25,TEISA 1,Diésel,6.61,1.8,11.9,Camioneta,11.89,Efectivo,ABC-1234,14.0:56,No
2973,05-10-25,TEISA 1,Extra,33.17,2.4,79.61,Sedán,79.61,Transferencia,ABC-1234,18.000004,Sí
2974,05-11-25,TEISA 2,Diésel,41.08,1.8,73.94,Motocicleta,73.95,Efectivo,XYZ-5678,18.0:24,No
2975,05-11-25,TEISA 1,Diésel,80.68,1.8,145.22,Bus,145.23,Transferencia,Unidad 101,9.000006,Sí
2976,05-11-25,TEISA 1,Extra,7.41,2.4,17.78,Bus,17.79,Efectivo,XYZ-5678,5.0:56,No
2977,05-11-25,TEISA 1,Súper,53.91,3.1,167.12,Bus,167.12,Tarjeta,Unidad 202,11.0:41,Sí
2978,05-11-25,TEISA 1,Diésel,10.91,1.8,19.64,Camioneta,19.64,Tarjeta,KLM-4321,7.0:56,Sí
2979,05-11-25,TEISA 1,Extra,77.72,2.4,186.53,Bus,186.52,Tarjeta,Unidad 404,7.0:38,Sí
2980,05-11-25,TEISA 1,Súper,12.86,3.1,39.87,Camioneta,39.86,Transferencia,TUV-8765,6.0:56,No
2981,05-11-25,TEISA 1,Súper,17.15,3.1,53.16,Bus,53.16,Efectivo,TUV-8765,7.0:24,No
2982,05-12-25,TEISA 2,Extra,49.45,2.4,118.68,Bus,118.69,Efectivo,Unidad 404,6.0:54,Sí
2983,05-12-25,TEISA 1,Diésel,26.57,1.8,47.83,Motocicleta,47.82,Efectivo,ABC-1234,7.0:32,Sí
2984,05-12-25,TEISA 1,Extra,70.84,2.4,170.02,Bus,170.02,Tarjeta,Unidad 101,20.0:59,Sí
2985,05-12-25,TEISA 1,Extra,16.23,2.4,38.95,Sedán,38.94,Transferencia,XYZ-5678,6.0:52,No
2986,05-12-25,TEISA 1,Extra,6.28,2.4,15.07,Camioneta,15.06,Tarjeta,XYZ-5678,21.000009,No
2987,05-12-25,TEISA 1,Súper,45.76,3.1,141.86,Bus,141.86,Efectivo,Unidad 202,0.0:22,Sí
2988,05-13-25,TEISA 1,Diésel,13.71,1.8,24.68,SUV,24.67,Tarjeta,ABC-1234,9.0:46,No
2989,05-13-25,TEISA 1,Extra,82.16,2.4,197.18,Bus,197.19,Tarjeta,Unidad 101,6.000002,Sí
2990,05-13-25,TEISA 1,Diésel,29.8,1.8,53.64,SUV,53.64,Tarjeta,KLM-4321,9.0:13,Sí
2991,05-13-25,TEISA 1,Diésel,40.31,1.8,72.56,Motocicleta,72.55,Efectivo,ABC-1234,15.0:55,Sí
2992,05-13-25,TEISA 1,Súper,45.26,3.1,140.31,Bus,140.31,Efectivo,Unidad 101,7.0:51,Sí
2993,05-13-25,TEISA 1,Súper,46.44,3.1,143.96,Bus,143.96,Efectivo,Unidad 303,5.0:53,Sí
2994,05-13-25,TEISA 1,Diésel,25.04,1.8,45.07,Sedán,45.07,Efectivo,ABC-1234,16.0:43,No
2995,05-13-25,TEISA 1,Extra,16.07,2.4,38.57,Camioneta,38.57,Transferencia,KLM-4321,9.0:39,No
2996,05-14-25,TEISA 1,Extra,18.04,2.4,43.3,Sedán,43.29,Tarjeta,KLM-4321,20.0:43,Sí
2997,05-14-25,TEISA 1,Diésel,28.98,1.8,52.16,SUV,52.17,Tarjeta,KLM-4321,9.0:39,No
2998,05-14-25,TEISA 1,Súper,9.47,3.1,29.36,Camioneta,29.37,Efectivo,TUV-8765,14.000001,Sí
2999,05-14-25,TEISA 1,Extra,13.73,2.4,32.95,SUV,32.96,Tarjeta,ABC-1234,8.0:52,Sí
3000,05-14-25,TEISA 1,Súper,23.88,3.1,74.03,Sedán,74.03,Transferencia,KLM-4321,7.0:43,No
3001,05-14-25,TEISA 1,Súper,25.34,3.1,78.55,Motocicleta,78.55,Tarjeta,KLM-4321,20.0:18,Sí
3002,05-14-25,TEISA 1,Extra,54.48,2.4,130.75,Bus,130.74,Transferencia,Unidad 101,21.0:11,Sí
3003,05-15-25,TEISA 2,Extra,32.71,2.4,78.5,Camioneta,78.5,Tarjeta,XYZ-5678,16.0:48,No
3004,05-15-25,TEISA 2,Diésel,92.86,1.8,167.15,Bus,167.14,Efectivo,Unidad 303,19.0:45,Sí
3005,05-15-25,TEISA 2,Extra,25.96,2.4,62.3,SUV,62.3,Transferencia,ABC-1234,10.000008,No
3006,05-15-25,TEISA 1,Extra,24.66,2.4,59.18,Motocicleta,59.19,Tarjeta,XYZ-5678,21.000007,Sí
3007,05-15-25,TEISA 1,Extra,31.72,2.4,76.13,Sedán,76.13,Transferencia,ABC-1234,5.0:13,No
3008,05-15-25,TEISA 1,Súper,4.35,3.1,13.48,Bus,13.49,Tarjeta,XYZ-5678,12.0:27,No
3009,05-15-25,TEISA 2,Súper,19.03,3.1,58.99,Bus,58.99,Efectivo,TUV-8765,17.0:46,No
3010,05-15-25,TEISA 1,Diésel,84.61,1.8,152.3,Bus,152.29,Transferencia,Unidad 101,17.0000000,Sí
3011,05-16-25,TEISA 1,Diésel,59.68,1.8,107.42,Bus,107.42,Transferencia,Unidad 404,21.0:17,Sí
3012,05-16-25,TEISA 1,Diésel,91.01,1.8,163.82,Bus,163.82,Efectivo,Unidad 101,19.0:47,Sí
3013,05-16-25,TEISA 2,Extra,5.89,2.4,14.14,SUV,14.14,Tarjeta,ABC-1234,15.000001,No
3014,05-16-25,TEISA 1,Diésel,44.04,1.8,79.27,Camioneta,79.28,Tarjeta,KLM-4321,9.0:31,Sí
3015,05-16-25,TEISA 1,Extra,4.2,2.4,10.08,SUV,10.09,Efectivo,ABC-1234,20.0:18,No
3016,05-16-25,TEISA 1,Extra,43.38,2.4,104.11,Bus,104.12,Transferencia,Unidad 404,9.0000000,Sí
3017,05-16-25,TEISA 1,Extra,25.8,2.4,61.92,Motocicleta,61.93,Transferencia,KLM-4321,19.0000000,Sí
3018,05-16-25,TEISA 1,Extra,14.9,2.4,35.76,Bus,35.75,Transferencia,TUV-8765,18.0:17,No
3019,05-17-25,TEISA 1,Súper,44.47,3.1,137.86,Bus,137.85,Tarjeta,Unidad 303,14.0:12,Sí
3020,05-17-25,TEISA 1,Súper,16.99,3.1,52.67,Camioneta,52.68,Transferencia,KLM-4321,15.0:24,No
3021,05-17-25,TEISA 1,Diésel,25.6,1.8,46.08,Motocicleta,46.08,Transferencia,KLM-4321,11.0:38,No
3022,05-17-25,TEISA 1,Diésel,10.99,1.8,19.78,Camioneta,19.78,Tarjeta,KLM-4321,6.0:19,No
3023,05-18-25,TEISA 1,Súper,58.17,3.1,180.33,Bus,180.34,Transferencia,Unidad 404,9.0:13,Sí
3024,05-18-25,TEISA 1,Diésel,36.78,1.8,66.2,Sedán,66.21,Transferencia,XYZ-5678,11.0:56,Sí
3025,05-18-25,TEISA 1,Diésel,17.72,1.8,31.9,Camioneta,31.9,Efectivo,KLM-4321,16.0:56,No
3026,05-18-25,TEISA 1,Súper,25.75,3.1,79.83,Sedán,79.81,Efectivo,KLM-4321,12.0:15,Sí
3027,05-18-25,TEISA 1,Súper,53.59,3.1,166.13,Bus,166.13,Tarjeta,Unidad 303,20.0:15,Sí
3028,05-18-25,TEISA 2,Diésel,13.71,1.8,24.68,SUV,24.68,Tarjeta,KLM-4321,15.0:11,No
3029,05-19-25,TEISA 1,Diésel,107.11,1.8,192.8,Bus,192.8,Transferencia,Unidad 101,19.0:53,Sí
3030,05-19-25,TEISA 1,Diésel,33.08,1.8,59.54,Camioneta,59.55,Efectivo,TUV-8765,11.0:32,No
3031,05-19-25,TEISA 1,Diésel,20.43,1.8,36.77,Motocicleta,36.78,Efectivo,XYZ-5678,21.0:51,Sí
3032,05-19-25,TEISA 1,Diésel,23.98,1.8,43.16,Bus,43.16,Transferencia,ABC-1234,0.0:22,Sí
3033,05-19-25,TEISA 1,Diésel,33.38,1.8,60.08,Motocicleta,60.09,Transferencia,TUV-8765,17.0:13,No
3034,05-20-25,TEISA 1,Diésel,89.28,1.8,160.7,Bus,160.71,Transferencia,Unidad 303,13.0:16,Sí
3035,05-20-25,TEISA 1,Diésel,20.19,1.8,36.34,SUV,36.35,Efectivo,TUV-8765,19.000007,Sí
3036,05-20-25,TEISA 1,Extra,10.0,2.4,24.0,Motocicleta,23.99,Tarjeta,KLM-4321,17.000007,Sí
3037,05-20-25,TEISA 1,Súper,6.61,3.1,20.49,Camioneta,20.49,Efectivo,XYZ-5678,14.0:59,No
3038,05-21-25,TEISA 2,Súper,16.47,3.1,51.06,Camioneta,51.05,Transferencia,XYZ-5678,11.000005,Sí
3039,05-21-25,TEISA 1,Súper,33.51,3.1,103.88,Bus,103.89,Tarjeta,Unidad 202,20.0:36,Sí
3040,05-21-25,TEISA 1,Extra,16.79,2.4,40.3,SUV,40.3,Tarjeta,KLM-4321,17.0:49,Sí
3041,05-21-25,TEISA 1,Súper,33.58,3.1,104.1,Bus,104.11,Efectivo,Unidad 101,16.0:35,Sí
3042,05-21-25,TEISA 1,Súper,24.03,3.1,74.49,SUV,74.48,Transferencia,KLM-4321,14.0:52,Sí
3043,05-21-25,TEISA 1,Diésel,36.92,1.8,66.46,Camioneta,66.45,Tarjeta,ABC-1234,20.0:58,No
3044,05-21-25,TEISA 1,Diésel,8.27,1.8,14.89,Camioneta,14.89,Efectivo,ABC-1234,11.000001,Sí
3045,05-21-25,TEISA 1,Súper,25.74,3.1,79.79,Sedán,79.8,Tarjeta,ABC-1234,5.000009,No
3046,05-22-25,TEISA 1,Diésel,44.08,1.8,79.34,Sedán,79.35,Tarjeta,TUV-8765,18.0:56,No
3047,05-22-25,TEISA 1,Extra,20.64,2.4,49.54,Bus,49.53,Transferencia,KLM-4321,16.0:35,Sí
3048,05-22-25,TEISA 1,Extra,71.39,2.4,171.34,Bus,171.33,Transferencia,Unidad 303,5.000005,Sí
3049,05-22-25,TEISA 1,Diésel,32.46,1.8,58.43,Sedán,58.43,Tarjeta,TUV-8765,17.000003,No
3050,05-22-25,TEISA 2,Extra,27.32,2.4,65.57,Motocicleta,65.58,Efectivo,KLM-4321,21.0:11,Sí
3051,05-22-25,TEISA 1,Diésel,9.31,1.8,16.76,Motocicleta,16.76,Efectivo,KLM-4321,11.0:45,Sí
3052,05-22-25,TEISA 1,Súper,18.95,3.1,58.74,Camioneta,58.75,Transferencia,KLM-4321,21.0000000,Sí
3053,05-23-25,TEISA 1,Súper,4.09,3.1,12.68,Camioneta,12.68,Efectivo,ABC-1234,6.0:25,Sí
3054,05-23-25,TEISA 1,Diésel,21.49,1.8,38.68,Camioneta,38.69,Efectivo,KLM-4321,14.0000000,No
3055,05-23-25,TEISA 1,Súper,8.73,3.1,27.06,Motocicleta,27.07,Efectivo,XYZ-5678,11.0:56,No
3056,05-23-25,TEISA 1,Súper,35.83,3.1,111.07,Bus,111.06,Efectivo,Unidad 303,13.0:32,Sí
3057,05-23-25,TEISA 1,Diésel,108.59,1.8,195.46,Bus,195.46,Tarjeta,Unidad 303,17.0:21,Sí
3058,05-23-25,TEISA 1,Súper,9.36,3.1,29.02,Motocicleta,29.02,Efectivo,ABC-1234,13.0:54,No
3059,05-23-25,TEISA 2,Diésel,102.81,1.8,185.06,Bus,185.05,Tarjeta,Unidad 404,7.000006,Sí
3060,05-24-25,TEISA 1,Súper,45.24,3.1,140.24,Bus,140.25,Tarjeta,Unidad 404,9.0:43,Sí
3061,05-24-25,TEISA 1,Diésel,36.02,1.8,64.84,Bus,64.84,Efectivo,KLM-4321,6.0:43,No
3062,05-24-25,TEISA 1,Súper,8.65,3.1,26.82,Motocicleta,26.83,Efectivo,TUV-8765,6.0000000,No
3063,05-24-25,TEISA 1,Diésel,21.63,1.8,38.93,Bus,38.93,Transferencia,KLM-4321,21.0:44,No
3064,05-25-25,TEISA 1,Diésel,32.14,1.8,57.85,Sedán,57.85,Efectivo,KLM-4321,10.0:47,No
3065,05-25-25,TEISA 1,Diésel,31.65,1.8,56.97,Bus,56.97,Tarjeta,KLM-4321,11.0:29,Sí
3066,05-25-25,TEISA 1,Extra,13.68,2.4,32.83,Camioneta,32.83,Transferencia,KLM-4321,19.0:11,No
3067,05-25-25,TEISA 1,Súper,22.03,3.1,68.29,Motocicleta,68.3,Tarjeta,KLM-4321,10.0:34,Sí
3068,05-25-25,TEISA 2,Extra,18.99,2.4,45.58,Sedán,45.57,Transferencia,XYZ-5678,11.0:43,No
3069,05-25-25,TEISA 1,Extra,70.12,2.4,168.29,Bus,168.29,Tarjeta,Unidad 101,21.0:41,Sí
3070,05-26-25,TEISA 1,Extra,17.57,2.4,42.17,Camioneta,42.17,Transferencia,XYZ-5678,8.0:31,Sí
3071,05-26-25,TEISA 1,Súper,11.54,3.1,35.77,Sedán,35.76,Transferencia,ABC-1234,20.000004,No
3072,05-26-25,TEISA 2,Diésel,35.48,1.8,63.86,SUV,63.86,Tarjeta,XYZ-5678,7.0:25,Sí
3073,05-26-25,TEISA 1,Extra,22.01,2.4,52.82,Bus,52.83,Efectivo,KLM-4321,15.0:34,Sí
3074,05-26-25,TEISA 1,Extra,4.82,2.4,11.57,SUV,11.57,Tarjeta,ABC-1234,21.0:39,No
3075,05-26-25,TEISA 1,Diésel,106.82,1.8,192.28,Bus,192.28,Tarjeta,Unidad 202,17.000002,Sí
3076,05-26-25,TEISA 1,Extra,28.14,2.4,67.54,Bus,67.54,Transferencia,ABC-1234,10.000006,No
3077,05-27-25,TEISA 1,Extra,21.29,2.4,51.1,Sedán,51.1,Efectivo,XYZ-5678,10.0:17,Sí
3078,05-27-25,TEISA 1,Diésel,104.09,1.8,187.36,Bus,187.36,Transferencia,Unidad 303,10.0:42,Sí
3079,05-27-25,TEISA 1,Súper,18.3,3.1,56.73,Bus,56.73,Transferencia,TUV-8765,15.0:35,No
3080,05-27-25,TEISA 1,Diésel,12.34,1.8,22.21,Camioneta,22.22,Transferencia,TUV-8765,6.0:19,Sí
3081,05-27-25,TEISA 1,Diésel,33.2,1.8,59.76,Bus,59.76,Efectivo,XYZ-5678,18.0:56,Sí
3082,05-28-25,TEISA 1,Diésel,25.78,1.8,46.4,Camioneta,46.41,Transferencia,XYZ-5678,8.0:34,No
3083,05-28-25,TEISA 1,Súper,45.2,3.1,140.12,Bus,140.12,Efectivo,Unidad 101,21.0:34,Sí
3084,05-28-25,TEISA 1,Súper,14.12,3.1,43.77,Motocicleta,43.77,Tarjeta,TUV-8765,15.0:43,Sí
3085,05-28-25,TEISA 1,Súper,48.43,3.1,150.13,Bus,150.14,Transferencia,Unidad 202,11.0:49,Sí
3086,05-28-25,TEISA 1,Diésel,38.84,1.8,69.91,SUV,69.92,Efectivo,XYZ-5678,19.0:16,No
3087,05-28-25,TEISA 2,Diésel,14.28,1.8,25.7,Motocicleta,25.7,Transferencia,ABC-1234,9.0:46,No
3088,05-28-25,TEISA 1,Diésel,24.67,1.8,44.41,Camioneta,44.4,Transferencia,XYZ-5678,7.0:26,Sí
3089,05-29-25,TEISA 1,Extra,20.78,2.4,49.87,Camioneta,49.86,Tarjeta,KLM-4321,9.0:26,No
3090,05-29-25,TEISA 1,Súper,7.49,3.1,23.22,Motocicleta,23.21,Transferencia,KLM-4321,6.0:37,No
3091,05-29-25,TEISA 1,Súper,46.23,3.1,143.31,Bus,143.31,Efectivo,Unidad 404,13.0:48,Sí
3092,05-29-25,TEISA 1,Súper,25.69,3.1,79.64,Sedán,79.65,Tarjeta,TUV-8765,20.0:42,Sí
3093,05-29-25,TEISA 1,Súper,17.23,3.1,53.41,Bus,53.42,Transferencia,ABC-1234,14.000001,Sí
3094,05-29-25,TEISA 1,Diésel,61.72,1.8,111.1,Bus,111.09,Transferencia,Unidad 303,12.0:49,Sí
3095,05-29-25,TEISA 1,Diésel,33.33,1.8,59.99,Motocicleta,60.0,Transferencia,XYZ-5678,21.0:56,No
3096,05-29-25,TEISA 1,Súper,48.68,3.1,150.91,Bus,150.9,Tarjeta,Unidad 404,19.0:19,Sí
3097,05-30-25,TEISA 1,Diésel,33.18,1.8,59.72,Sedán,59.72,Efectivo,TUV-8765,20.0:34,Sí
3098,05-30-25,TEISA 1,Diésel,13.61,1.8,24.5,Motocicleta,24.49,Tarjeta,TUV-8765,18.0:29,No
3099,05-30-25,TEISA 1,Extra,33.31,2.4,79.94,SUV,79.94,Efectivo,XYZ-5678,20.0:15,No
3100,05-30-25,TEISA 2,Diésel,34.6,1.8,62.28,Camioneta,62.28,Tarjeta,TUV-8765,17.0:55,Sí
3101,05-30-25,TEISA 1,Extra,17.1,2.4,41.04,SUV,41.04,Efectivo,ABC-1234,5.0:31,No
3102,05-30-25,TEISA 1,Diésel,34.27,1.8,61.69,SUV,61.68,Tarjeta,TUV-8765,10.0000000,No
3103,05-30-25,TEISA 1,Diésel,11.74,1.8,21.13,Sedán,21.13,Transferencia,KLM-4321,11.000008,No
3104,05-30-25,TEISA 2,Diésel,25.18,1.8,45.32,Sedán,45.33,Efectivo,XYZ-5678,12.0:36,No
3105,05-31-25,TEISA 1,Súper,18.72,3.1,58.03,Bus,58.04,Tarjeta,KLM-4321,6.000005,Sí
3106,05-31-25,TEISA 1,Diésel,38.69,1.8,69.64,Camioneta,69.65,Tarjeta,ABC-1234,9.000001,Sí
3107,05-31-25,TEISA 1,Extra,64.66,2.4,155.18,Bus,155.18,Transferencia,Unidad 202,20.0000000,Sí
3108,05-31-25,TEISA 1,Diésel,78.43,1.8,141.17,Bus,141.17,Tarjeta,Unidad 202,13.0:57,Sí
3109,05-31-25,TEISA 1,Diésel,103.99,1.8,187.18,Bus,187.19,Transferencia,Unidad 202,5.0:15,Sí
3110,06-01-25,TEISA 1,Extra,31.08,2.4,74.59,Sedán,74.59,Efectivo,KLM-4321,13.0000000,Sí
3111,06-01-25,TEISA 1,Extra,6.94,2.4,16.66,SUV,16.65,Tarjeta,ABC-1234,20.0000000,Sí
3112,06-01-25,TEISA 1,Extra,13.65,2.4,32.76,Motocicleta,32.75,Tarjeta,TUV-8765,7.0:15,Sí
3113,06-01-25,TEISA 2,Súper,17.09,3.1,52.98,Bus,52.99,Transferencia,XYZ-5678,17.000001,No
3114,06-01-25,TEISA 1,Diésel,8.29,1.8,14.92,Sedán,14.93,Efectivo,TUV-8765,10.0:32,No
3115,06-01-25,TEISA 1,Extra,12.39,2.4,29.74,Sedán,29.74,Transferencia,ABC-1234,9.0000000,Sí
3116,06-01-25,TEISA 1,Diésel,27.92,1.8,50.26,Bus,50.25,Efectivo,TUV-8765,11.000002,No
3117,06-01-25,TEISA 2,Súper,21.99,3.1,68.17,Bus,68.18,Efectivo,KLM-4321,8.0:19,No
3118,06-02-25,TEISA 1,Extra,25.57,2.4,61.37,Camioneta,61.36,Efectivo,KLM-4321,13.0:35,Sí
3119,06-02-25,TEISA 1,Súper,18.31,3.1,56.76,Bus,56.77,Tarjeta,ABC-1234,8.0:59,No
3120,06-02-25,TEISA 2,Extra,44.46,2.4,106.7,Bus,106.71,Transferencia,Unidad 303,20.0000000,Sí
3121,06-02-25,TEISA 1,Extra,23.15,2.4,55.56,Bus,55.57,Tarjeta,TUV-8765,15.0:21,No
3122,06-02-25,TEISA 1,Súper,12.61,3.1,39.09,Motocicleta,39.1,Transferencia,TUV-8765,9.0:35,No
3123,06-03-25,TEISA 1,Súper,42.52,3.1,131.81,Bus,131.8,Transferencia,Unidad 404,13.0:26,Sí
3124,06-03-25,TEISA 1,Súper,22.43,3.1,69.53,Sedán,69.54,Tarjeta,XYZ-5678,19.0000000,Sí
3125,06-03-25,TEISA 1,Diésel,79.77,1.8,143.59,Bus,143.59,Transferencia,Unidad 202,8.0:36,Sí
3126,06-03-25,TEISA 1,Diésel,59.22,1.8,106.6,Bus,106.59,Tarjeta,Unidad 101,5.000002,Sí
3127,06-03-25,TEISA 1,Diésel,30.78,1.8,55.4,SUV,55.4,Transferencia,XYZ-5678,5.0:23,No
3128,06-04-25,TEISA 1,Diésel,27.24,1.8,49.03,SUV,49.03,Transferencia,KLM-4321,6.0:32,No
3129,06-04-25,TEISA 2,Extra,72.0,2.4,172.8,Bus,172.8,Tarjeta,Unidad 202,10.0:45,Sí
3130,06-04-25,TEISA 1,Diésel,5.74,1.8,10.33,Bus,10.33,Transferencia,ABC-1234,0.0:22,Sí
3131,06-04-25,TEISA 1,Súper,9.49,3.1,29.42,SUV,29.41,Tarjeta,XYZ-5678,5.0:56,Sí
3132,06-04-25,TEISA 1,Extra,6.42,2.4,15.41,Motocicleta,15.4,Transferencia,TUV-8765,17.0:44,No
3133,06-05-25,TEISA 1,Extra,15.74,2.4,37.78,Camioneta,37.78,Efectivo,XYZ-5678,16.0:41,Sí
3134,06-05-25,TEISA 1,Diésel,39.22,1.8,70.6,Motocicleta,70.59,Tarjeta,TUV-8765,15.000005,Sí
3135,06-05-25,TEISA 1,Extra,30.03,2.4,72.07,Bus,72.06,Transferencia,TUV-8765,17.0:21,Sí
3136,06-05-25,TEISA 1,Diésel,35.01,1.8,63.02,Motocicleta,63.01,Tarjeta,KLM-4321,0.0:22,No
3137,06-05-25,TEISA 1,Súper,22.8,3.1,70.68,Bus,70.69,Tarjeta,TUV-8765,12.0:47,Sí
3138,06-05-25,TEISA 1,Extra,75.29,2.4,180.7,Bus,180.69,Efectivo,Unidad 303,5.0000000,Sí
3139,06-05-25,TEISA 1,Súper,11.66,3.1,36.15,Motocicleta,36.16,Tarjeta,KLM-4321,18.0:18,No
3140,06-05-25,TEISA 2,Diésel,21.09,1.8,37.96,Sedán,37.97,Efectivo,ABC-1234,20.0:46,Sí
3141,06-06-25,TEISA 2,Súper,7.99,3.1,24.77,SUV,24.77,Tarjeta,ABC-1234,12.0:59,No
3142,06-06-25,TEISA 2,Súper,49.13,3.1,152.3,Bus,152.29,Efectivo,Unidad 404,18.0:17,Sí
3143,06-06-25,TEISA 1,Diésel,18.44,1.8,33.19,Motocicleta,33.2,Efectivo,KLM-4321,11.0:47,Sí
3144,06-06-25,TEISA 1,Súper,17.4,3.1,53.94,Camioneta,53.95,Efectivo,KLM-4321,19.0:48,No
3145,06-06-25,TEISA 1,Súper,5.1,3.1,15.81,Bus,15.81,Tarjeta,KLM-4321,20.0:19,Sí
3146,06-06-25,TEISA 1,Súper,47.76,3.1,148.06,Bus,148.05,Transferencia,Unidad 101,13.0:16,Sí
3147,06-06-25,TEISA 2,Súper,9.93,3.1,30.78,SUV,30.78,Tarjeta,KLM-4321,17.0000000,No
3148,06-07-25,TEISA 1,Extra,29.04,2.4,69.7,Bus,69.7,Tarjeta,TUV-8765,11.000007,Sí
3149,06-07-25,TEISA 2,Súper,9.39,3.1,29.11,Camioneta,29.1,Transferencia,XYZ-5678,8.0:44,Sí
3150,06-07-25,TEISA 1,Diésel,29.56,1.8,53.21,Bus,53.21,Efectivo,KLM-4321,20.0:12,Sí
3151,06-07-25,TEISA 1,Diésel,39.3,1.8,70.74,Bus,70.74,Efectivo,KLM-4321,5.0:12,Sí
3152,06-07-25,TEISA 1,Extra,11.16,2.4,26.78,Camioneta,26.79,Tarjeta,TUV-8765,11.000002,Sí
3153,06-08-25,TEISA 1,Extra,9.2,2.4,22.08,SUV,22.07,Transferencia,TUV-8765,16.0:15,No
3154,06-08-25,TEISA 1,Extra,22.74,2.4,54.58,SUV,54.58,Efectivo,ABC-1234,16.0:55,Sí
3155,06-08-25,TEISA 1,Súper,14.94,3.1,46.31,Sedán,46.31,Transferencia,ABC-1234,14.0:43,Sí
3156,06-08-25,TEISA 1,Súper,18.89,3.1,58.56,Camioneta,58.55,Efectivo,ABC-1234,21.0:29,No
3157,06-08-25,TEISA 1,Extra,80.36,2.4,192.86,Bus,192.86,Transferencia,Unidad 303,12.0:38,Sí
3158,06-09-25,TEISA 2,Extra,57.98,2.4,139.15,Bus,139.15,Tarjeta,Unidad 202,21.0000000,Sí
3159,06-09-25,TEISA 1,Diésel,7.96,1.8,14.33,Camioneta,14.33,Tarjeta,ABC-1234,7.0:39,No
3160,06-09-25,TEISA 1,Diésel,27.56,1.8,49.61,Camioneta,49.6,Transferencia,ABC-1234,0.0:22,No
3161,06-09-25,TEISA 2,Diésel,88.77,1.8,159.79,Bus,159.78,Transferencia,Unidad 101,18.0:49,Sí
3162,06-09-25,TEISA 1,Diésel,29.67,1.8,53.41,Camioneta,53.4,Efectivo,TUV-8765,16.0:35,Sí
3163,06-09-25,TEISA 1,Extra,22.76,2.4,54.62,Sedán,54.62,Transferencia,XYZ-5678,8.0:17,Sí
3164,06-10-25,TEISA 1,Súper,24.15,3.1,74.86,SUV,74.85,Tarjeta,ABC-1234,16.0:45,Sí
3165,06-10-25,TEISA 1,Extra,18.61,2.4,44.66,Camioneta,44.67,Efectivo,XYZ-5678,13.000003,Sí
3166,06-10-25,TEISA 1,Extra,11.53,2.4,27.67,Bus,27.67,Tarjeta,KLM-4321,12.000003,Sí
3167,06-10-25,TEISA 1,Diésel,16.47,1.8,29.65,Motocicleta,29.64,Tarjeta,KLM-4321,0.0:22,Sí
3168,06-10-25,TEISA 1,Extra,69.95,2.4,167.88,Bus,167.88,Tarjeta,Unidad 404,14.000007,Sí
3169,06-10-25,TEISA 1,Diésel,105.89,1.8,190.6,Bus,190.61,Efectivo,Unidad 303,21.0:51,Sí
3170,06-10-25,TEISA 1,Diésel,38.98,1.8,70.16,Bus,70.17,Tarjeta,KLM-4321,11.000003,Sí
3171,06-11-25,TEISA 1,Extra,10.88,2.4,26.11,Sedán,26.12,Tarjeta,XYZ-5678,9.0:28,Sí
3172,06-11-25,TEISA 1,Diésel,104.86,1.8,188.75,Bus,188.74,Tarjeta,Unidad 101,13.0:33,Sí
3173,06-11-25,TEISA 2,Extra,7.36,2.4,17.66,SUV,17.66,Transferencia,TUV-8765,6.0:57,No
3174,06-11-25,TEISA 1,Súper,22.28,3.1,69.07,Sedán,69.06,Tarjeta,KLM-4321,8.0000000,Sí
3175,06-11-25,TEISA 1,Extra,6.8,2.4,16.32,Camioneta,16.32,Efectivo,ABC-1234,17.0:47,No
3176,06-11-25,TEISA 1,Diésel,15.33,1.8,27.59,SUV,27.6,Tarjeta,XYZ-5678,10.0:28,Sí
3177,06-11-25,TEISA 1,Diésel,96.05,1.8,172.89,Bus,172.89,Tarjeta,Unidad 202,12.0:47,Sí
3178,06-11-25,TEISA 1,Extra,50.42,2.4,121.01,Bus,121.01,Tarjeta,Unidad 404,6.000006,Sí
3179,06-12-25,TEISA 1,Extra,17.07,2.4,40.97,Camioneta,40.98,Tarjeta,XYZ-5678,6.0:57,Sí
3180,06-12-25,TEISA 1,Diésel,42.96,1.8,77.33,Motocicleta,77.32,Transferencia,XYZ-5678,5.0:35,Sí
3181,06-12-25,TEISA 1,Diésel,42.44,1.8,76.39,Sedán,76.4,Tarjeta,XYZ-5678,6.0:45,Sí
3182,06-12-25,TEISA 1,Súper,17.41,3.1,53.97,SUV,53.96,Tarjeta,TUV-8765,11.0000000,Sí
3183,06-13-25,TEISA 1,Súper,22.51,3.1,69.78,Motocicleta,69.79,Tarjeta,KLM-4321,14.000005,Sí
3184,06-13-25,TEISA 1,Extra,21.5,2.4,51.6,SUV,51.59,Tarjeta,KLM-4321,20.0:16,No
3185,06-13-25,TEISA 1,Diésel,96.73,1.8,174.11,Bus,174.11,Transferencia,Unidad 202,8.0:51,Sí
3186,06-13-25,TEISA 1,Súper,16.05,3.1,49.76,Camioneta,49.75,Transferencia,ABC-1234,17.0:56,No
3187,06-14-25,TEISA 1,Extra,14.91,2.4,35.78,Bus,35.78,Efectivo,KLM-4321,12.0000000,No
3188,06-14-25,TEISA 1,Extra,18.41,2.4,44.18,Camioneta,44.18,Transferencia,KLM-4321,21.0:35,No
3189,06-14-25,TEISA 1,Diésel,26.28,1.8,47.3,SUV,47.31,Transferencia,TUV-8765,15.0:46,No
3190,06-14-25,TEISA 1,Súper,12.86,3.1,39.87,Sedán,39.86,Transferencia,TUV-8765,11.0:29,No
3191,06-14-25,TEISA 1,Súper,33.31,3.1,103.26,Bus,103.25,Transferencia,Unidad 303,19.0:11,Sí
3192,06-14-25,TEISA 1,Extra,17.66,2.4,42.38,Bus,42.39,Transferencia,TUV-8765,21.0:43,No
3193,06-14-25,TEISA 2,Súper,12.01,3.1,37.23,Camioneta,37.23,Tarjeta,TUV-8765,7.0:35,Sí
3194,06-15-25,TEISA 1,Diésel,71.51,1.8,128.72,Bus,128.71,Efectivo,Unidad 101,8.0:43,Sí
3195,06-15-25,TEISA 1,Súper,21.98,3.1,68.14,SUV,68.13,Transferencia,XYZ-5678,10.0:37,No
3196,06-15-25,TEISA 1,Súper,21.25,3.1,65.88,Bus,65.88,Transferencia,TUV-8765,12.0:57,Sí
3197,06-15-25,TEISA 1,Extra,79.04,2.4,189.7,Bus,189.7,Efectivo,Unidad 101,20.0:24,Sí
3198,06-15-25,TEISA 1,Súper,17.39,3.1,53.91,SUV,53.91,Transferencia,KLM-4321,8.0:57,Sí
3199,06-15-25,TEISA 2,Súper,33.89,3.1,105.06,Bus,105.07,Transferencia,Unidad 404,12.0:21,Sí
3200,06-16-25,TEISA 1,Diésel,33.82,1.8,60.88,Motocicleta,60.87,Transferencia,TUV-8765,19.000008,No
3201,06-16-25,TEISA 2,Diésel,99.46,1.8,179.03,Bus,179.03,Efectivo,Unidad 202,12.0:42,Sí
3202,06-16-25,TEISA 1,Extra,22.79,2.4,54.7,Motocicleta,54.69,Transferencia,ABC-1234,19.0:27,Sí
3203,06-16-25,TEISA 1,Diésel,60.37,1.8,108.67,Bus,108.66,Transferencia,Unidad 404,7.0:16,Sí
3204,06-17-25,TEISA 2,Extra,41.73,2.4,100.15,Bus,100.15,Efectivo,Unidad 202,9.0:39,Sí
3205,06-17-25,TEISA 1,Diésel,13.86,1.8,24.95,Motocicleta,24.95,Efectivo,ABC-1234,7.0:14,Sí
3206,06-17-25,TEISA 1,Extra,16.57,2.4,39.77,Bus,39.77,Transferencia,ABC-1234,18.0:24,Sí
3207,06-17-25,TEISA 1,Diésel,105.98,1.8,190.76,Bus,190.77,Efectivo,Unidad 303,9.0:34,Sí
3208,06-17-25,TEISA 1,Extra,6.36,2.4,15.26,Motocicleta,15.26,Transferencia,KLM-4321,18.0:54,No
3209,06-17-25,TEISA 1,Diésel,28.37,1.8,51.07,Motocicleta,51.07,Efectivo,KLM-4321,8.0000000,No
3210,06-17-25,TEISA 1,Extra,68.17,2.4,163.61,Bus,163.6,Efectivo,Unidad 202,8.0:24,Sí
3211,06-17-25,TEISA 1,Diésel,96.03,1.8,172.85,Bus,172.85,Transferencia,Unidad 101,7.0:43,Sí
3212,06-18-25,TEISA 1,Diésel,37.07,1.8,66.73,Bus,66.73,Efectivo,TUV-8765,11.0:56,Sí
3213,06-18-25,TEISA 1,Súper,15.12,3.1,46.87,Motocicleta,46.86,Efectivo,KLM-4321,16.0:19,Sí
3214,06-18-25,TEISA 1,Súper,21.71,3.1,67.3,SUV,67.31,Tarjeta,ABC-1234,20.0:49,No
3215,06-18-25,TEISA 2,Súper,12.35,3.1,38.28,Camioneta,38.28,Transferencia,XYZ-5678,17.0:19,No
3216,06-18-25,TEISA 1,Súper,23.15,3.1,71.77,Bus,71.75,Tarjeta,KLM-4321,21.000003,No
3217,06-18-25,TEISA 1,Diésel,41.79,1.8,75.22,Bus,75.22,Tarjeta,XYZ-5678,12.0:34,Sí
3218,06-18-25,TEISA 1,Diésel,8.27,1.8,14.89,Sedán,14.88,Tarjeta,XYZ-5678,16.0:41,No
3219,06-18-25,TEISA 2,Diésel,71.71,1.8,129.08,Bus,129.07,Transferencia,Unidad 202,6.000001,Sí
3220,06-19-25,TEISA 1,Diésel,109.08,1.8,196.34,Bus,196.34,Tarjeta,Unidad 404,13.0:42,Sí
3221,06-19-25,TEISA 1,Súper,19.87,3.1,61.6,Bus,61.6,Efectivo,TUV-8765,5.0000000,No
3222,06-19-25,TEISA 2,Diésel,24.77,1.8,44.59,SUV,44.58,Transferencia,TUV-8765,0.0:22,No
3223,06-19-25,TEISA 1,Súper,23.77,3.1,73.69,Camioneta,73.7,Transferencia,TUV-8765,18.0:39,No
3224,06-19-25,TEISA 1,Extra,29.29,2.4,70.3,Camioneta,70.3,Tarjeta,XYZ-5678,17.000006,No
3225,06-19-25,TEISA 1,Diésel,95.97,1.8,172.75,Bus,172.74,Tarjeta,Unidad 404,13.0000000,Sí
3226,06-19-25,TEISA 2,Súper,8.56,3.1,26.54,Motocicleta,26.55,Transferencia,TUV-8765,18.0:17,Sí
3227,06-19-25,TEISA 2,Extra,8.56,2.4,20.54,Sedán,20.54,Tarjeta,XYZ-5678,17.0:33,Sí
3228,06-20-25,TEISA 1,Súper,6.14,3.1,19.03,SUV,19.04,Efectivo,TUV-8765,12.0:13,Sí
3229,06-20-25,TEISA 2,Extra,4.3,2.4,10.32,Sedán,10.32,Transferencia,TUV-8765,8.0:43,No
3230,06-20-25,TEISA 1,Diésel,68.11,1.8,122.6,Bus,122.59,Transferencia,Unidad 101,10.0000000,Sí
3231,06-20-25,TEISA 1,Diésel,27.61,1.8,49.7,Camioneta,49.69,Efectivo,XYZ-5678,5.0:37,No
3232,06-20-25,TEISA 1,Extra,7.88,2.4,18.91,Motocicleta,18.91,Transferencia,ABC-1234,7.0:29,Sí
3233,06-20-25,TEISA 2,Diésel,100.76,1.8,181.37,Bus,181.36,Efectivo,Unidad 202,6.0:29,Sí
3234,06-20-25,TEISA 1,Diésel,18.08,1.8,32.54,Bus,32.55,Tarjeta,KLM-4321,12.0:25,Sí
3235,06-21-25,TEISA 1,Súper,24.21,3.1,75.05,SUV,75.06,Tarjeta,XYZ-5678,18.0:44,Sí
3236,06-21-25,TEISA 2,Súper,12.34,3.1,38.25,SUV,38.25,Tarjeta,ABC-1234,6.0:15,No
3237,06-21-25,TEISA 1,Extra,15.51,2.4,37.22,Motocicleta,37.23,Efectivo,KLM-4321,5.000002,Sí
3238,06-21-25,TEISA 1,Súper,20.55,3.1,63.71,Bus,63.69,Efectivo,TUV-8765,19.000006,No
3239,06-21-25,TEISA 1,Súper,33.93,3.1,105.18,Bus,105.19,Transferencia,Unidad 202,15.0:57,Sí
3240,06-21-25,TEISA 2,Súper,46.62,3.1,144.52,Bus,144.52,Efectivo,Unidad 303,11.0:18,Sí
3241,06-21-25,TEISA 2,Súper,18.36,3.1,56.92,SUV,56.91,Tarjeta,XYZ-5678,17.000007,No
3242,06-21-25,TEISA 1,Súper,20.98,3.1,65.04,Motocicleta,65.05,Efectivo,KLM-4321,21.000007,Sí
3243,06-22-25,TEISA 1,Diésel,102.08,1.8,183.74,Bus,183.75,Tarjeta,Unidad 404,13.0:12,Sí
3244,06-22-25,TEISA 1,Súper,56.05,3.1,173.75,Bus,173.76,Transferencia,Unidad 303,5.0:41,Sí
3245,06-22-25,TEISA 1,Súper,24.41,3.1,75.67,Sedán,75.68,Tarjeta,KLM-4321,8.0:29,Sí
3246,06-22-25,TEISA 1,Súper,14.31,3.1,44.36,Bus,44.35,Tarjeta,KLM-4321,19.0:17,No
3247,06-22-25,TEISA 1,Diésel,87.19,1.8,156.94,Bus,156.94,Transferencia,Unidad 101,6.0:21,Sí
3248,06-22-25,TEISA 1,Diésel,6.84,1.8,12.31,Motocicleta,12.32,Tarjeta,TUV-8765,18.0:44,Sí
3249,06-22-25,TEISA 2,Súper,17.14,3.1,53.13,Sedán,53.12,Tarjeta,KLM-4321,14.000008,Sí
3250,06-22-25,TEISA 1,Extra,26.02,2.4,62.45,Sedán,62.45,Transferencia,ABC-1234,17.0:27,Sí
3251,06-23-25,TEISA 1,Diésel,106.59,1.8,191.86,Bus,191.87,Efectivo,Unidad 303,19.000008,Sí
3252,06-23-25,TEISA 1,Diésel,106.62,1.8,191.92,Bus,191.91,Tarjeta,Unidad 303,6.0:55,Sí
3253,06-23-25,TEISA 1,Diésel,35.79,1.8,64.42,Bus,64.42,Transferencia,XYZ-5678,19.0:12,No
3254,06-23-25,TEISA 1,Súper,47.21,3.1,146.35,Bus,146.35,Transferencia,Unidad 101,8.0:15,Sí
3255,06-23-25,TEISA 1,Diésel,109.69,1.8,197.44,Bus,197.45,Tarjeta,Unidad 202,9.0:48,Sí
3256,06-24-25,TEISA 1,Diésel,22.89,1.8,41.2,SUV,41.2,Efectivo,ABC-1234,10.0000000,No
3257,06-24-25,TEISA 1,Diésel,35.4,1.8,63.72,Bus,63.72,Efectivo,KLM-4321,15.0:42,No
3258,06-24-25,TEISA 1,Diésel,26.93,1.8,48.47,SUV,48.48,Transferencia,XYZ-5678,6.0:27,Sí
3259,06-24-25,TEISA 1,Súper,56.45,3.1,175.0,Bus,174.99,Efectivo,Unidad 404,7.0:54,Sí
3260,06-24-25,TEISA 1,Súper,25.03,3.1,77.59,Bus,77.6,Transferencia,XYZ-5678,19.0:57,No
3261,06-25-25,TEISA 1,Diésel,42.63,1.8,76.73,Motocicleta,76.74,Transferencia,ABC-1234,8.0:37,No
3262,06-25-25,TEISA 1,Súper,7.76,3.1,24.06,Camioneta,24.05,Transferencia,TUV-8765,5.000001,No
3263,06-25-25,TEISA 1,Extra,32.54,2.4,78.1,SUV,78.09,Tarjeta,XYZ-5678,5.0:13,No
3264,06-25-25,TEISA 1,Extra,21.34,2.4,51.22,Sedán,51.22,Tarjeta,TUV-8765,17.0:31,Sí
3265,06-25-25,TEISA 1,Extra,61.67,2.4,148.01,Bus,148.0,Efectivo,Unidad 404,13.0:23,Sí
3266,06-26-25,TEISA 1,Diésel,18.67,1.8,33.61,Camioneta,33.6,Transferencia,KLM-4321,13.0:36,No
3267,06-26-25,TEISA 1,Diésel,43.54,1.8,78.37,Camioneta,78.37,Tarjeta,ABC-1234,17.0000000,No
3268,06-26-25,TEISA 1,Diésel,61.58,1.8,110.84,Bus,110.85,Efectivo,Unidad 101,12.000001,Sí
3269,06-26-25,TEISA 2,Extra,74.44,2.4,178.66,Bus,178.66,Tarjeta,Unidad 404,15.0:44,Sí
3270,06-26-25,TEISA 1,Súper,16.4,3.1,50.84,Motocicleta,50.83,Tarjeta,KLM-4321,11.0:38,Sí
3271,06-27-25,TEISA 1,Diésel,73.87,1.8,132.97,Bus,132.97,Transferencia,Unidad 202,17.0:34,Sí
3272,06-27-25,TEISA 1,Diésel,36.67,1.8,66.01,Sedán,66.01,Tarjeta,KLM-4321,18.0:11,No
3273,06-27-25,TEISA 1,Súper,16.81,3.1,52.11,Bus,52.11,Efectivo,ABC-1234,18.0:17,No
3274,06-27-25,TEISA 1,Extra,16.43,2.4,39.43,Sedán,39.43,Efectivo,XYZ-5678,10.0:57,Sí
3275,06-27-25,TEISA 1,Súper,42.89,3.1,132.96,Bus,132.97,Transferencia,Unidad 101,9.0:49,Sí
3276,06-27-25,TEISA 1,Súper,15.1,3.1,46.81,SUV,46.8,Tarjeta,ABC-1234,20.0:31,Sí
3277,06-27-25,TEISA 1,Extra,24.53,2.4,58.87,Sedán,58.86,Tarjeta,ABC-1234,13.000002,No
3278,06-28-25,TEISA 2,Extra,11.92,2.4,28.61,SUV,28.6,Efectivo,KLM-4321,15.000009,No
3279,06-28-25,TEISA 1,Súper,17.44,3.1,54.06,Motocicleta,54.05,Transferencia,KLM-4321,17.0000000,No
3280,06-28-25,TEISA 2,Extra,75.38,2.4,180.91,Bus,180.92,Tarjeta,Unidad 101,8.0:48,Sí
3281,06-28-25,TEISA 1,Diésel,106.18,1.8,191.12,Bus,191.13,Efectivo,Unidad 303,5.0:18,Sí
3282,06-28-25,TEISA 1,Súper,22.61,3.1,70.09,Sedán,70.09,Efectivo,KLM-4321,14.000003,Sí
3283,06-29-25,TEISA 1,Súper,63.09,3.1,195.58,Bus,195.58,Tarjeta,Unidad 404,7.0:31,Sí
3284,06-29-25,TEISA 1,Diésel,44.4,1.8,79.92,Sedán,79.92,Transferencia,ABC-1234,14.0:54,No
3285,06-29-25,TEISA 1,Extra,45.6,2.4,109.44,Bus,109.43,Efectivo,Unidad 404,16.000007,Sí
3286,06-29-25,TEISA 1,Súper,44.71,3.1,138.6,Bus,138.6,Efectivo,Unidad 101,7.0000000,Sí
3287,06-29-25,TEISA 2,Súper,37.51,3.1,116.28,Bus,116.29,Transferencia,Unidad 404,11.0:19,Sí

